:02000000ff00ff
:080002004c6174746963650030
:17000a00694345637562653220323032302e31322e32373934330071
:15002100506172743a2069434534305550354b2d53473438002c
:1b003600446174653a2041756720323320323032362031303a30303a3434008e
:0200510000ffae
:040053007eaa997e6a
:02005700510056
:0200590001059f
:03005b00920020f0
:03005e006202b388
:03006100720150d9
:0300640082000017
:02006700110086
:02006900010193
:20006b00000000000000000000000010000000000000400000000000010000000000000420
:20008b000000000000001000000000000040000000001000000000000040000000000001b4
:1600ab0000000000000004000000000000100000000800004000e3
:2000c1000000000000000000000000020000000000000800000000000020000000000000f5
:2000e100800000000000020000000000000800000000020000000000000000000000000073
:170101000000000000000080000000000002000000009000080000cd
:200118000000000000000000000000000000000000000000000000000000000000000000c7
:20013800000000000000000000400000000010000000000000000000000000010000000056
:160158000000000000000000000000000000000000000000000091
:20016e00000000000000000000000000000000000000000000000000000000000000000071
:20018e0000000000000000000000000000040000000001000000000000000000000000004c
:1701ae0010000000000000000000000000000000000000000000002a
:2001c50000000000000000000000000000000000000000000000000000000000000000001a
:2001e5000000000000000000000000000000000000000000000000000000000000000000fa
:1602050000000000000000000000000000000000000000000000e3
:20021b000000000000000000000000000000000000000000000000000000000000000000c3
:20023b000000000000000000000000000000000000000000000000000000000000000100a2
:17025b0000000000000000000000000000000000000000000000008c
:2002720000000000000000000000000000000000000000000000000000000000000000006c
:20029200000000000000000000000001000000000440000000000000000000000000040003
:1602b2000000000000000000000000000000000000000000000036
:2002c800000000000000000000000000000000000000000000000000000000000000000016
:2002e8000000000000000000000000004000000000000000000000000000000000000000b6
:170308000000000000000000000000000000000000000000000000de
:20031f000000000000000000000000000000000000000000000000000000000000000000be
:20033f000000000000401000000000030040000000c01000000000000040000000200801d2
:16035f000000000000000000000000000000000000000000000088
:20037500000000000000000000000000000000000000000000000000000000000000000068
:20039500000000000000000000000000000000000000000000000000000000000001c00087
:1703b500000000000000000000000000000000000000000000000031
:2003cc00000000000000000000000000000000000000000000000000000000000000000011
:2003ec00000010000000000000000000000000000000000000000000000000000000000cd5
:16040c000000000000000000000000000000000000000000c0001a
:200422000000000000000000000000000000000000000000000000000000000000000000ba
:20044200000000000000000000000000000000000000000000080000000000002000000072
:1704620040000000000000000000000000000000000000000c000037
:20047900000000000000000000000000000000000000000000000000000000000000000063
:20049900000000000000000000000000000000000000000000000000000000000000000043
:1604b900000000000000000000000000000000000000000000002d
:2004cf0000000000000000000000000000000000000000000000000000000000000000000d
:2004ef000000010000000000000400000000010000000000000400000000000010000000d3
:17050f000000000000000000000000000000000000000000000000d5
:200526000000000000000000000000000000000000000000000000000000000000000000b5
:2005460000000000004000000000000100000000004000000000000100000000000004000f
:16056600000000000000000000000000000000000000000000007f
:20057c0000000000000000000000000000000000000000000000000000000000000000005f
:20059c000000000000000000000000010000000000400000000800000000000020000000d6
:1705bc00000000000000000000000000000000000000000000000028
:2005d300000000000c302000000000000000000000000000000000000000000000000000ac
:2005f3000000000000000000000000000000000000000000000000000000000000000000e8
:1606130000000000000000000000000000000000000000000000d1
:200629000000000000c30000000000000000000000000000000000000000000000000000ee
:20064900000000000000000000010000000000000000000000000000000000000000000090
:1706690000000000000000000000000000000000000000000000007a
:20068000000000000c302000000000000000000000000000000000000000000000000000fe
:2006a0000000000000000000060000000001800000000000000000000000000000000000b3
:1606c0000000000000000000000000000000000000000000000024
:2006d6000000000000c3000000000000000000000000000000000000000000000000000041
:2006f6000000000000000000000000000000000000000000000000000000000028000000bc
:170716000000000000000000000000000000000000000000000000cc
:20072d00000000000c30200000000000000000000000000000000000000000000000000050
:20074d0000000000000000000000000000000300000383d000000000000000000000000033
:16076d000000000000000000000000000000000000000000000076
:200783000000000000c3000000000000000000000000000000000000000000000000000093
:2007a300000000000000000000000000000000000000003c040000000000000000000000f6
:1707c30000000000000000000000000000000000000000000000001f
:2007da00000000000c302000000000000000000000000000000000000000000000000000a3
:2007fa00000000000000000000001c000000000000000000000000000000000000000000c3
:16081a0000000000000000000000000000000000000000000000c8
:200830000000000000c30000000000000000000000000000000000000000000000000000e5
:20085000000000000000000000000000000000000000000000000000000000000000000088
:17087000000000000000000000000000000000000000000000000071
:20088700000000000c302000000000000000000000000000000000000000000000000000f5
:2008a700000000000000000000000078c010000000000000000000000000000000000000e9
:1608c70000000000000000000001800000000000000e000000008c
:2008dd000000000000c3000000000000000000000000000000000000000000000000000038
:2008fd000000000000000000000000000200000000000000000000000000000000000000d9
:17091d000000000000000000000000000000000000002000000000a3
:20093400000000000c30200000000000000000000000000000000000000000000000000047
:20095400000000000000000000000000000000000000000000000000000000000000000083
:16097400000000000000000000000000000000000000000000006d
:20098a000000000000c300000000000000000000000000000000000000000000000000008a
:2009aa0000000000000000000000000000000000000000000000000000000000000000002d
:1709ca00000000000000000000000000000000000000000000000016
:2009e100000000000c3020000000000000000000000000000000000000000000000000009a
:200a01000000000000000000000000000000000000000000000000000000000000000000d5
:160a2100000000000000000000000000000000000000000c0f00a4
:200a37000000000000c30000000000000000000000000000000000000000000000000000dc
:200a570000000000000000000000000000000000f00000000000000000000000000000008f
:170a7700000000000000000000000000000000000000000000f00078
:200a8e00000000000c302000000000000000000000000000000000000000000000000000ec
:200aae000000000000000000040000000000000000000000000080000000000000000000a4
:160ace000000000000000000000000000000000000000000000012
:200ae4000000000000c300000000000000000000000000000000000000000000000000002f
:200b0400000000000000000000c00000000000000000000000001000000000000000000001
:170b24000000000000000000000000000000000000000000000000ba
:200b3b00000000000c3020000000000000000000000000000000000000000000000000003e
:200b5b0000000000000000000010000000000000000000000000000000000000000000006a
:160b7b000000000000000000000000000000000000000000000064
:200b91000000000000c3000000000000000000000000000000000000000000000000000081
:200bb1000000000000000000000100038000000000000000000000000000000000000000a0
:170bd10000000000000000000000000000000000000000000000000d
:200be800000000000c30200000000000000000000000000000000000000000000000000091
:200c0800000000000000000006100c000000000000000000000000000000000000000000aa
:160c280000000000000000000000000000000000000000000000b6
:200c3e000000000000c30000000000000000000000000000000000000000000000000000d3
:200c5e00000000000000000000016000000000000000000000000000000000000000000015
:170c7e0000000000000000000000000000000000000000000000005f
:200c9500000000000c302000000000000000000000000000000000000000000000000000e3
:200cb50000000000000000000400800000000000000000000000000000000000000000009b
:160cd5000000000000000000000000000000000000000000000009
:200ceb000000000000c3000000000000000000000000000000000000000000000000000026
:200d0b00000000000000000000410000000000000000000000000000000000000000000087
:170d2b000000000000000000000000000000000000000000000000b1
:200d4200000000000c30200000000000000000000000000000000000000000000000000035
:200d6200000000000000000000001c00000000100000000000000000000000000000000045
:160d8200000000000000000000000000000000000000000000005b
:200d98000000000000c3000000000000000000000000000000000000000000000000000078
:200db8000000000000000000000100200000000000000000000000000000000000000000fa
:170dd800000001000000000000000000000000000000000000000003
:200def00000000000c30200000000000000000000000000000000000000000000000000088
:200e0f00000000000000000000014000600000000000000000000000000000000000000022
:160e2f0000000000000000000000000000000000000000000000ad
:200e45000000000000c30000000000000000000000000000000000000000000000000000ca
:200e650000000000000000000000000000020000000000000000000000000000000000006b
:170e8500000000000000000000000000000000000000000000000056
:200e9c00000000000c302000000000000000000000000000000000000000000000000000da
:200ebc00000000000000000000000000000000000000000000000000000000000000000016
:160edc0000000000000000000000000000000001000000000000ff
:200ef2000000000000c300000000000000000000000000000000000000000000000000001d
:200f12000000000000000000000000000000000000000000000000000000000000000000bf
:170f32000000000000000000000000000000000000000000000000a8
:200f4900000000000c3020000000000000000000000000000000000000000000000000002c
:200f6900000000000000000000000000000000000000000000000000000000000000000068
:160f89000000000000000000000000000000000000000000000052
:200f9f000000000000c300000000000000000000000000000000000000000000000000006f
:200fbf00000000000000000000000000000000000000000000000000000000000000000012
:170fdf000000000000000000000000000000000000000000000000fb
:200ff600000000000c3020000000000000000000000000000000000000000000000000007f
:201016000000000000000000040000000000000000000000000000000000000000000000b6
:1610360000000000000000000000000000000000000000000000a4
:20104c000000000000c30000000000000000000000000000000000000000000000000000c1
:20106c00000000000000000000c000000000000000000000000000000000000000000000a4
:17108c0000000000000000000000000000000000000000000000004d
:2010a300000000000c302000000000000000000000000000000000000000000000000000d1
:2010c30000000000000000000000000000000000000000000000000000000000000000000d
:1610e30000000000000000000000000000000000000000000000f7
:2010f9000000000000c3000000000000000000000000000000000000000000000000000014
:201119000000000000000000000100000000000000000000000000000000000000000000b5
:1711390000000000000000000000000000000000000000000000009f
:20115000000000000c30200000000000000000000000000000000000000000000000000023
:20117000000000000000000006000000000000000000000000000000000000000000000059
:161190000000000000000000000000000000000600000000000043
:2011a6000000000000c3000000000000000000000000000000000000000000000000000066
:2011c600000000000000000000000000000000000000000000000000000000000000000009
:1711e6000000000000000000000000000000000000000000000000f2
:2011fd00000000000c30200000000000000000000000000000000000000000000000000076
:20121d000000000000000000000000000000000000000000000000000000000000000000b1
:16123d00000000000000000000000000000000000000000000009b
:201253000000000000c30000000000000000000000000000000000000000000000000000b8
:2012730000000000000000000000000000000000000000000000000000000000000000005b
:17129300000000000000000000000000000000000000000000000044
:2012aa00000000000c302000000000000000000000000000000000000000000000000000c8
:2012ca00000000000000000001000000000000000000000000000000000000000000000003
:1612ea0000000000000000000000000000000000000000000000ee
:201300000000000000c300000000000000000000000000000000000000000000000000000a
:2013200000000000000000000010000000000000000000000000000000000000000000009d
:17134000000000000000000000000000000000000000000000000096
:20135700000000000c3020000000000000000000000000000000000000000000000000001a
:20137700000000000000000000001c00c0400000000000000000000000000000000000003a
:161397000000000000000000000000000000000000000000000040
:2013ad000000000000c300000000000000000000000000000000000000000000000000005d
:2013cd000000000000000000000040000000000000000000000000000000000000000000c0
:1713ed000000000000000000000000000000000000000000000000e9
:20140400000000000c3020000000000000000000000000000000000000000000000000006c
:201424000000000000000000000000000000000000000000000000000000000000000000a8
:161444000000000000000000000000000000000000000000000092
:20145a000000000000c30000000000000000000000000000000000000000000000000000af
:20147a00000000000000000000000000000000000000000000000000000000000000000052
:17149a0000000000000000000000000000000000000000000000003b
:2014b100000000000c302000000000000000000000000000000000000000000000000000bf
:2014d1000000000000000000000e00000000000000000000000000000000000000000000ed
:1614f100000000800000000000000000000000002000040e0f40e4
:201507008000000000c3000000000000000000000000000000000000000000000000000081
:201527000000000000000000000000000000000000000000000000000000000000000000a4
:17154700000000000000000000000000000000000400038100f00015
:20155e00000000000c30200000000000000000000000000000000000000000000000000011
:20157e0000000000000000000c000e00000000000000000000000000000000000000000033
:16159e000000000000000000000000000000000000000000000037
:2015b4000000000000c3000000000000000000000000000000000000000000000000000054
:2015d400000000000000000000c00020000000000000000000000000000000000000000017
:1715f4000000000000000000000000000000000000000000000000e0
:20160b00000000000c30200000000000000000000000000000000000000000000000000063
:20162b0000000100000000000010000000000000000000000000000000000000000000008e
:16164b000000000000000000000000000000000000000000000089
:201661000000000000c30000000000000000000000000000000000000000000000000000a6
:20168100000000000000000000010000000000000000000000000000000000000000000048
:1716a100000000000000000000000000000000000000000000000032
:2016b800000000000c302000000000000000000000000000000000000000000000000000b6
:2016d8000000000000000000061000000000000000000000000000000000000000000000dc
:1616f80000000000000000000000000000000000000000000000dc
:20170e000000000000c30000000000000000000000000000000000000000000000000000f8
:20172e0000000000000000000001600000000000000000000000000000000000000000003a
:17174e00000000000000000000000000000000000000000000000084
:20176500000000000c30200000000000000000000000000000000000000000000000000008
:2017850000000000000000000c1000000000000000000000000000000000000080000000a8
:1617a500000000000000000000000000000000000000000000002e
:2017bb000000000000c300000000000000000000000000000000000000000000000000004b
:2017db000000000000000000004100000000000000000000000000000000000000000000ad
:1717fb000000000000000000000000000000000000000000000000d7
:20181200000000000c3020000000000000000000000000000000000000000000000000005a
:20183200000000000000000000102000000000000000000000000000000000000000000066
:161852000000000000000000000000000000000000000000000080
:201868000000000000c300000000000000000000000000000000000000000000000000009d
:201888000000000000000000000101c000000000000000000000000000000000000000007e
:1718a800000000000000000000000000000000000000000000000029
:2018bf00000000000c302000000000000000000000000000000000000000000000000000ad
:2018df00000000000000000000000001600000000000000000000000000000000000000088
:1618ff0000000000000000000000000000000000000000000000d3
:201915000000000000c30000000000000000000000000000000000000000000000000000ef
:20193500000000000000000000000003800800000000000000000000000000000000000007
:1719550000000000000000000000000000000000000000000000007b
:20196c00000000000c302000000000000000000000000000000000000000000000000000ff
:20198c0000000000000000000000000000000000000000000000000000000000000000003b
:1619ac000000000000000000000000000000000000000000000025
:2019c2000000000000c3000000000000000000000000000000000000000000000000000042
:2019e2000000000000000000000000000000000000000000000000000000000000000000e5
:171a020000000000800000000000000000000000000000000000004d
:201a1900000000000c30200000000000000000000000000000000000000000000000000051
:201a390000000000000000000000000000000000000000000000000000000000000000008d
:161a59000000000000000000000000000000000000000000000077
:201a6f000000000000c3000000000000000000000000000000000000000000000000000094
:201a8f000000000000000000000100000000004000000000000000000000000000000000f6
:171aaf0000000000000000000000000000000000010000000000001f
:201ac600000000000c302000000000000000000000000000000000000000000000000000a4
:201ae60000000000000000000c000e0000002800000000000000000000000000000000009e
:161b060000000000000000000000000000000000000000000000c9
:201b1c000000000000c30000000000000000000000000000000000000000000000000000e6
:201b3c00000000000000000000c000000000000000000000000000000000000000000000c9
:171b5c00000000000000000000000000000000000000000000000072
:201b7300000000000000000000000000000000000000000000000000000000000000000052
:201b9300000000000000000000000000000000000000000000000000000000000000000032
:161bb300000000000000000000000000000000000000000000001c
:201bc9000000000000000000000000000000000000000000000000000000000000000000fc
:201be9000000000000000000000100000000000000000000000000000000000000000000db
:171c09000000000000000000000000000000000000000000000000c4
:201c20000000000000000000000000000000000000000000000000000000000000000000a4
:201c40000000000000000000060000000000000000000000000080000000000000000000fe
:161c6000000000000000000000000000000000000000000000006e
:201c760000000000000000000000000000000000000000000000000000000000000000004e
:201c960000000000000000000000000000000000000000000000100000000000000000001e
:171cb600000000000000000000000000000000000000000000000017
:201ccd000000000000000000000000000000000000000000000000000000000000000000f7
:201ced000000000000000000000000000000000000000000000000000000000000000000d7
:161d0d0000000000000000000000000000000000000000000000c0
:201d23000000000000000000000000000000000000000000000000000000000000000000a0
:201d4300000000000000000000000000000000000000000000000000000000000000000080
:171d6300000000000000000000000000000000000000000000000069
:201d7a00000000000000000000000000000000000000000000000000000000000000000049
:201d9a00000000000000000000000e0000000000000000000000000000000000000000001b
:161dba000000000000000000000000000000000000000000000013
:201dd0000000000000000000000000000000000000000000000000000000000000000000f3
:201df0000000000000000000000000200000000000000000000000000000000000000000b3
:171e10000000000000000000000000000000000000000000000000bb
:201e270000000000000000000000000000000000000000000000000000000000000000009b
:201e4700000000000000000000000001c004000000000000000000000000000000000000b6
:161e67000000000000000000000000000000000000000000000065
:201e7d00000000000000000000000000000000000000000000000000000000000000000045
:201e9d00000000000000000000000000020000000000000000000000000000000000000023
:171ebd0000000000000000000000000000000000000000000000000e
:201ed4000000000000000000000000000000000000000000000000000000000000000000ee
:201ef4000000000000000000000000000000000000000000000000000000000000000000ce
:161f140000000000000000000000000000000000000000000000b7
:201f2a00000000000000000000000000000000000000000000000000000000000000000097
:201f4a00000000000000000000000000000000000000000000000000000000000000000077
:171f6a00000000000000000000000000000000000000000000000060
:201f8100000000000000000000000000000000000000000000000000000000000000000040
:201fa1000000000000000000000000000000000000000000000040000000000040000000a0
:161fc1000000000000000000000400000000000000000000000006
:201fd7000000000000000000000000000000000000000000000000000000000000000000ea
:201ff700000000000000000000010003c000004000000000000100000000000004000000c1
:17201700000000100000000000004000000000000100000000000061
:20202e00000000000000000000000000000000000000000000000000000000000000000092
:20204e0000000000000000000400000000000000000000000010000000000000400000001e
:16206e000000010000000000000400000000000010000000000047
:2020840000000000000000000000000000000000000000000000000000000000000000003c
:2020a400000000000000000000c0000000000000000000000000000000000000000000005c
:1720c400000000000000000000000000000000000000000000000005
:2020db000000000000000000000000000000000000000000000000000000000000000000e5
:2020fb00000000000000000000900000000000000100000000000000000000000000000034
:16211b0000000040004000000000000a0000000000000000000024
:2021310000000000000000000000000000000000000000000000000000000000000000008e
:202151000000000000000000000100038000000000f00000000000000000000000000000fa
:1721710000000000002800000000000100000000000000000000002e
:20218800000000000000000000000000000000000000000000000000000000000000000037
:2021a80000000000000000000610000000018000000203d0260000000000001800500dee22
:1621c800b4000000000000000000000072a940000000034ca520de
:2021de000000000000000000000000000000000000000000000000000000000000000000e1
:2021fe00000000000000000000010000000000000000403c0000000000000000000080ba0a
:17221e0001004000340000000000000099c2a80000000014055000c8
:20223500000000000000000000000000000000000000000000000000000000000000000089
:20225500000000000000000004100000000000200000000000002000000000300000077a64
:1622750081000000028000000000001e3b828000001628000000b7
:20228b00000000000000000000000000000000000000000000000000000000000000000033
:2022ab00000000000000000000414c000000000400000000000003c00000000200100000ad
:1722cb002800000000400000000000010f4000000000040000000040
:2022e2000000000000000000000000000000000000000000000000000000000000000000dc
:20230200000000000000000000101c00000000000000000000000000000000000070a0007f
:1623220000000000068000000000001a1ea0008000800000000047
:20233800000000000000000000000000000000000000000000000000000000000000000085
:202358000000000000000000000100200000000000000000000000000000000000009000b4
:1723780000000000002c00000000000000c2000010134000000000fd
:20238f0000000000000000000000000000000000000000000000000000000000000000002e
:2023af000000000000000000000e0000e010000000000000000000000a0f480000000000af
:1623cf0000000400070000000000000000000000002000000000cd
:2023e5000000000000000000000000000000000000000000000000000000000000000000d8
:202405000000000000000000000000000200000000000000000000000000f00000000c00b9
:17242500000000000040000000000000000000000003c0000000009d
:20243c00000000000000000000000000000000000000000000000000000000000000000080
:20245c000000000000000000000000380000000000000000000000000000000000008000a8
:16247c0000000001c026a0a000000500000000000000000000001e
:2024920000000000000000000000000000000000000000000000000000000000000000002a
:2024b2000000000000000000000000000000000000000000000000000000000000001000fa
:1724d200000000000200d00000000008000000000000000000000019
:2024e9000000000000000000000000000000000000000000000000000000000000000000d3
:20250900000000000000000000000000000000000000000000000000000000000080000032
:1625290000000000068da0103000000a00000000001c0000000003
:20253f0000000000000000000000000000000000000000000000000000000000000000007c
:20255f00000000000000000000000000000000000000000000000000000000000003000059
:17257f00000000000003f00000000000b00000000000200000000082
:20259600000000000000000000000000000000000000000000000000000000000000000025
:2025b6000000000000000000040000000000000000000000000000000000000000000302fc
:1625d600950400000005a0a00000000000000000000007ca00013f
:2025ec000000000000000000000000000000000000000000000000000000000000000000cf
:20260c00000000000000000000c00000000000000000000000000000000000000003007873
:17262c00000000000000300a2000000000000000000003bd00a000dd
:20264300000000000000000000000000000000000000000000000000000000000000000077
:20266300000000000000000000000000000000000138002000000068c8d140000031f72075
:1626830000000040003d80200000800072bc300040000000000006
:20269900000000000000000000000000000000000000000000000000000000000000000021
:2026b9000000000004000000000100000000000000b03400000003423f95200000000a9c39
:1726d900028040000000eda12000003000203c2000000000000000ce
:2026f0000000000000000000000000000000000000000000000000000000000000000000ca
:2027100000000000000000000600000000018008007a65a0060000005f08001800101033c3
:1627300000086001601fc0f001800000723c30060840040000004a
:20274600000000000000000000000000000000000000000000000000000000000000000073
:20276600000000000000000000000000000000007000b258040000000da00000080d8b0088
:17278600300000000000c00f0000000000003c040009c3c000000071
:20279d0000000000000000000000000000000000000000000000000000000000000000001c
:2027bd0000000000000000000000000000000000003a65a000000003fc80020008f1816f53
:1627dd009d80d0000000ea0400000019523c300c0014056d810021
:2027f3000000000000000000000000000000000000000000000000000000000000000000c6
:202813000000000000000000000000000000000100002a58040800001c00000000050ab338
:172833007bc208800038c0500100003080803c00801402d5d41004c1
:20284a0000000000000000000000000000000000000000000000000000000000000000006e
:20286a0000000000000000000000000000000007183265a0000034381ad0020004980b29d0
:16288a00558000000020ca0400000199523c30000024007aa0409f
:2028a000000000000000000000000000000000000000000000000000000000000000000018
:2028c0000000000000000000000000024000000008003258000000665c0e001000070c5cd5
:1728e0003c0200000001c0502000000080803c000001e0000a00004b
:2028f7000000000000000000000000000000000000000000000000000000000000000000c1
:20291700000040000000000000000001601000081a3a44b000001463deb5420000001f2c08
:16293700200000006040afa4001000007a3c38008a1c3ac0a541f3
:20294d0000000000000000000000000000000000000000000000000000000000000000006a
:20296d000000000000000000000040000200000050ef3210800000002f0300000007089333
:17298d00000000003428d0f50100000000003c0000002404000200ab
:2029a400000000000000000000000000000000000000000000000000000000000000000013
:2029c4000000000000000000000000000000000d001244b400000e280000000000b80fedf2
:1629e40041010000404eca04001000005a3c320006000078f540b4
:2029fa000000000000000000000000000000000000000000000000000000000000000000bd
:202a1a0000000000000000000000000000000000100bb210000000238000000000070f3acc
:172a3a0028881000363420a02000800000003c00000002810f5010cd
:202a5100000000000000000000000000000000000000000000000000000000000000000065
:202a7100000000000000000000000000000000001a3a44b0000004397d1a01000080003870
:162a9100144000000041ca05100009805a3c3000040003400040e5
:202aa70000000000000000000000000000000000000000000000000000000000000000000f
:202ac70000000000000000000000000000000000000f2210800002425fb3f00000170b5472
:172ae700028000002c20c0500000001000803c00001400060a5004b6
:202afe000000000000000000000000000000000000000000000000000000000000000000b8
:202b1e0000000000000000000c000e0000000000085a44b040003c7000000000000085e6d0
:162b3e0088000000e0000000000008005a15500000000000000052
:202b5400000000000000000000000000000000000000000000000000000000000000000061
:202b7400000000000000000000c0002000000000010bb21000000146c0000000000010d2aa
:172b9400d48000000e000000000000100081540400000000000000df
:202bab0000000000000000000000000000000000000000000000000000000000000000000a
:202bcb000000000000000000001c000000000008193a04b00000006ec8d140000078d92304
:162beb00d5600001400400080000001e7e8cc000000001ff630007
:202c01000000000000000000000000000000000000000000000000000000000000000000b3
:202c210000000000000000000001000000000000118d2210100000026fa5200001801a548d
:172c41003c08408000000000020005f0c53330000001c3adb39000a5
:202c580000000000000000000000000000000000000000000000000000000000000000005c
:202c780000000000000000000610000000018008017244b00600000548f5001800518f33c3
:162c980045400001c01ca0f801a8070a76a10087000002082102a7
:202cae00000000000000000000000000000000000000000000000000000000000000000006
:202cce000000000000000000000100000000000090b9321000000003c30f520000010ebf65
:172cee00948000000000000f00010011094084001000401501200047
:202d05000000000000000000000000000000000000000000000000000000000008000000a6
:202d250000000000000000000c10800000000000183a04b0000004600eef2001385181b4ac
:162d45006800000147be9420010007807f1ec00c021c00cec76250
:202d5b00000000000000000000000000000000000000000000000000000000000000000058
:202d7b0000000000000000000041000000000000010d26100000000424bdf0142a8010d33d
:172d9b00ae800000027ccd83201005000733b400c00020160d3800c7
:202db200000000000000000000000000000000000000000000000000000000000000000001
:202dd200000000000000000000100000000000550a3265a000000002002442b000f800002b
:162df2000000000346d6b5e003002f1ebf0f588c06006f4ca14073
:202e080080000000000000000000000000000000000000000000000000000000000000002a
:202e2800000000000000000000010000000000100900325800000040140180070001800089
:172e4800000000061427782e083000b10181f200c0024214ed180012
:202e5f00000000000000000000000000000000000000000000000000000000000000000053
:202e7f00000000000000000000000001c0000008003a65a000000071fe05000000501dbd8d
:162e9f0001000000000000000010000073bc000020a02f7c8400ee
:202eb5000000000000000000000000000000000000000000000000000000000000000000fd
:202ed5000000000000000000000000038008000050002e58000001400e00f00020070e17f1
:172ef500494050060000000000020090c1803c00080047dd8210001a
:202f0c000000000000000000000000000000000000000000000000000000000000000000a5
:202f2c0000000000000000000000000000000005801a65a000005c00ce4202000001cf2083
:162f4c00004000006040000000000b9df6b3d08000802b4ec762cc
:202f620000000000000000000000000000000000000000000000000000000000000000004f
:202f8200000000000000000000000000000000000000b25880000823bd043000000008146d
:172fa20001402000be3400000000381983012a80003004340e380098
:202fb9000000000000000000000000000000000000000000000000000000000000000000f8
:202fd90000000000000000000000000000000001803a65a000001c2400000000023189ea32
:162ff90088000020600fa05000000f8006154000001e6a0e5500e6
:20300f000000000000000000000000000000000000000000000000000000000000000000a1
:20302f000000000000000000000000400000000000002258000003660000000000431b936d
:17304f00148000000000000501400058a342a8000403e2dd0aa0003b
:2030660000000000000000000000000000000000000000000000000000000000000000004a
:2030860000000000000000000c001c000000000000da3c0000000003d8a5000000700d27c8
:1630a6009d8500026037fa7001002000b74f5044003c020db10038
:2030bc000000000000000000000000000000000000000000000000000000000000000000f4
:2030dc00000000000000000000c00020000000000003003c000001428d0552000001809776
:1730fc00bdc000003e014b01001005f001b5f2014000e3bde720041c
:20311300000000000c30200000000000000000000000000000000000000000000000000040
:20313300000000000000000000000000000000001903bc1800017c014fbd50000480033dee
:163153004900040063948a000000078b574cc000021c63dcf50051
:203169000000000000c3000000000000000000000000000000000000000000000000000083
:203189000000000000000000000100000000000000d003c0000000628ecfd000002b091ab5
:1731a900988e1020000010a00000085889af30000000c01e0a000059
:2031c000000000000c30200000000000000000000000000000000000000000000000000093
:2031e000000000000000000006000000000180038e3eb050060094005ca5001a0000af32e3
:16320000bc0060a8022ee504b180000e028840860680021ca30203
:203216000000000000c30000000000000000000000000000000000000000000000000000d5
:203236000000000000000000000000000000000058e3be0c200017e005055010100509d8fc
:173256003fc000005c2a402121000011074048000004002c05300055
:20326d00000000000c302000000000000000000000000000000000000000000000000000e5
:20328d00000000000000000000000000000000151e9344001c000029fe0610001000037a31
:1632ad00f4880021e3a5fa000b038d0b1231d894001c3848d12208
:2032c3000000000000c3000000000000000000000000000000000000000000000000000028
:2032e3000000000000000000000000000000000050a3b80000c00003e6e050080015009496
:173303002b400000ae3959420030001091438e02c017e0010d10004d
:20331a00000000000c30200000000000000000000000000000000000000000000000000037
:20333a00000040000000000000000e00000000098aba169010000600080f0000009197627b
:16335a0080050421c294e1a00300001817b95001028003ca400011
:203370000000000000c300000000000000000000000000000000000000000000000000007a
:2033900000000000000000000000002000000000b807c3d4000000200100f010000108007d
:1733b000280000820223db3f08300000012b02020010021ea4a00041
:2033c700000000000c3020000000000000000000000000000000000000000000000000008a
:2033e700000000000000000000000001c01020018ab6b45000002038000000000098fd6e35
:16340700800000100245f8101000180e9ab1d400001c3cdaea500f
:20341d000000000000c30000000000000000000000000000000000000000000000000000cc
:20343d0000000000000000000000000002000000000bae840400014400000000100f9e9694
:17345d00e00000000065eb47200002f1a7ab4e00080023ad84a00032
:20347400000000000c302000000000000000000000000000000000000000000000000000dc
:2034940000000000000000000000000000000008003ef450000000060b02004000800bb8f8
:1634b4002009000203a6e66010000500b73d4000022620fea500b4
:2034ca000000000000c300000000000000000000000000000000000000000000000000001f
:2034ea0000000000000000000000000000000000108be148000003c3fd801000000b00940c
:17350a00000000002443ed9600000000df4140000003d72f05500002
:20352100000000000c3020000000000000000000000000000000000000000000000000002e
:20354100000000000000000000008000000000000052c20000011c387e0a000000d9806b35
:16356100d500c00066b7ea400000011e7b28c08000002000000056
:203577000000000000c3000000000000000000000000000000000000000000000000000071
:2035970000000000000000000000b403c000000070a56400020009e3f5000010000110f030
:1735b7003e804c0000246b54000000f000428c00000006c00000008c
:2035ce00000000000c30200000000000000000000000000000000000000000000000000081
:2035ee0000000000000000000400000000000001803e7450000020047a0f00000201d37a39
:16360e0081000016006cf5510103a70133b14080002e700000006f
:203624000000000000c30000000000000000000000000000000000000000000000000000c3
:20364400000000000000000000c0000000000000500ba54802000142acf8f20000100c0c5b
:1736640028001000a425ed0700100578d083142000006400000000e2
:20367b0000000000000000000000000000000000000000000000000000000000000000002f
:20369b0000000000000000000090000000000000013859a0000220006c0a100000000300a2
:1636bb00020008014636c1a00020081803bc10000164056dea4001
:2036d1000000000000000000000000000000000000000000000000000000000000000000d9
:2036f100000000000000000000010000000001000080b598040002400200a0000000000002
:173711000000000000034b3f000100100043c0000000433db4a0002c
:20372800000000000000000000000000000000000000000000000000000000000000000081
:2037480000000000000000000610000000018000017265b006000064d8d01218020007a35a
:16376800c304600142cd8bd4218000011316800600007d79ab4083
:20377e0000000000000000000000000000000000000000000000000000000000000000002b
:20379e00000000000000000000010000000000007080365800000006410d000000400008f0
:1737be0003c400022433c0fe200020008902a8000003c22c907000b2
:2037d5000000000000000000000000000000000000000000000000000000000000000000d4
:2037f50000000000000000000410002000000000183a25b00c00202acadb00300000032308
:16381500c304c8c1c6a08a0003100000bfae00840016604ac500d4
:20382b0000000000000000000000000000000000000000000000000000000000000000007d
:20384b00000000000000000000c14404000000000000a6580080004426ca7000000000082a
:17386b0003c00c400042d050000080000b40900040f76004ec0000f3
:20388200000000000000000000000000000000000000000000000000000000000000000026
:2038a200000000000000000000105c0000000000185265b000003c00d8a00800000003a3b9
:1638c200c38000c2c706b8b00000000007bc1000028c714dab40ac
:2038d8000000000000000000000000000000000000000000000000000000000000000000d0
:2038f800000000000000000000010020000000000000b658000002e01500008800000008fa
:1739180003c4000034286b42200000000043c00000f0c72cb07000a2
:20392f00000000000000000000000000000000000000000000000000000000000000000078
:20394f00000000000000000000001e00c0000000003a65b000001e7aea5b00000079e023d2
:16396f00c1800003c001e96020000f8c07c04800003e3edfd100fe
:20398500000000000000000000000000000000000000000000000000000000000000000022
:2039a500000000000000000000000000000800000000b2580100004026ce700000108000bb
:1739c5003c00000026034069000000b1037408020403c7adea000046
:2039dc000000000000000000000000000000000000000000000000000000000000000000cb
:2039fc00000000000000000000000000000000081b7a65b040000678d8a0600280000000e1
:163a1c000000000200000000000001019f0000008000006cc5023e
:203a3200000000000000000000000000000000000000000000000000000000000000000074
:203a52000000000000000000000000000000000010c03658000000001500020010000900c6
:173a7200000000000438000000000008cfc28004040002430c50003f
:203a890000000000000000000000000000000000000000000000000000000000000000001d
:203aa90000000000000000000000000000000001803a65b040400000fafa010102000000b5
:163ac900000014a802678f0000000000331550400806684ac500d6
:203adf000000000000000000000000000000000000000000000000000000000000000000c7
:203aff00000000000000000000000000000000210000a65800020800040ff2000050000029
:173b1f00000001010021600f00800000d081540000000404bc000014
:203b360000000000000000000000000000000000000000000000000000000000000000006f
:203b560000000000000000000400000000010001805a65b0104000016a0403000000c000d8
:163b760000000408000fcde02000000f00169000801e00000000fe
:203b8c00000000000000000000000000000000000000000000000000000000000000000019
:203bac00000000000000000000c00000000010000000b658000200000100400400000000d4
:173bcc00000000a17c0020de00800000db029420000022c0000000d4
:203be3000000000000000000000000000000000000000000000000000000000000000000c2
:203c030000000000000000000000000000000008011a25b000001605ec5000010200073a0e
:163c230081000002060cd00400000f8a5b34400120140200a5607e
:203c390000000000000000000000000000000000000000000000000000000000000000006b
:203c5900000000000000000000010000000000001080a258100003c283050000084008080b
:173c7900280220a03c006a8000000011007344001400202c05a01047
:203c9000000000000000000000000000000000000000000000000000000000000000000014
:203cb00000000000000000000600000000018000187265b006801c020aa000180000003335
:163cd000c180600a13ccd08000000001dfa800160c8000ec0a00e4
:203ce60040000000000000000000000000000000000000000000000000000000000000007e
:203d060000000000000000000000000000000000d1b02658000400002d0500000000000068
:173d26003c00000164395d0000000000a583d4000010000200a000a1
:203d3d00000000000000000000000000000000000000000000000000000000000000000066
:203d5d0000000000000000000004000000000000001a25b0000c2061cc0800313000002b66
:163d7d00c14004020026e0702000000002f400040000604a4702a6
:203d9300000000000000000000000000000000000000000000000000000000000000000010
:203db300000000000000000000000000000000000000a658000001403e90000008090000d2
:173dd3003c0000a00403f005000000b007278020ca00c01c081108bc
:203dea000000000000000000000000000000000000000000000000000000000000000000b9
:203e0a0000000000000000000000000000000005001a65a000010600ec80020000000023dc
:163e2a00c1000000c04ee024a013078a9ba940000000020e0200d5
:203e4000000000000000000000000000000000000000000000000000000000000000000062
:203e60000000000000000000000000000000000008002658040000029e0000000000000414
:173e80003c004000002c2002010000d00b8028200000000cd0108051
:203e970000000000000000000000000000000000000000000000000000000000000000000b
:203eb700000000000000000000001c00c0000000001a65a000002628fa5e03008000007b4c
:163ed700c1000001e6d485f20008081c3f97c000a63e395ca70000
:203eed000000000000000000000000000000000000000000000000000000000000000000b5
:203f0d00000000000000000000002000000400000000aa5800000064070a5000030b00009b
:173f2d003c0800001478105f004000719b0028000400640de9b000bc
:203f440000000000000000000000000000000000000000000000000000000000000000005d
:203f640000000000000000000000000000000000009a3c000000003f6f7440000000000005
:163f84000000000002e7c0000000651cfbab0080001e3ddcdb02c3
:203f9a00000000000000000000000000000000000000000000000000000000000000000007
:203fba00000000000000000000000000000000001009803c00000342348a430000000000cc
:173fda0000000000246340050000053105003000000002ad0f70006b
:203ff1000000000000000000000000000000000000000000000000000000000000000000b0
:204011000000000000000000000000000000280180000000000006664b08000000800000a7
:1640310000000001c037e345300005007211c080011c02ec020252
:20404700000000000000000000000000000000000000000000000000000000000000000059
:204067000000000000000000000000000000000000000000000003464ce0000000070e00af
:1740870000000000023e703008400050014108000008003c00028496
:20409e00000000000000000000000000000000000000000000000000000000000000000002
:2040be0000000000000000000c000e000003000000000000000014000000000001000000b0
:1640de0000000000065f8a55000003805f294010000078000000b5
:2040f4000000000000000000000000000000000000000000000000000000000000000000ac
:20411400000000000000000000c00020000010000000000000000022c0000000000f0000aa
:174134000000000000227a4700000058010154000a000000000000d9
:20414b00000000000000000000000000000000000000000000000000000000000000000054
:20416b00000080000000000000520c00000000099956c200004000001ef0404000000db20f
:16418b0094001000067dd77000002d1e07bc10004e006a68180852
:2041a1000000000000000000000000000000000000000000000000000000000000000000fe
:2041c10000000000000000000001000000000000b1f7ac000000c000010f0018000000544d
:1741e100154401004022c9dd010004399043c00000000017d200802b
:2041f8000000000000000000000000000000000000000000000000000000000000000000a7
:20421800000000000000000006100000000180051f0748080600000000000018000003b3a0
:16423800d4006008005ee000018005005e3c0046043668da0a0802
:20424e00000000000000000000000000000000000000000000000000000000000000000050
:20426e000000000000000000000100000000000050d978400000000000000000000000b09e
:17428e0028000001003bf050008000f805803c000001c00200a010c9
:2042a5000000000000000040000000000000000000000000000000000000000000000000b9
:2042c50000000000000000000410002000002307800733c0840000700000000000100331c9
:1642e5001c08c000002dcf54000050181f2800000020615aa54020
:2042fb00000000000000000000000000000000000000000000000000000000000080000023
:20431b00000000000000000000c100000000000000e0033c44c0080000000000200088b43a
:17433b00108200000002e00a000020b0004280000001426d0f50103c
:2043520000000000000000000000000000000000000000000000000000000000000000004b
:204372000000000000000000001000000000000008927dd200000000000000028078e7bb96
:16439200d40000000020099400100b883a885a80009404ec0100c0
:2043a8000000000000000000000000000000000000000000000000000000000000000000f5
:2043c80000000000000000000001000000000000700367c40000000000000000100180b0f5
:1743e800280010000000cd660002a011f040840000042376fa7000e5
:2043ff0000000000000000000000000000000000000000000000000000000000000000009e
:20441f00000000000000000000000000400000011cbb081000200000000000000038e532de
:16443f00940020e0029e90808000000076d050000040041cc042ab
:20445500000000000000000000000000000000000000000000000000000000000000000047
:2044750000000000000000000000000000040000000964e000001400000000000001195c4c
:17449500154040a000425e00000000000db300a10001c2010c00000a
:2044ac000000000000000000000000000000000000000000000000000000000000000000f0
:2044cc000000000000000000000000000000000100f60e100000000000000000008000003b
:1644ec0000000001421ee00000030b999680400000043bcba14091
:20450200000000000000000000000000000000000000000000000000000000000000000099
:20452200000000000000000000000000000000000883a04000000000000000000007000007
:1745420000000000026e70500000029893269c0000000385d7a00044
:20455900000000000000000000000000000000000000000000000000000000000000000042
:20457900000000000000000000020000000000011e3e0e1000200000000000000010000075
:164599000000000406edc0a00000250196a14000000e02fe0541c4
:2045af000000000000000000000000000000000000000000000000000000000000000000ec
:2045cf0000000000000000000000000000000000000524800004000000000000000000001f
:1745ef00000000003c22e0f5100004088b791401000003850fa28094
:20460600000000000000000000000000000000000000000000000000000000000000000094
:2046260000000000000000000c001c000000000000f2928000000000000000000278ffebe4
:16464600d500000046a00180200000019750100000000400000006
:20465c0000000000000000000000000000000000000000000000000000000000000000003e
:20467c00000000000000000000c00020000000001003b178040000024000000000501cfc54
:17469c003c0800040602c02408000000eba0402000000300000000dd
:2046b3000000000000000000000000000000000000000000000000000000000000000000e7
:2046d300000000000000000000000000000001001800000000001c71600080010001e73523
:1646f300dc020210003405a410000b185e7440008000695cf0006a
:20470900000000000000000000000000000000000000000000000000000000000000000090
:2047290000000000000000000001000000000000d00000000000000400000020000010fa71
:174749007b8000408003e0ff0800009005e28000040006ce0f508006
:20476000000000000000000000000000000000000000000000000000000000000000000039
:2047800000000000000000000600000000018000190000000040000160008018000000013f
:1647a000980060000001af040180000a17b8808600a038f83000f7
:2047b6000000000000000000000000000000000000000000000000000000000000000000e3
:2047d60000000000000000000000000000000000f0800000000a000000800000000009338d
:1747f600e6460000000010f000000251b00388000017c3e7fb100422
:20480d0000000000000000000000000000000000000000000000000000000000000000008b
:20482d00000000000000000000000000000089400017154000601c054000801100000020c4
:16484d003d00c0000000e0f410400180102950008006720081426f
:20486300000000000000000000000000000000000000000000000000000000000000000035
:20488300000000000000000000000000000000069001c3fc000a000282a000022800000463
:1748a30003c240000024100f00801078000294010401628404200008
:2048ba000000000000000000000000000000000000000000000000000000000000000000de
:2048da00000000000000000000000e00000000058037085040003e01e0008000000000734a
:1648fa00e8800001e3800a560000070ddbac1001008062c0e70146
:20491000000000000000000000000000000000000000000000000000000000000000000087
:2049300000000000000000000000002000000000080526dc000001e002800000000000f4e1
:174950003d4000400043c05a00000250afebc8001037540ec8100001
:20496700000000000000000000000000000000000000000000000000000000000000000030
:20498700000000000000000000000001c08020000a00000000800000e000800000700070e5
:1649a700cc0c00400001cf060000000087a81000002404faf500b6
:2049bd000000000000000000000000000000000000000000000000000000000000000000da
:2049dd000000000000000000000080000000000170c000000000080382a0000000000000dc
:1749fd000cc00000003c00f0200000000d4140000001e224050000f1
:204a1400000000000000000000000000000000000000000000000000000000000000000082
:204a3400000000000000000000000000000000500e93a94400000038c00080000518007a75
:164a540081800001d700cf0400000d815f01404040a6074ce540d4
:204a6a0000000000000000000000000000000000000000000000000000000000000000002c
:204a8a0000000000000000000000c0000000000250a942a8000000024280000000200c94e3
:174aaa0014000000020010f000800010e04014000a15c34eb40090a7
:204ac1000000000000000000000000000000000000000000000000000000000000000000d5
:204ae1000000000000000000000000000000500008d311d060000001e00080000010d820e0
:164b0100150400000001cf041000000e97168000008003f9ac003e
:204b170000000000000000000000000000000000000000000000000000000000000000007e
:204b37000000000000000000000003c000000000010977880000000000a00000002098f446
:174b570002800000002c10f0208028010382a8000000020de0c000f4
:204b6e00000000000000000000000000000000000000000000000000000000000000000027
:204b8e0000000000000000000500000000010000001f485020002020e80010400000c77873
:164bae00010400000701af04000001809ae140200434016ae2024e
:204bc4000000000000000000000000000000000000000000000000000000000000000000d1
:204be400000000000000000000d0000000003000000566dc800002c02600a080000000944e
:174c040028000000004000f0008120088da9140000a240160a00004c
:204c1b00000000000c3020000000000000000000000000000000000000000000000000001d
:204c3b00000000000000000000d0000000000028017f5950200036057bf0f00100000380fe
:164c5b0002000828001fc5520000001b7aa94000001c004ba30053
:204c71004000000000c3000000000000000000000000000000000000000000000000000020
:204c9100000000000000000000010000000000001081a2980000014280af02000a000008b1
:174cb10000008040000370ff00000000834154000062c0358030009b
:204cc800000000000c30200000000000000000000000000000000000000000000000000070
:204ce8000000000000000000061000000001800180d311d02600160009f0801800000726e6
:164d08005b206000c01cc0a0018001803abd400600002bec010027
:204d1e000000000000c30000000000000000000000000000000000000000000000000000b2
:204d3e0000000000000000000001000000000000f0057f4400002000008f000000000003ea
:174d5e00258010000000200a00000008bd0280000001441fea70005a
:204d7500000000000c302000000000000000000000000000000000000000000020000000a2
:204d9500000000000000000005108120000010018e5f11d42000000048f08030000000233a
:164db500c00000400300ca0080001798ba7d100000007c1cc0420b
:204dcb000000000000c3000000000000000000000000000000000000000000000000000005
:204deb00000000000000000000c150040000000001097f880000c000000f000000000000b3
:174e0b003c0000000c43c05000000208b97f40000002c7410c00005d
:204e2200000000000c30200000000000000000000000000000000000000000000000000014
:204e420000000000000000000010000000000001180000000000ae00e8f080000000000021
:164e6200000000000776c0100041050a7e28100001163bec0100a8
:204e78000000000000c3000000000000000000000000000000000000000000000000000057
:204e980000000000000000000001000000000000f000000000001540020f000000000000a3
:174eb8000000000080637aa70004100900c280000000001dfa7000f9
:204ecf00000000000c30200000000000000000000000000000000000000000000000000067
:204eef00000000000000000000000001c02000080bfe80d040040060c8f080000000000085
:164f0f0000000000600000000010000072d1c001000602d8b04048
:204f25000000000000c30000000000000000000000000000000000000000000000000000a9
:204f45000000000000000000000000000200000070a52fcc00000004020f00000000000025
:174f6500000000001e28000000028070a76e0440000342f58f1000cb
:204f7c00000000000c302000000000000000000000000000000000000000000000000000b9
:204f9c00000000000000000000000000000000059bfbc8504000006448f080004279c0006b
:164fbc0000000000078000000000079ab6bd40000001356a8000e4
:204fd2000000000000c30000000000000000000000000000000000000000000000000000fc
:204ff2000000000000000000000003c0000000005085a2dc00000406400f000000401000e0
:17501200000000000000000000000030a1828000000006758e500853
:20502900000000000c3020000000000000000000000000000000000000000000000000000b
:205049000000000000000000000000000000000d88db11d060000000e8f0800040580000a6
:16506900000001400227ea54000007009f3d40000140284bac0006
:20507f000000000000c300000000000000000000000000000000000000000000000000004e
:20509f0000000000000000000001000380000040f09b738800058000020f0000048000008d
:1750bf00000000100003c0aa208040380b4140000109c7f5d0c0085b
:2050d600000000000c3020000000000000000000000000000000000000000000000000005e
:2050f60000000000000000000c0000000003000f9bdf11d42000800048f0800000000000c5
:165116000000001203c0000000101808d23d4000423e3acee54082
:20512c000000000000c30000000000000000000000000000000000000000000000000000a0
:20514c000000000000000000004000000000300019f5bb4402001400020f0000000000009f
:17516c0000000000bc7400000002823001c280000a01c02daa400023
:2051830000000000000000000000000000000000000000000000000000000000000000000c
:2051a30000000000000000000002000000001000000000000004200068f0800000000300db
:1651c300020000000624f0a00000550132cc000000006beca500ca
:2051d9000000000000000000000000000000000000000000000000000000000000000000b6
:2051f9000000000000000000000100000000020000000000000000c0000f00400000000381
:17521900c00000000001eb060000000089b6c4000000030e05500063
:2052300000000000000000000000000000000000000000000000000000000000000000005e
:2052500000000000000000000600000000018188000000000600360068f08000000003a374
:16527000c2006000003fa81029800708d2294006001e01ee0322e4
:20528600000000000000000000000000000000000000000000000000000000000000000008
:2052a600000000000000000000000000000000201000000000000140000f00002000000048
:1752c60003c440000401f080100000010fc154000000200f0a3000b7
:2052dd000000000000000000000000000000000000000000000000000000000000000000b1
:2052fd000000000000000000010000000000000000ff29402000000168f08000000000220d
:16531d005a80c0020005c0020000000db62958600616281ec0420f
:2053330000000000000000000000000000000000000000000000000000000000000000005a
:20535300000000000000000000100000000002001007015400000000020f000000000003a8
:175373009a400c000402e0f000001050e742a822000000000c000008
:20538a00000000000000000000000000000000000000000000000000000000000000000003
:2053aa000000000000000000000000000000000500fe954010000004e8f080000700032372
:1653ca00c202c01407800c36a040080e7749400000000200a5408f
:2053e00080000000000000000000000000000000000000000000000000000000000000002d
:2054000000000000000000000000000240000000080703fc0000c002820f000000300008b1
:1754200003c00800800000c3000400f1ed6854000000002c05a010e8
:20543700000000000000000000000000000000000000000000000000000000000000000055
:205457000000000000000000000000016000000d81d311d040a48000e8f080000078e32358
:16547700c20400000035f8100020039c764c0000001e21ece5404b
:20548d000000000000000000000000000000000000000000000000000000000000000000ff
:2054ad000000000000000000000000000208000050d1378800001400020f000000000b08bd
:1754cd0003c00006002f4f010800050889b6c4000081c035c58008a5
:2054e4000000000000000000000000000000000000000000000000000000000000000000a8
:2055040000000000000000000000000000000457017b51d0405006664847410040d000268d
:165524005a800100400000000004000d36b0d08010006808f0415e
:20553a00000000000000000000000000000000000000000000000000000000000000000051
:20555a000000000000000000000000000000000298853f44000200064cee200000078b0398
:17557a009a400000020000000000000097c34400000244010f00103a
:205591000000000000000000000000000000000000000000000000000000000000000000fa
:2055b100000000000000000000000000000044001fd391d02000a000000000000050e3a3ad
:1655d100c20400080224f1120000050016d90000084021e8a040a8
:2055e7000000000000000000000000000000000000000000000000000000000000000000a4
:205607000000004000000000000100000000064001ab7f88000116c00000000004009000de
:1756270003c000104401eb2100004098e9769000010004010a000071
:20563e0000000000000000000000000000000000000000000000000000000000000000004c
:20565e0000000000000000000c000e0000031009800000000c801e0000000002000003a324
:16567e00c200400343bfa8002000078dfa294000000039cb5000fc
:205694000000000000000000000000000000000000000000000000000000000000000000f6
:2056b400000000000000000000c000200000108010e0000000c4000000000000100d00088d
:1756d40003c044003e41f08100800009fbc154000002c20e8d1000c0
:2056eb0000000000000000000000000000000000000000000000000000000000000000009f
:20570b00000000000000000000100000000000018012ccc0000000640af06880000183a3e2
:16572b00c2000014064eaa500000000002bc100000000000000076
:20574100000000000000000000000000000000000000000000000000000000000000000048
:205761000000000000000000000100000000000000eb6bfc02000006400f00000000100866
:1757810003c300000034d055010000000003c004000000000000002a
:205798000000000000000000000000000000000000000000000000000000000000000000f1
:2057b8000000000000000000061000000001800f008029500680066408f04098100003a3bc
:1657d800c2006003c01fcf5001800800063c10060000001af0406d
:2057ee0080000000000000000000000000000000000000000000000000000000000000001b
:20580e000000000000000000000100000000000010a1016800040066410f0100001100088b
:17582e0003c00000360340a0000000b00003c000000000000f000005
:20584500000000000000000000000000000000000000000000000000000000000000000043
:2058650000000000000000000c104000000320138103bc100500007808f040300000012338
:16588500c200000007d78a568100180102bc10148480000cf040d1
:20589b000000000000000000000000000000000000000000000000000000000000000000ed
:2058bb0000000000000000000049000000000100788043c000c003c4010f00070280000860
:1758db003c0000202466ce9a012002d0f043c000840400010f0010da
:2058f200000000000000000000000000000000000000000000000000000000000000000096
:2059120000000000000000000010000000000001809e4cc00c00000000000030051807a337
:16593200c28000020006ad140001880080295000001e001ef04066
:2059480000000000000000000000000000000000000000000000000000000000000000003f
:20596800000000000000000000010000000002807803abfc028000100000000200200000c6
:175988003c0000001c03d942004000d005016804000020000f0000e1
:20599f000000000000000000000000000000000000000000000000000000000000000000e8
:2059bf00000000000000000000000004e000100700033c100000000018f0408000980fa06f
:1659df0014000000005ca0020020000000000000014068000000d7
:2059f500000000000000000000000000000000000000000000000000000000000000000092
:205a1500000000000000000000000003c201000008c003c000040000000f000400010058b0
:175a3500280000001c23c0f000010000000000000000000000000042
:205a4c0000000000000000000000000000000000000000000000000000000000000000003a
:205a6c00000000000000000000000020000002018007bc100080000018f0408038819073a0
:165a8c00c1040000e0008f060000800003bc10004020001cf040cf
:205aa2000000000000000000000000000000000000000000000000000000000000000000e4
:205ac2000000000000000000000000000000000000c043c024040000010f0004018108003b
:175ae2003c0200001c0010f0000000000043c001020140000f0010ed
:205af90000000000000000000000000000000000000000000000000000000000000000008d
:205b190000000000000000000000000000000000005715400000000018f040000001e03364
:165b3900c1020003e78000000000401c000000000216040ef04073
:205b4f00000000000000000000000000000000000000000000000000000000000000000036
:205b6f000000000000000000000000000000000100f903fc20000000010f000400000000e9
:175b8f003c0000003e3400000000020100000000000002810f0004b8
:205ba6000000000000000000000000000000000000000000000000000000000000000000df
:205bc60000000000000000000c000e00000040000ed7154004000000000000120070103362
:165be600c10600004000000000000000000000000016000ef0404e
:205bfc00800000000000000000000000000000000000000000000000000000000000000009
:205c1c00000000000000000000c0000000000000010343fc20400000000000011000cd0027
:175c3c003c00000802000000000000000000000000c000000f00003c
:205c5300000000000000000000000000000000000000000000000000000000000000000031
:205c7300000000000000000000000000000000400077a590400000000ef04004050001aeef
:165c9300c5200000079c00080000080107bc100020200200a54068
:205ca9000000000000000000000000000000000000000000000000000000000000000000db
:205cc900000000000000000000010000000000020090825800000000000f00804000000b74
:175ce900ec6000000040200002003070d043c000000043a405a000f7
:205d0000000000000000000000000000000000000000000000000000000000000000000083
:205d20000000000000000000060000000001800000023c104600000200a540183800877812
:165d400015000000020c8f08018180011f0140060e1e244805008d
:205d560000000000000000000000000000000000000000000000000000000000000000002d
:205d760000000000000000000000000000000018000043c0000000101c05a01000011004fc
:175d960001601000004029f000400000e5828000020003cd0a000029
:205dad000000000000000000000000000000000000000000000000000000000000000000d6
:205dcd00000000000000000000000000000100000a03bc120c0006000cf04040008183be8a
:165ded00c5042004079e8f0801280f195bb1c08c004028eec702af
:205e030000000000000000000000000000000000000000000000000000000000000000007f
:205e230000000000000000000000000000003000010003c000c00020000f00000001000774
:175e4300ec60000000400bf000611810cdc38c044000001d0e30106d
:205e5a00000000000000000000000000000000000000000000000000000000000000000028
:205e7a00000000000000000000000e00000000000003bc10000020001ef0403000801d7a76
:165e9a0095000000000e8f080000001810295000a6003bfb080033
:205eb0000000000000000000000000000000000000000000000000000000000000000000d2
:205ed00000000000000000000000002000000000000043c0200a0240000f008200010ddca8
:175ef00015602000000029f000400010f00294000400042f80000060
:205f070000000000000000000000000000000000000000000000000000000000000000007a
:205f2700000000000000000000000038c010080701033c10400004001af040000000006ef7
:165f4700c5000002005e8f0810000000bba80040000607d8f00bf5
:205f5d00000000000000000000000000000000000000000000000000000000000000000024
:205f7d000000000000000000000000040200010008e003c000040022000f008020000eb3bc
:175f9d00dca020002c342bf0000010000bc3e801006023e5070000a0
:205fb4000000000000000000000000000000000000000000000000000000000000000000cd
:205fd4000000000000000000000000000000000000033c1000a000000cf0408000788ffa01
:165ff40095000008004e8f080000080a9294000042063c1ef0400b
:20600a00000000000000000000000000000000000000000000000000000000000000000076
:20602a0000000000000000000000000000000010009043c02004e1c0010f0000000090b49a
:17604a00156020011c3409f0004000708b816800020006010f000024
:2060610000000000000000000000000000000000000000000000000000000000000000001f
:20608100000000000000000000000000000010081f00000000000028000000000018100078
:1660a1000000000000068f0800000000da8a048c006e0018f040a2
:2060b7000000000000000000000000000000000000000000000000000000000000000000c9
:2060d70000000000000000000000000000000000b0d00000000000440000000000000800dd
:1760f7000000000000342bf001000000cd40b0008002c3400f0000f1
:20610e00000000000000000000000000000000000000000000000000000000000000000071
:20612e000000000000000000040000000003000f00073c100c000e000af040100c18a000c0
:16614e0000000002000c8f081000000b7a8280000000235c000080
:2061640000000000000000000000000000000000000000000000000000000000000000001b
:20618400000000000000000000c0000000003000300043c02040e060000f001100301000d8
:1761a400000000002c3409f000000000f08028040014037f0f00004a
:2061bb000000000000000000000000000000000000000000000000000000000000000000c4
:2061db00000000000000000000b0000000000100009e3c00000000200000000000000000f9
:1661fb0002000014001e9f080868001e9f394000000002def40039
:2062110000000000000000000000000000000000000000000000000000000000000000006d
:206231000000000000000000000100000000000000f9bfc4050002440000000000000b0278
:1762510040008000800008f0040100000fba9c00000003fc9f1000e6
:20626800000000000000000000000000000000000000000000000000000000000000000016
:206288000000000000000000061000000001800908f6568000000038fc0000010000070046
:1662a80002006000000e99680980201902bc10060f8670000000d4
:2062be000000000000000000000000000000000000000000000000000000000000000000c0
:2062de000000000000000000000103c00000000011f1e690000000072e0050800800000255
:1762fe00800000003c002a9600000501f043c00000002000000000f4
:20631500000000000000000000000000000000000000000000000000000000000000000068
:2063350000000000000000000c15400000000000007b2f0080040000000000028000a30094
:166355000200c080000e9f0803000b0c3a02001400000018f04089
:20636b00000000000000000000000000000000000000000000000000000000000000000012
:20638b0000000000000000000041200000000000000f80f00000024000000000000d1002b1
:1763ab00c0000406000008f0011100b005ec0000800000000f0004d3
:2063c2000000000000000000000000000000000000000000000000000000000000000000bb
:2063e200000000000000000000b000000000000000033cc0800600784f080001015007043a
:1664020002000000001c9968000009813e014000400003cc5e00ef
:20641800000000000000000000000000000000000000000000000000000000000000000064
:2064380000000000000000000005000000000000000003cc000003c014d00000280d800212
:17645800800000003c002a9601000070d5c2800000000024f54000d0
:20646f0000000000000000000000000000000000000000000000000000000000000000000d
:20648f0000000000000000000000007cc003000f809b10000000007b7c8003028078830479
:1664af0002000002034c996808000000deb1c080000439ecbc02c5
:2064c5000000000000000000000000000000000000000000000000000000000000000000b7
:2064e500000000000000000000000003020820001809bf04000000043c00000000008002c4
:17650500800000000c7c28960000380095834c000005600f06400063
:20651c0000000000000000000000000000000000000000000000000000000000000000005f
:20653c00000000000000000000000000000000400002014000001e740000000002000780a1
:16655c0002000000e00c8aa0102a070f0029500004000000000044
:20657200000000000000000000000000000000000000000000000000000000000000000009
:206592000000000000000000000000000000000200074028000002e7800000001050000ba4
:1765b20000000000023800aa000100098901680000000000000000f2
:2065c90000000000000000000000000000000000000000000000000000000000140000009e
:2065e900000000000000000000000000000000050e7b215080400403d8f500000078030084
:16660900020000000381af0500000180073c100000140000000059
:20661f0000000000000000000000000000000000000000000000000000000000000000005b
:20663f0000000000000000000000000000000000f10f839c040a0023a70a00840000800b2b
:17665f0080000004000000f0200000000043c00000400380000000ca
:20667600000000000000000000000000000000000000000000000000000000000000000004
:206696000000000000000000040000000000000001f6001820000020fa0500000001a023ce
:1666b600c0800000000000000000001e00000000001c241ef049d9
:2066cc000000000000000000000000000000000000000000000000000000000000000000ae
:2066ec0000000000000000000040000000000028008f03c000001404270000000000100085
:17670c003c0200a11c0000000000000000000000000267800f021869
:20672300000000000c302000000000000000000000000000000000000000000000000000fa
:206743000000000000000000010000000000000180000000000000061e2c0000008007edf0
:16676300fc000000001cd0820000200000402000000001fa4a00f1
:206779000000000000c300000000000000000000000000000000000000000000000000003d
:20679900000000000000000000010000000000000800000000000042b4f1c0000003005fce
:1767b900d9c000001c3b680000040450003000080000031ff9d000f6
:2067d000000000000c3020000000000000000000000000000000000000000000000000004d
:2067f0000001800000000000060000000001800000f3204006000c300ec54218000010703f
:166810003c0560060004a0f4080000001840200600007c1ef040e3
:206826000000000000c300000000000000000000000000000000000000000000000000008f
:20684600000000000000000000000000000000001007e10004000000340ca08020000c04a6
:1768660003c000048400c000000000500030000002c003000f0000bc
:20687d00000000000c3020000000000000000000000000000000000000000000000000009f
:20689d00000000000000000000000000000100038e073c1a2000003c780000100099cf7927
:1668bd00740840014600e48400000f00700020040020780000001f
:2068d3000000000000c30000000000000000000000000000000000000000000000000000e2
:2068f30000000000000000000000000000003000000043c0000000023e802002000b10b89d
:176913003f40040002015f840800299800bc0000c003c400000000f8
:20692a00000000000c302000000000000000000000000000000000000000000000000000f1
:20694a000000000000000000000000040003400000f3204010000460000000000180192c59
:16696a00b80000026634a0a40000080010402000001c627bce0040
:206980000000000000c3000000000000000000000000000000000000000000000000000034
:2069a000000000000000000000000002c00020001005e1000000000400000000018308b2bd
:1769c000ffc000080c395050008000b000300000000006cf9ec00081
:2069d700000000000c30200000000000000000000000000000000000000000000000000044
:2069f700000040000000000000010001600000000100000000000036ec440000000005ed85
:166a1700fc0000e06221a2840040004158002000003c01ca0a00da
:206a2d000000000000c3000000000000000000000000000000000000000000000000000086
:206a4d0000000400000000000000000002004000008000000000000355b8400000000056bd
:176a6d0059c0000640005a1408000200e03c00000003c00000a000bc
:206a8400000000000c30200000000000000000000000000000000000000000000000000096
:206aa400000000000080169400002100000000001a7b259020a01e04000000020500f52c33
:166ac400b80000004215a0a40000010030402000000c04dc802349
:206ada000000000000c30000000000000000000000000000000000000000000000000000d9
:206afa000000000000070294000002c00000000000004258a0040002000000001280085ae9
:176b1a00ffc000000002c0502800001800b000000000020d00000094
:206b3100000000000c302000000000000000000000000000000000000000000000000000e8
:206b5100000000000000000000000000000000000800000000000633eea571000039f002b4
:166b710095210200024fe0a4000000085000200001e66def0800be
:206b87000000000000c300000000000000000000000000000000000000000000000000002b
:206ba7000000000000000000000000000000000000000000000000442ed9a01000000e7055
:176bc70016820040002150a028000001a03c00000001c3a5a00000c0
:206bde00000000000c3020000000000000000000000000000000000000000000000000003b
:206bfe0000000008000000000c000000000100098002bc10200000045a5000000080953aee
:166c1e00800000000075a0a50000000050402000003c000000003a
:206c34000000000000c300000000000000000000000000000000000000000000000000007d
:206c540000000000d00000000040000000001000500003c08000a24303050080000f0e04df
:176c7400280040000022d05008000100003000000001e280000000c3
:206c8b00000000000c3020000000000000000000000000000000000000000000000000008d
:206cab000000000000000000001100000000000000dae04c00401420000000060000000038
:166ccb000000201c0034c85480400001323fc000a0002c00a54084
:206ce1000000000000c30000000000000000000000000000000000000000000000000000d0
:206d0100000000000000000000010800000000000001fc08000001c400000000400000005f
:176d210000000001403e6a4510040000892f44140002474405a000d7
:206d3800000000000c302000000000000000000000000000000000000000000000000000df
:206d5800000000000000000006100000000000080000000006002020f90010180080000016
:166d780000006001e03de5a001900000073c1006000000ec00002c
:206d8e000000000000c3000000000000000000000000000000000000000000000000000022
:206dae0000000000000000000001000000000000900000000000004006b0400000010000fd
:176dce000000000a022050a0000200000003c0200002c3a60f000033
:206de500000000000c30200000000000000000000000000000000000000000000000000032
:206e050000000000000000000d1000000000030000000000000e0002c80000000005a73099
:166e250015004001e01ee2842100001806bc1004082600dec702b9
:206e3b000000000000c3000000000000000000000000000000000000000000000000000074
:206e5b00000000000000000000c100000000000000a00000000003c0150a0100000d00fcca
:176e7b003d40040000381028086000010043c0044002601e0e3000a1
:206e9200000000000c30200000000000000000000000000000000000000000000000000084
:206eb200000000000000000000100000000040000000000001015c0040a50000008007b1f5
:166ed20068800003e00f8804000010010000000100800018f0406a
:206ee8000000000000c30000000000000000000000000000000000000000000000000000c7
:206f080000000000000000000001000000000000008000000000082254000000000540b372
:176f2800c38000003630fde509000000e0000000100400000f0000bb
:206f3f00000000000c302000000000000000000000000000000000000000000000000000d6
:206f5f00000000000000000000000070c0080800000000000000043adc5e5340000085ff43
:166f7f00910000006796f2500000018000000000007462fef510d2
:206f95000000000000c3000000000000000000000000000000000000000000000000000019
:206fb50000000000000000000000000002000000000000000000000006008000000f10d63f
:176fd500300a40023c40ea240800000000000000000860240a000001
:206fec00000000000c30200000000000000000000000000000000000000000000000000029
:20700c0000000000000000000000200000000000000000000000043c00000000803800004c
:16702c000000c000002d90a008100000000000000014055e4a0058
:207042000000000000c300000000000000000000000000000000000000000000000000006b
:207062000000000000000000000000c000000000000000000000002280000000000f80001d
:17708200000008040031580e0002009000000000000142cca6e0002d
:20709900000000000c3020000000000000000000000000000000000000000000000000007b
:2070b90000000000000000000000003800000000000000000c000000f8f500800139d3ae4b
:1670d900e0000003e056e5a00000000000000000008402eaac02e5
:2070ef000000000000c30000000000000000000000000000000000000000000000000000be
:20710f00000000000000000000000004000000000000000000800000030f5200000098736d
:17712f001e8000801620c05000000000000000000014200c06c000df
:20714600000000000c302000000000000000000000000000000000000000000000000000cd
:2071660000000000000000000c01400000004000080000000000000000000000005810000c
:1671860000000000070000000000000000000000000c287ea00199
:20719c008000000000c3000000000000000000000000000000000000000000000000000090
:2071bc000000000004000000004008000000000001000000000000000000000000008a00dc
:1771dc00000000000c4000000000000000000000000140270fa00039
:0271f30000009a
:0371f5007200b075
:0271f800110183
:0271fa00010191
:2071fc0000000000000000000000001000000000000040000000000001000000000000041e
:20721c000000000000001000000000000040000000001000000000000040000000000001b1
:16723c0000000000000004000000000000100000000000004000e8
:207252000000000000000000000000020000000000000800000000000020000000000000f2
:20727200800000000000020000000000000800000000020000000000000800000000000068
:1772920020000000000000800000000000020000000000000800003b
:2072a9000000000000000000000000000000000000000000000000000000000000000000c5
:2072c900000000000000000000000000000000000000000000400000000000010000000064
:1672e900000000000000000000000000000000004000000000004f
:2072ff0000000000000000000000000000000000000000000000000000000000000000006f
:20731f0000000000000000000000000000000000000000000000000000040000000000004a
:17733f00100000000000000000000000000000000000000004000023
:20735600000000000000000000000000000000000000000000000000000000000000000017
:207376000000000000000000000008000000000000000000000000000000000000000000ef
:1673960000000000000000000000000000000000000000000000e1
:2073ac000000000000000000000000000000000000000000000000000000000000000000c1
:2073cc00000000000000000000000070000000000000000000000000000000000000000031
:1773ec0000000000000000000000000000000000000000000000008a
:20740300000000000000000000000000000000000000000000000000000000000000000069
:20742300000000000000000000000000000000000000000000000001000000010000040043
:1674430000000000000000000000000000000000800001000000b2
:20745900000000000000000000000000000000000000000000000000000000000000000013
:207479000000000000000000000000000000000000000000000000000000000000000000f3
:177499000000000000000000000000000000000000000000000000dc
:2074b0000000000000000000000000000000000000000000000000000000000000000000bc
:2074d0000000000000000000000000000000000000000000000000030040000000000c014c
:1674f0000000000000000000000000000000000000000200000084
:20750600000000000000000000000000000000000000000000000000000000000000000065
:20752600000000000000000000000000000000000000000000000000000000000000000045
:1775460000000000000000000000000000000000000000000000002e
:20755d0000000000000000000000000000000000000000000000000000000000000000000e
:20757d0000000000000000000000000000800000000000000000000000000000000000006e
:16759d0000000000000000000000000000000000000000000000d8
:2075b3000000000000000000000000000000000000000000000000000000000000000000b8
:2075d300000000000000000000000000000c0000000000000000000000000000000000008c
:1775f300000000000000000000000000000000000000000000000081
:20760a00000000000000000000000000000000000000000000000000000000000000000060
:20762a00000000000000000000000000000000000000000000400000000000000000000000
:16764a00000000000000000000000000000000000000000000002a
:2076600000000000000000000000000000000000000000000000000000000000000000000a
:207680000000000000000000000000000000000000000000000400000000000010000100d5
:1776a0000000000000000000000000000000000000000000000000d3
:2076b7000000000000000000000000000000000000000000000000000000000000000000b3
:2076d70000000000000000000000000000000000000000000000000100000000000004008e
:1676f700000000000000000000000000000000000000000000007d
:20770d0000000000000000000000000000000000000000000000000000000000000000005c
:20772d0000000000000000000000000000000000000000000000000000000000000000003c
:17774d00000000000000000000000000000000000000000000000025
:20776400000000000c300000000000000000000000000000000000000000000000000000c9
:20778400000000000000000004002e004e00000380000000000000000000000000000000e2
:1677a40000000000000000000000000000000000000000000000cf
:2077ba000000000000c30200000000000000000000000000000000000000000000000000ea
:2077da000000000000000000004003c0001000005800000000000000000000000000000024
:1777fa00000000000000000000000000000000000000000000000078
:20781100000000000c3000000000000000000000000000000000000000000000000000001b
:207831000000000000000000000002264e004000800000000121400000000000000000009f
:1678510000000000000000000000000000000000211400000000ec
:207867000000000000c302000000000000000000000000000000000000000000000000003c
:20788700000000000000000000000043a000040010000000001408000000000000000000ce
:1778a7000000000000000000000000000000000000000000000000ca
:2078be00000000000c3000000000000000000000000000000000000000000000000000006e
:2078de0000000000000000000000007a4d00000000000000000000000000000000000000c3
:1678fe000000000000000000000000000000000000000000000074
:207914000000000000c302000000000000000000000000000000000000000000000000008e
:20793400000000000000000000000002001000000000000000000000000000000000000021
:177954000000000000000000000000000000000000200000000000fc
:20796b00000000000c300000000000000000000000000000000000000000000000000000c0
:20798b0000000000000000000000007ee0200000000000000000000000000000000000005e
:1679ab0000000000000000000000000000000000000000000000c6
:2079c1000000000000c30200000000000000000000000000000000000000000000000000e1
:2079e100000000000000000000000003ac00000000000000000000000000000000000000d7
:177a010000000000000000000000000000000000000000000000006e
:207a1800000000000c30000000000000000000000000000000000000000000000000000012
:207a3800000000000000000000000003c00000000070154200a00000000000000000000004
:167a58000000000000000000000000000000000000000000000018
:207a6e000000000000c3020000000000000000000000000000000000000000000000000033
:207a8e00000000000000000000010000000000000409ba9402000800000000000000000072
:177aae000000000000000000000000000000000000000000000000c1
:207ac500000000000c30000000000000000000000000000000000000000000000000000065
:207ae50000000000000000000c000022c00000000000000000000000000000000000000093
:167b0500000000000000000000000000000000000000000000006a
:207b1b000000000000c3020000000000000000000000000000000000000000000000000085
:207b3b00000000000000000000c10000000000000000000000000000000000000000000069
:177b5b00000000000000000000000000000000000000000000000013
:207b7200000000000c300000000000000000000000000000000000000000000000000000b7
:207b9200000000000000000000100c274000000300702a80000040000000000000000000f3
:167bb20000000000000000000000000000000000000000000000bd
:207bc8000000000000c30200000000000000000000000000000000000000000000000000d8
:207be80000000000000000000061020040000000800fba940260000000000000000000009b
:177c0800000000000000000000000000000000006000000000000005
:207c1f00000000000c30000000000000000000000000000000000000000000000000000009
:207c3f00000000000000000000100201c0000000000000000020002e40a50100000000001e
:167c5f0000001000000000000040000000000000200000000f0090
:207c75000000000000c302000000000000000000000000000000000000000000000000002a
:207c95000000000000000000000100622000000000000000000400000005a400000000009f
:177cb5000000000000000000000400000000000000000000e0f410d0
:207ccc00000000000c3000000000000000000000000000000000000000000000000000005c
:207cec0000000000000000000c0ea431cb0000000c000000000000000000000000000d02a3
:167d0c0080400000000000000000000000000000000000000000a1
:207d2200000000000ac3020000000000000000000000000000000000000000000000000072
:207d4200000000000000000000400560601000000000000000000000000000000003007792
:177d62003d4400000000000000000000000000000000000000000089
:207d7900000000000c300000000000000000000000000000000000000000000000000000ae
:207d9900000000000000000000001641cf0000000d5c280020000000000000000008d0001b
:167db90000001000000000000000000000000000000000000000a4
:207dcf000000000000c30200000000000000000000000000000000000000000000000000cf
:207def000000000000000000000002c2200004000007bbd4000000000000000000010d00e8
:177e0f0000000000000000000000200000000000000000000000003c
:207e2600000000000c30000000000000000000000000000000000000000000000000000000
:207e4600000000000000000000000200c900030000382a800000002c000000000030000010
:167e66000000000000000000000000000000000000000000000006
:207e7c000000000000c3020000000000000000000000000000000000000000000000000021
:207e9c00000000000000000000080040201000003009aa942000000040000000000800006f
:177ebc0000000000000000000000000000000000004000000000006f
:207ed300000000000c30000000000000000000000000000000000000000000000000000053
:207ef3000000000000000000000000006020000d00000000000000000000000000000000e2
:167f13000000000000000000000000000000000000000000000058
:207f29000000000000c3020000000000000000000000000000000000000000000000000073
:207f49000000000000000000000001403e00000080c00000000000000000000000038000d6
:177f6900000000000000000000000000000000000000000000000001
:207f8000000040000c30000000000000000000000000000000000000000000000000000065
:207fa000000000000000000000000225c000038000000000000a000000000000000000004d
:167fc00000000000000000000000000000000000000000000000ab
:207fd6000000000000c30200000000000000000000000000000000000000000000000000c6
:207ff6000000000000000000000000e000000000000000000000000000000000000000008b
:1780160000000004000000000000000000000000000000000000004f
:20802d00000000000c300000000000000000000000000000000000000000000000000000f7
:20804d00000000000000000000000001c00000000000000000000000000000000000f7c398
:16806d00e840000000000000000000000000000001400000000094
:208083000000040000c3020000000000000000000000000000000000000000000000000014
:2080a30000000000000000000000000000000000100000000000000000000000000001d3d9
:1780c300a808000000000000000028000000000000000000000000ce
:2080da00000000000c3000000000000000000000000000000000000000000000000000004a
:2080fa000000000000000000000c2440c00000200cf03e800000240060f50000000000af34
:16811a00904000000000000000000000000000000000000000007f
:208130000000000000c302000000000000000000000000000000000000000000000000006a
:2081500000000000000000000060020600000005001d3280040000000f8a021000000077ad
:17817000b9000000000000000000000000000000000010000000002f
:20818700000000000c3000000000000000000000000000000000000000000000000000009c
:2081a7000000000000000000001024004000000000542800000100000000000000000f4177
:1681c70054401000000000000000000000000000010000000000fd
:2081dd000000000160c302000000000000000000000000000000000000000000000000005c
:2081fd0000000000000000000000000000000000380133d4400008e00000000000000032c8
:17821d00a94000000000000000000000000000000000000000000061
:20823400000000000c300000000000000000000000000000000000000000000000000000ee
:208254000000000000000000040000000000000000b01540200000000000000000000000e1
:1682740000000000000000000000000000000000000000000000f4
:20828a000000000000c302000000000000000000000000000000000000000000000000000f
:2082aa00000000000000000000c00000000002800003729400000000000000000000000069
:1782ca0000000000000000000000000000000000000000000000009d
:2082e100000000000c30000000000000000000000000000000000000000000000000000041
:208301000000000000000000000000000000000080000000000000000000000000000000dc
:168321000000000000000000000000000000000000000000000046
:208337000000000000c3020000000000000000000000000000000000000000000000000061
:208357000000000000000000000000000000000058000000000000000000000000000000ae
:178377000000000000000000000000000000000000000000000000ef
:20838e00000000000c30000000000000000000000000000000000000000000000000000093
:2083ae00000000000000000000000c000000000110581540400000000000000000000000a5
:1683ce000000000000000000000000000000000000000000000099
:2083e4000000000000c30200000000000000000000000000000000000000000000000000b4
:208404000000000000000000000002000000020001adf294400000000000000000000000e0
:17842400000000000000000000000000000000000000000000000041
:20843b00000000000c300000000000000000000000000000000000000000000000000000e5
:20845b0000000000000000000000020000080003007b264000000000000000000000000013
:16847b00000000000000000000000000000000000e0000000000dd
:208491000000000000c3020000000000000000000000000000000000000000000000000006
:2084b1000000000000000000000000400c00000000c3869440000000000000000000000042
:1784d100000000000000000000000000000000000000000000000094
:2084e800000000000c30000000000000000000000000000000000000000000000000000038
:20850800000000000000000000100000000000010000000000000000000000000000000042
:1685280000000040000000000000000000000000000000000000fd
:20853e000000000000c3020000000000000000000000000000000000000000000000000058
:20855e000000000000000000000100000000028000800000000000000000000000000000fa
:17857e000000000000000000000000000000000000000000000000e6
:20859500000000000c3000000000000000000000000000000000000000000000000000008a
:2085b50000000000000000000c10000000000000000000000000000000000000000000008a
:1685d5000000000000000000000000000000000000000000000090
:2085eb000000000000c30200000000000000000000000000000000000000000000000000ab
:20860b0000000000000000000041000380000000000000000000000000000000000000008b
:17862b00000000000000000000000000000000000000000000000038
:20864200000000000c300000000000000000000000000000000000000000000000000000dc
:208662000000000000000000001000000000000000000000000000000000000000000000e8
:1686820000000000000000000000000000000000000000000000e2
:208698000000000000c30200000000000000000000000000000000000000000000000000fd
:2086b80000000000000000000061000000000200000000000000000000000000000000003f
:1786d80000000000000000000000000000000000000000000000008b
:2086ef00000000000c3000000000000000000000000000000000000000000000000000002f
:20870f000000000000000000001000000000000040000000000000000000000000000000fa
:16872f0000000000000000000040000000000000000000000000f4
:208745000000000000c302000000000000000000000000000000000000000000000000004f
:208765000000000000000000000100000000000000000000000020000000000000000000d3
:178785000000000000000000000400000000000000000000000000d9
:20879c00000000000c30000000000000000000000000000000000000000000000000000081
:2087bc00000000000000000004000000000000000800000000000000000000002800000069
:1687dc000000000000000000000000000000000000000000000087
:2087f2000000000000c30200000000000000000000000000000000000000000000000000a2
:20881200000000000000000000c00000000000000000000000000000000000000000000086
:1788320000000000000000000000000000000000000000000000002f
:20884900000000000c300000000000000000000000000000000000000000000000000000d3
:208869000000000000000000001024000000000000000000001000000000000000000000ab
:1688890000000000000000000000000000000001100000000000c8
:20889f000000000000c30200000000000000000000000000000000000000000000000000f4
:2088bf00000000000000000000000000000004000000000000000000000000000000000095
:1788df00000000000000000000000000000000001000000000000072
:2088f600000000000c30000000000000000000000000000000000000000000000000000026
:20891600000000000000000000402c00000000000d000000000001000000000000000000c7
:16893600000000000000000000000000000000010000000000002a
:20894c000000000000c3020000000000000000000000000000000000000000000000000046
:20896c000000000000000000000802000000000000000000000000c0000000000000000021
:17898c000000000000000000000000000000000000000000000000d4
:2089a300000000000c30000000000000000000000000000000000000000000000000000078
:2089c30000000000000000000000000000080000000000000000000340fa0000000000004f
:1689e300000000000000000000000000000000000000000000007e
:2089f9000000000000c3020000000000000000000000000000000000000000000000000099
:208a19000000000000000000000000001c00000000000000000000e02dca0010000000003a
:178a3900000000000000000000000000000000000000000000000026
:208a5000000000000c300000000000000000000000000000000000000000000000000000ca
:208a70000000000000000000000000000000000000000000000001000000000010000000d5
:168a900000000000000000000000000000000000000000000000d0
:208aa6000000000000c30200000000000000000000000000000000000000000000000000eb
:208ac600000000000000000000000000000008000000000000000002000000000000000086
:178ae600000000000000000000000000000000000000000000000079
:208afd00000000000c3000000000000000000000000000000000000000000000000000001d
:208b1d00000000000000000000000000000040008000000000000000000000000000000078
:168b3d000000000000000000000000000000000000000000000022
:208b53000000000000c302000000000000000000000000000000000000000000000000003d
:208b73000000000000000000000000000000040010000000000000100000000000000000be
:178b93000000000000000000000000000000000000000000000000cb
:208baa00000000000c3000000000000000000000000000000000000000000000000000006f
:208bca000000000000000000000000000000000000f43e8a000000000000000018000000b7
:168bea000000000000000000000000000000000000000000000075
:208c00000000000000c302000000000000000000000000000000000000000000000000008f
:208c200000000000000000000060000000000000000d7280000000000000000000000000d5
:178c400000000000000000000000000000000000000000000000001d
:208c5700000000000c300000000000000000000000000000000000000000000000000000c1
:208c77000000000000000000001000000000000000000000000000000000000000000000cd
:168c97000000000000000000000040000000000000000000000087
:208cad000000000000c30200000000000000000000000000000000000000000000000000e2
:208ccd00000000000000000000000000000000000000000000000000000000000000000087
:178ced00000000000000000000000000000000000000000000000070
:208d040000000000000000000000000000000000000000000000000000000000000000004f
:208d240000000000000000000400000000001000005815404000000000000000000000002e
:168d440000000000000000000028100000000000000000000000e1
:208d5a000000000000000000000000000000000000000000000000000000000000000000f9
:208d7a000000000000000000004000000000060000cff29402080000000000000000000034
:178d9a000000000000000000000000000000000000000000000000c2
:208db1000000000000000000000000000000000000000000000000000000000000000000a2
:208dd100000000000000000000100000000000000d00000000100000000000004000000015
:168df1000000010000000000000400000000000010010000000056
:208e070000000000000000000000000000000000000000000000000000000000000000004b
:208e27000000000000000000000000038000000000c00000000000000000000000000000e8
:178e4700000000000000000000000000000000000000000000000014
:208e5e000000000000000000000000000000000000000000000000000000000000000000f4
:208e7e000000000000000000000000000000000900000000000000000000000000010000ca
:168e9e0000000000000000000000000000000000000000000000be
:208eb40000000000000000000000000000000000000000000000000000000000000000009e
:208ed4000000000000000000000000000000000000000000000100000000000004000c006d
:178ef400000000100000000000004000000000000000000000000017
:208f0b00000000000000000000000000000000000000000000000000000000000000000046
:208f2b000000000000000000000000402008000000fb26404000000000000000000000001d
:168f4b000000000000000000000000000000000000000000000010
:208f61000000000000000000000000000000000000000000000000000000000000000000f0
:208f81000000000000000000000000020c00000000070694400000000000000000000000e1
:178fa1000000000000000000000000000000000000000000000000b9
:208fb800000000000000000000000000000000000000000000000000000000000000000099
:208fd800000000000000000000140000000002a300000000000000000000000000000000c0
:168ff8000000000000000000000000000000000000000000000063
:20900e00000000000000000000000000000000000000000000000000000000000000000042
:20902e0000000000000000000001000000000005800000000000000000000000000000009c
:17904e0000000000000000000000000000000000000000000000000b
:209065000000000000000000000000000000000000000000000000000000000000000000eb
:2090850000000000000000000c1000000000000000000000000000000000000000000000af
:1690a5000000000000000000000000000000000100800000000034
:2090bb00000000000000000000000000000000000000000000000000000000000000000095
:2090db00000000000000000000c100000000000000000000000000000000000000000000b4
:1790fb0000000000000000000000000000000000100400000000004a
:2091120000000000000000000000000000000000000000000000000000000000000000003d
:20913200000000000000000000140c000000000000000000000000000000000000000000fd
:169152000000000000000000000000000000000000000000000007
:209168000000000000000000000000000000000000000000000000000000000000000000e7
:209188000000000000000000006b02000000000000000000000000000000000180000000d9
:1791a8000000000000000000000000000000000000000000000000b0
:2091bf00000000000000000000000000000000000000000000000000000000000000000090
:2091df00000000000000000000100000000000000000000000000000000000000000004020
:1691ff003c0000000000000000000000000000000000000000001e
:20921500000000000000000000000000000000000000000000000000000000000000000039
:20923500000000000000000000010000000000000000000000000000000000000000000711
:1792550003d800000000000000000000000000000000000000000027
:20926c000000000000000000000000000000000000000000000000000000000000000000e2
:20928c0000000000000000000400000000000000000000000000003000000002000000008c
:1692ac0000000000000000000000000000000000000000000000ac
:2092c20000000000000000000000000000000000000000000000000000000000000000008c
:2092e20000000000000000000050000000000000000000000010000000000000000000000c
:17930200000000000000000000000000000000000000000000000054
:20931900000000000000000000000000000000000000000000000000000000000000000034
:20933900000000000000000001000000000000000000000000000000000000000000000013
:1693590000000000000000000000000000000000000000000000fe
:20936f000000000000000000000000000000000000000000000000000000000000000000de
:20938f000000000000000000001000000000000000000000000000000000000000000000ae
:1793af000000000000000000000000000000000000000000000000a7
:2093c600000000000000000000000000000000000000000000000000000000000000000087
:2093e600000000000000000000400000000010000000000000000000000000000000000017
:169406000000080000000000000000000000000004000000000044
:20941c00000000000000000000000000000000000000000000000000000000000000000030
:20943c00000000000000000000080000000000800000000000000000000000000000000088
:17945c000000000000000000000000000000000000400000000000b9
:209473000000000000000000000000000000000000000000000000000000000000000000d9
:209493000000000000000000000000000010000000000000000000000000000000000000a9
:1694b30000000000000000000000000000000000000000000000a3
:2094c900000000000000000000000000000000000000000000000000000000000000000083
:2094e9000000000000000000000000001600000000800000000000000000000000000000cd
:1795090000000000000000000000000000000000000000000000004b
:209520000000000000000002800000000000000000000000000000000000000000000000a9
:20954000000000000000000000003c0000000003000000000000004000000000000000008c
:169560000000006000000000000000000000000000240000000071
:209576000000000000000000000000000000000000000000000000000000000000000000d5
:209596000000000000000000000002000000040080000000000000038000000000000000ac
:1795b60000000000000000000000000000000000000000000000009e
:2095cd0000000000000000000000000000000000000000000000000000000000000000007e
:2095ed000000000000000000000000000000400000d42a804000000370a008000000000045
:16960d000000000000000000000000000000000000000000000047
:20962300000000000000000000000000000000000000000000000000000000000000000027
:209643000000000000000000000000000000040001c5b294040000003e8f500000000000d6
:179663000000000000000000000000000000000000000000000000f0
:20967a000000000000000001000000000000000000000000000000000000000000000000cf
:20969a00000000000000000000002c000000000000000000000e0000000000000000000076
:1696ba00000000000000000000000000000000000000000000009a
:2096d00000000000000000000000000000000000000000000000000000000000000000007a
:2096f0000000000000000000006002000000000000000000000000000000000000000000f8
:179710000000000000000000000000000000000060000000000000e2
:20972700000000000000000000000000000000000000000000000000000000000000000022
:209747000000000000000000001000000000000000000000000000000000000000000000f2
:1697670000000000000000000000000000000000000000000f00dd
:20977d000000000000000000000000000000000000000000000000000000000000000000cc
:20979d000000000000000000000000000000000000000000000000020000000000000000aa
:1797bd000000000000000000000000000000000000e00001a0f480a0
:2097d400000000000000000000000000000000000000000000000000000000000000000075
:2097f400000000000000000004000000000000200000000000000000000000100001000020
:16981400000000000000000000000000000000000000000000003e
:20982a0000000000000000000000000000000000000000000000000000000000000000001e
:20984a00000000000000000000c0000000000405000000000000000000000001000018001c
:17986a000000000000000000000000000000000000000000000000e7
:209881000000000000000000000000000000000000000000000000000000000000000000c7
:2098a10000000000000000000000040000000000000000000800000178e508000000000035
:1698c100000000000000000000000000000000000a000000000087
:2098d700000000000000000000000000000000000000000000000000000000000000000071
:2098f700000000000000000000000000000000000000000000c000000d8c040000000000f4
:17991700000000000000000000000000000000000000000000000039
:20992e00000000000000000000000000000000000000000000000000000000000000000019
:20994e00000000000000000000000c000000000000000000000000000000000000300500b8
:16996e003c20000000000000000000000000000000000000000087
:209984000000000000000000000000000000000000000000000000000000000000000000c3
:2099a400000000000000000000000200000000000000000000000000000000000000003a67
:1799c4003c0000000000000000000000000000000000000000000050
:2099db0000000000000000000000000000000000000000000000000000000000000000006c
:2099fb00000000000000000000000000002000000000000000000000000000000000902a72
:169a1b0058200000000000000000000000000000000000000000bd
:209a3100000000000000000000000000000000000000000000000000000000000000000015
:209a51000000000000000000000000001c0000000000000000000006800000000000015200
:179a710065a0000000000000000000000000000000001000000000c9
:209a88000000000000000000000000000000000000000000000000000000000000000000be
:209aa80000000000000000000010000000000000000000000000000000000000000000aae4
:169ac800580000a000000000000000000000000000000000000090
:209ade00000000000000000000000000000000000000000000000000000000000000000068
:209afe00000000000000000000010000000004000000000000000000000000000007001a22
:179b1e0025a000000000000000000200000000000000000000000069
:209b3500000000000000000000000000000000000000000000000000000000000000000010
:209b550000000000000000000c1000400000000000000000000000000000000000700036ee
:169b75005800000000000000000000000000000000000000000082
:209b8b000000000000000000000000000000000000000000000000000000000000000000ba
:209bab000000000000000000004100070000000000000000000001400000000000000052bf
:179bcb0025a0000000000000000000000000000000000000000000be
:209be200000000000000000000000000000000000000000000000000000000000000000063
:209c0200000000000000000000100000000000000000000000000000000000000070a0aa78
:169c220058000000000000000000000000000000000000000000d4
:209c380000000000000000000000000000000000000000000000000000000000000000000c
:209c5800000000000000000000610000000000000000000000600002000000018008017a25
:179c780025a000000000000000000000000000000000000000000010
:209c8f000000000000000000000000000000000000000000000000000000000000000000b5
:209caf00000000000000000000100000000000000000000000000c00000000000010002247
:169ccf0058101000100000000000000000000000000000000000f7
:209ce50000000000000000000000000000000000000000000000000000000000000000005f
:209d050000000000000000000001000000000000000000000000e000000000000008005203
:179d250025b200000000000000000000000000000000000000000050
:209d3c00000000000000000000000000000000000000000000000000000000000000000007
:209d5c000000000000000000040000000000000000000000000000004b520130000000aa6b
:169d7c0058000002d00000000000000000000000000000000000a7
:209d92000000000000000000000000000000000000000000000000000000000000000000b1
:209db200000000000000000000c0000000000400000000000000000034fd14014001805a6c
:179dd20065b000002000000000000000000000000000000000000045
:209de90000000000000000000000000000000000000000000000000000000000000000005a
:209e0900000000000000000000000000000000000000000000002c280000000000000036af
:169e290058000000000000000000000000000000000000000000cb
:209e3f00000000000000000000000000000000000000000000000000000000000000000003
:209e5f00000000000000000000000000000000000000000000000340000000000001805ac5
:179e7f0065b0000000000000000000000000000000000000000000b7
:209e96000000000000000000000000000000000000000000000000000000000000000000ac
:209eb600000000000000000000002c00000000000000000000000000000000002810802a7e
:169ed60058000000c004e9b00000000000000000000000000000c1
:209eec00000000000000000000000000000000000000000000000000000000000000000056
:209f0c00000000000000000000000200000000000000000000000000000000000008017ab0
:179f2c0065b0000020007d7d200000000000000000000000000000cf
:209f43000000000000000000000000000000000000000000000000000000000000000000fe
:209f63000000000000000000000002000000000000000000080000000000000000000032a2
:169f83005800000000000000000000000000000000000000000070
:209f99000000000000000000000000000000000000000000000000000000000000000000a8
:209fb9000000000000000000000000400c0100000000000000c00000000000000000005a21
:179fd90065b00000000000000000000000000000000000000000005c
:209ff000000000000000000000000000000000000000000000000000000000000000000051
:20a0100000000000000000000000000000000000000000000000002000000000185000aafe
:16a0300058200000000000000000000000000000000000000000a2
:20a046000000000000000000000000000000000000000000000000000000000000000000fa
:20a066000000000000000000000000000000000000000000000000e0000000002813185255
:17a0860065b00000000000000000000000000000000010000000009e
:20a09d000000000000000000000000000000000000000000000000000000000000000000a3
:20a0bd00000000000000000000000000000000000000000000000002607400000000002687
:16a0dd005800000000000000000000000000000000000000000015
:20a0f30000000000000000000000000000000000000000000000000000000000000000004d
:20a113000000000000000000000000000000000000000000001000601d8a44200000185a3f
:17a1330025b040000000000000000000000000000000000000000000
:20a14a000000000000000000000000000000000000000000000000000000000000000000f5
:20a16a00000000000000000000000000000000000000000000002401c05009000070002afd
:16a18a0058000000c00000000000000000000000000000000000a7
:20a1a00000000000000000000000000000000000000000000000000000000000000000009f
:20a1c000000000000000000000600000000000000000000000600240178f010180000072e3
:17a1e00065b000002000000000000000000000000000000000000033
:20a1f700000000000000000000000000000000000000000000000000000000000000000048
:20a2170000000000000000000010000000000000000000000000003c00000000000080213a
:16a237009820000000000000000000000000000000000000000059
:20a24d000000000000000000000000000000000000000000000000000000000000000000f1
:20a26d00000000000000000000000000000000000000000000000000000000000000015878
:17a28d0059a000000e000000000000000000000000000000000000b3
:20a2a400000000000c3000000000000000000000000000000000000000000000000000005e
:20a2c40000000000000000000c00020000000000000000000000002000000000010000004b
:16a2e40000000000002400a0100000000000000000000000000090
:20a2fa000000000000c302000000000000000000000000000000000000000000000000007f
:20a31a00000000000000000000c001c00000000000000000000000004000000000018000e1
:17a33a000000000000026aa5400000000000000000000000000000bb
:20a35100000000000c300000000000000000000000000000000000000000000200000000ae
:20a37100000000000000000000000040000000000000000000200002e05f00a00008d08231
:16a39100800100c00004b0001000000000000000023c0000000073
:20a3a7000000000000c30200000000000000000000000000000000000000000000000000d1
:20a3c7000000000000000000000a20070000000000000000000400003eaa540b0005015a9a
:17a3e700a80000000002d910000000000000000000000000000000cc
:20a3fe00000000000c30000000000000000000000000000000000000000000000000000003
:20a41e00000000000000000000000040000000000000000000002c3c40a500800000c00150
:16a43e00540280000007a500100000000000000000000000000076
:20a454000000000000c3020000000000000000000000000000000000000000000000000023
:20a474000000000000000000000000020000000000000000000002e06005a4000000015f7b
:17a4940095500c0000037970000200000000000000000000000000d2
:20a4ab00000000000c30000000000000000000000000000000000000000000000000000055
:20a4cb0000000000000000000000000020080000000000000000000000500184220005a3aa
:16a4eb00880000800004bac0000000000000000040803ac0a0205b
:20a501000000000000c3020000000000000000000000000000000000000000000000000075
:20a521000000000000000000000000000e000000000000000000014007c505004000005a60
:17a54100e00040001e02d91441000000000000000a100004ef500830
:20a55800000000000c300000000000000000000000000000000000000000000000000000a7
:20a578000000000000000000001800000000018000000000000000000000000000d1a000b9
:16a5980000000002c4049ef08000000000000000000000000000d5
:20a5ae000000000000c30200000000000000000000000000000000000000000000000000c8
:20a5ce000000000000000000000100000000040000000000000000000000000040058b0098
:17a5ee0000000000213a6b6c400000000000000000000000000000e4
:20a60500000000000c3000000000003fc4400000000000000000000000000004140000009e
:20a6250000000000000000000c1c000000004000000000000000262cea0000000050000021
:16a64500000080000004b2000200001000000000000000000000b7
:20a65b000000000000c3020000000003fcc40060000000000000000000000000a000000057
:20a67b00000000000000000000c1000000000000000000000000026034c080800003800025
:17a69b00000004001c02d94000100001a000000000000000000000bc
:20a6b200000000000c3000000000000000000000000000000000000000000000000000004c
:20a6d200000000000000000000180000000002800000000000000000000000000058b5e0e1
:16a6f200000000e2e20003c000000000043c00000000000000008b
:20a708000000000000c302000000000000000000000000000000000000000000000000006c
:20a7280000000000000000000061000000000000000000000060006000000001800d089ebc
:17a74800c20206003e70003c62180000002bc10200000000000000de
:20a75f00000000000c3000000000000000000000000000000000000000000000000000009e
:20a77f000000000000000000001c000000000000000000000080000000000000000007f720
:16a79f00940000000004b9f00040000000000000600200000000c1
:20a7b5000000000000c302000000000000000080000000000000000000000000000000003f
:20a7d5000000000000000000000100000000000000000000000400000000000000000076e9
:17a7f500701020000002d97f000400000000000008006000000000e7
:20a80c00000000000c300000000000000000000000000000000000000000000000000000f0
:20a82c0000000000000000000400000000001000000000000400800000000000005007fe1f
:16a84c0080000003c4000000000013000000000000000010f02874
:20a862000000000000c3020000000000000000000000000000000000000000000000000011
:20a8820000000000000000000040000000000280000000000050040000000000000f00b6db
:17a8a2002400000000700000000002100000000000080381ef040872
:20a8b900000000000c30000000000000000000000000000000000000000000000000000043
:20a8d90000000000000000000000000000000020000000000000040000000002805089b22e
:16a8f90084008000043d9da00000001000000000a0000000000017
:20a90f000000000000c3020000000000000000000000000000000000000000000000000063
:20a92f0000000000000000000000000000000430000000000000400300000000000000b6db
:17a94f0090904c000e685880408000008000000004000000000000f3
:20a96600000000000c30000000000000000000000000000000000000000000000000000095
:20a9860000000000000000000000000000000000000000000000800000000020020080414e
:16a9a6004020000000040a00000050007015400006000000000012
:20a9bc000000000000c30200000000000000000000000000000000000000000000000000b6
:20a9dc000000000000000000000000000000000000000000000010000000000300500117e0
:17a9fc001400000000001a0a4080000089b29401000000000000007c
:20aa1300000000000c300000000000000000000000000000000000000000000000000000e7
:20aa3300000000000000000000000000200400000000000000000000000000000071a000ce
:16aa5300000000080380050000000300043c021000000000000008
:20aa69000000000000c3020000000000000000000000000000000000000000000000000008
:20aa8900000000000000000000000000140000000000000000000000000000000000190080
:17aaa900000000010f00de50000000000073c100000800000000001c
:20aac000000000000c3000000000000000000000000000000000000000000000000000003a
:20aae000000000000000000000000000000002a00000000008000001c05a000018b00000c9
:16ab0000000000c3c0070e5000080000003c002000020000f00001
:20ab16000000000000c302000000000000000000000000000000000000000000000000005a
:20ab3600000000000000000000000000000006850000000000c00000000a540c0008000042
:17ab56000000000006695e804a000000007bc1000001c001af05801f
:20ab6d00000000000c3000000000000000000000000000000000000000000000000000008c
:20ab8d0000000000000000000000002c00001000000000000c000000000000000000c000a0
:16abad0000004000401c0f50000005000000000100400000000051
:20abc3000000000000c30200000000000000000000000000000000000000000000000000ad
:20abe300000000000000000000000000400000000000000000c0c000000000000000000092
:17ac030000000c002e71faaa00000081a000000010100000000000aa
:20ac1a00000000000c300000000000000000000000000000000000000000000000000000de
:20ac3a00000000000000000000001c00000000200000000000000400000000000001897ab6
:16ac5a00d4800000000000000000070a043c00000000000000003f
:20ac70000000000000c30200000000000000000000000000000000000000000000000000ff
:20ac90000000000000000000006002000000000500000000006000000000000180001efe40
:17acb0000c10060000200000001800d8103bc10460000000000000eb
:20acc700000000000c30000000000000000000000000000000000000000000000000000031
:20ace7000000000000000000001000000000000000000000000000000000000030d100c07c
:16ad07002800000002f4a48000000000d2400000000000000000e2
:20ad1d002000000000c3020010000000000000000000000000000000000000000000000021
:20ad3d000000002000000000000020000000000000000000000014000000000000001c1274
:17ad5d008292000814024aed4800180005644001000000000000006c
:02ad74000000dd
:03ad760072015017
:02ad79001102c5
:02ad7b000101d4
:20ad7d0000000000000000000200000000000008000000000000000000001000000000009c
:20ad9d000040000200000000000000040040000000000001000008000000000000200000e7
:16adbd0000000000800000000000020000000000000800000000f6
:20add300000000000000000000100000000000004000000000000100000000000004000209
:20adf300c000000010000000000400028000000000000000000000000000000000000000ea
:17ae13000000000004000000000000100000000000004000000000d4
:20ae2a000000000000000000000000000000000000000000000000000000200000000000e8
:20ae4a0000800000800000000000000000800000000000020000000000000000000800005e
:16ae6a0000000000000000000000000000000000000000000008ca
:20ae80000000000000000000000000000000000000000000000002000000000000080000a8
:20aea00000000000000000000008000000000000200000000000000000000000000000006a
:17aec0000000000000000000000000000000000000008000000000fb
:20aed70000000000000000000000000000000000000000000000000000001000003000001b
:20aef70000400000000000000030000000400000000000010000000000000000000000008a
:16af17000000000000000000000000000000000000000000000024
:20af2d000000000000000000000000000000000000000000000000c0000000000003000041
:20af4d00000000000000000000030000000000000c000000000000000000000000000000d5
:17af6d000000000000000000000000000000000000000000000000cd
:20af84000000000000000000000000000000000000000000000000000000000000000000ad
:20afa40000000000000000000000003000000000000000000000000000000000000000104d
:16afc4000000000000000000000000000000000000000220000055
:20afda00000000000000000000000000000000000000000000000000000000000000000057
:20affa000000000000000000000000004000000000000000000000000000000000000001f6
:17b01a00a0000000000000000000000000000000000000000000007f
:20b031000000000000000000000000000000000000000000000000040000000000001000eb
:20b05100000000000000000000001000000000020040000000000800000000000020000065
:16b0710000000000000000000000000000000000000001000000c8
:20b087000000000000000000000000000000000000000000000000000000000000000000a9
:20b0a700000000000800000000000000000000000000000000000000003c000000008000c5
:17b0c70000000000000000000000000000000000000008000000006a
:20b0de00000000000000000000000000000000000000000000000000000000000000000052
:20b0fe00000000000000000000400000000000008000f00000000300000000000008000077
:16b11e00000000000000000000000000000000000000000000001b
:20b134000000000000000000000000000000000000000000000000000000000000000000fb
:20b1540000000000000000000008000000000000080001001000002000000040000040001a
:17b174000001000000000000000000000000000000000000000000c3
:20b18b000000000000000000000000000000000000000000000000001a000000000000008a
:20b1ab00000000000000000000000000000000000001a000000000000000000000000000e3
:16b1cb00000000000000000000000000000000000000000000006e
:20b1e10000000000000000000000000000000000000000000000000000000000000000004e
:20b2010000000000000000000000000000000000000000002000000000000080000000008d
:17b22100000200000000000000000000000000000000000000000014
:20b238000000000000000000000000000000000000000000000000000000000000000000f6
:20b2580000000000000000000000000000000000008000000000000200000000000008004c
:16b2780000000000000000000000000000000000000000000000c0
:20b28e000000000000000000000000000000000000000000000000000000000000000000a0
:20b2ae00000000000000000000000000000000000000000010000000000000400000000030
:17b2ce00000100000000000000000000000000000000000000000068
:20b2e5001030c0000000000000000000000000000000000000000000000000000000000049
:20b305000000000000000000000000000040000000000000000000000000000000000000e8
:16b325000000000000000000000000000000000000000000000012
:20b33b0000030c0000000000000000000000000000000000000000000000000000000000e3
:20b35b000000000000000000000000000008000000000000000000000000000000000000ca
:17b37b000000000000000000040000000000000000000000000000b7
:20b392001030c000000000000000000000000000000000000000000000000000000000009b
:20b3b20000000000000000000000000000000000000000000000000000000000000000007b
:16b3d200000000000000000000000000000000040bc1e0000001b4
:20b3e80080030c0000000000000000000000000000000000000000000000000000000000b6
:20b40800000000000000000000000000000000000000000000000000000000000000000024
:17b4280000000000000000000000000000000000003c0200000000cf
:20b43f001030c00000000000000000000000000000000000000000000000000000000000ed
:20b45f000000000000000000000000000000000000000000000000000000000000000000cd
:16b47f0000000000000000000000000000000000000000000000b7
:20b4950000030c000000000000000000000000000000000000000000000000000000000088
:20b4b500000000000000000000000000000000000000000000000000000000000000000077
:17b4d500000000000000000000000000000000000000000000000060
:20b4ec001030c0000000000000000000000000000000000000000000000000000000000040
:20b50c0000000000000000000000000000000000000000000000000000000000000000001f
:16b52c000000000000000000000000000000000000000000008089
:20b5420000030c0000000000000000000000000000000000000000000000000000000000da
:20b562000000000000000000000000000000000000000000000000000000000000000000c9
:17b582000000000000000000000000000000000000000000000000b2
:20b599001030c0000000000000000000000000000000000000000000000000000000000092
:20b5b900000000000000000000000000000000000000000000000000000000000000000072
:16b5d9000008000000000000000000000000000000000000000054
:20b5ef0000030c00000000000000000000000000000000000000000000000000000000002d
:20b60f0000000000000000000000000000000000000000000000000000000000000000001b
:17b62f00000000000000000000000000000000000000000000000004
:20b646001030c00000000000000000000000000000000000000000000000000000000000e4
:20b666000000000000000000000000000000000000000000000000000000000000000000c4
:16b6860000000000000000000000000000000000000000000000ae
:20b69c0000030c00000000000000000000000000000000000000000000000000000000007f
:20b6bc0000000000000000000000000000000000000000000000000000000000000000006e
:17b6dc00000000000000000000000000000000000000000000000057
:20b6f3001030c0000000000000000000000000000000000000000000000000000000000037
:20b71300000000000000000000000000000000000000000000000000000000000000000016
:16b733000000000000000000000000000000000000000000000000
:20b7490000030c0000000000000000000000000000000000000000000000000000000000d1
:20b769000000000000000000000000000000000000000000000000000000000000000000c0
:17b789000000000000000000000000000000000000000000000000a9
:20b7a0001030c0000000000000000000000000000000000000000000000000000000000089
:20b7c000000000000000000000000000000000000000000000000000000000000000000069
:16b7e00000000000000000000000000000000000000000700000e3
:20b7f60000030c000000000000000000000000000000000000000000000000000000000024
:20b81600000000000000000000000000000000000000000000000000000000000000000012
:17b8360000000000000000000000000000000000000000008000007b
:20b84d001030c00000000000000000000000000000000000000000000000000000000000db
:20b86d000000000000000000000000000000000000000000000000000000000000000000bb
:16b88d0000000000000000000000000000000000000000000000a5
:20b8a30000030c000000000000000000000000000000000000000000000000000000000076
:20b8c300000000000000000000000000000000000000000000000000000000000000000065
:17b8e30000000000000000000000000000000000000000000000004e
:20b8fa001030c000000000000000000000000000000000000000000000000000000000002e
:20b91a0000000000000000000000000000000000000000000000000000000000000000000d
:16b93a0000000000000000000000000000000000000000000000f7
:20b9500000030c0000000000000000000000000000000000000000000000000000000000c8
:20b970000000000000000000000000000000000000000000000000000000000000000000b7
:17b990000000000000000000000000000000000000000000000000a0
:20b9a7001030c0000000000000000000000000000000000000000000000000000000000080
:20b9c700000000000000000000000000000000000000000000000000000000000000000060
:16b9e700000000000000000000000000000000000000000000004a
:20b9fd0000030c00000000000000000000000000000000000000000000000000000000001b
:20ba1d00000000000000000000000000000000000000000000000000000000000000000009
:17ba3d000000000000000000000000000000000000000000000000f2
:20ba54001030c00000000000000000000000000000000000000000000000000000000000d2
:20ba74000000000000000000000000000000000000000000000000000000000000000000b2
:16ba9400000000000000000000000000000000000000000000009c
:20baaa0000030c00000000000000000000000000000000000000000000000000000000006d
:20baca0000000000000000000000000000000000000000000000000000000000000000005c
:17baea00000000000000000000000000000000000000000000000045
:20bb01001030c0000000000000000000000000000000000000000000000000000000000024
:20bb2100000000000000000000000000000000000000000000000000000000000000000004
:16bb410000000000000000000000000000000000000000000000ee
:20bb570000030c0000000000000000000000000000000000000000000000000000000000bf
:20bb77000000000000000000000000000000000000000000000000000000000000000000ae
:17bb9700000000000000000000000000000000000000000000000097
:20bbae001030c0000000000000000000000000000000000000000000000000000000000077
:20bbce00000000000000000000000000000000000000000000000000000000000000000057
:16bbee000000000000000000000000000000000000000000000041
:20bc040000030c000000000000000000000000000000000000000000000000000000000011
:20bc2400000000000000000000000000000000000000000000000000000000000000000000
:17bc44000000000000000000000000000000000000000000000000e9
:20bc5b001030c00000000000000000000000000000000000000000000000000000000000c9
:20bc7b000000000000000000000000000000000000000000000000000000000000000000a9
:16bc9b000000000000000000000000000000000000000000000093
:20bcb10000030c000000000000000000000000000000000000000000000000000000000064
:20bcd100000000000000000000000000000000000000000000000000000000000000000053
:17bcf10000000000000000000000000000000000000000000000003c
:20bd08001030c000000000000000000000000000000000000000000000000000000000001b
:20bd28000000000000000000000000000000000000000000000000000000000000000000fb
:16bd480000000000000000000000000000000000000000000000e5
:20bd5e0000030c0000000000000000000000000000000000000000000000000000000000b6
:20bd7e000000000000000000000000000000000000000000000000000000000000000000a5
:17bd9e0000000000000000000000000000000000000000000000008e
:20bdb5001030c000000000000000000000000000000000000000000000000000000000006e
:20bdd50000000000000000000000000000000000000000000000000000000000000000004e
:16bdf5000000000000000000000000000000000000000000000038
:20be0b0000030c000000000000000000000000000000000000000000000000000000000008
:20be2b000000000000000000000000000000000000000000000000000000000000000000f7
:17be4b000000000000000000000000000000000000000000000000e0
:20be62001030c00000000000000000000000000000000000000000000000000000000000c0
:20be82000000000000000000000000000000000000000000000000000000000000000000a0
:16bea200000000000000000000000000000000000000000000008a
:20beb80000030c00000000000000000000000000000000000000000000000000000000005b
:20bed80000000000000000000000000000000000000000000000000000000000000000004a
:17bef800000000000000000000000000000000000000000000000033
:20bf0f001030c0000000000000000000000000000000000000000000000000000000000012
:20bf2f00000000000000000000000000000000000000000080000000000000000000000072
:16bf4f0000000000000000000000000000000000000000000000dc
:20bf650000030c0000000000000000000000000000000000000000000000000000000000ad
:20bf850000000000000000000000000000000000000000000000000000000000000000009c
:17bfa500000000000000000000000000000000000000000000000085
:20bfbc001030c0000000000000000000000000000000000000000000000000000000000065
:20bfdc000000000000008000000000000000000000000000000000000000000000000008bd
:16bffc00000000000000000000000000000000000000000000002f
:20c0120000030c0000000000000000000000000000000000000000000000000000000000ff
:20c032000000000000000000000000000000000000000000000000000000000000000000ee
:17c052000000000000000000000000000000000000000000000000d7
:20c069001030c00000000000000000000000000000000000000000000000000000000000b7
:20c08900000000000000000000000000000000000000000000000000000010000000000087
:16c0a9000000000000000000000000000000000000000000000081
:20c0bf0000030c000000000000000000000000000000000000000000000000000000000052
:20c0df00000000000000000000000000000000000000000000000000000000000000000041
:17c0ff0000000000000000000000000000000000000000000000002a
:20c116001030c0000000000000000000000000000000000000000000000000000000000009
:20c136000000000000000000000000000000000000000000000000000000000000000000e9
:16c1560000000000000000000000000000000000000000000000d3
:20c16c0000030c0000000000000000000000000000000000000000000000000000000000a4
:20c18c00000000000000000000000000000000000000000000000000000000000000000093
:17c1ac0000000000000000000000000000000000000000000000007c
:20c1c3001030c000000000000000000000000000000000000000000000000000000000005c
:20c1e30000000000000000000000000000000000000000000000000000000000000000003c
:16c203000000000000000000000000000000000000000000000025
:20c2190000030c0000000000000000000000000000000000000000000000000000000000f6
:20c239000000000000000000000000000000000000000800000000000000000000000000dd
:17c259000000000000000000000000000000000000000000000000ce
:20c270001030c00000000000000000000000000000000000000000000000000000000000ae
:20c2900000000000000000000000000000000000000000000000000000000000000000008e
:16c2b0000000000000000000000000000000000000000000000078
:20c2c60000030c000000000000000000000000000000000000000000000000000000000049
:20c2e600000000000000000000000000000000000000000000000000000000000000000038
:17c30600000000000000000000000000000000000000000000000020
:20c31d001030c0000000000000000000000000000000000000000000000000000000000000
:20c33d000000000000000005000000000000000000000000000000000000000000000000db
:16c35d00005000000000000000000000000000000000000000007a
:20c3730000030c00000000000000000000000000000000000000000000000000000000009b
:20c3930000000000000000000000000000000000000000000000000000000000000000008a
:17c3b300000000000000000000000000000000000000000000000073
:20c3ca001030c0000000000000000000000000000000000000000000000000000000000053
:20c3ea00000000000000000000000000000000000000000000000000000000000000000033
:16c40a0000000000000000000000000000000060000000000001bb
:20c4200080030c00000000000000000000000000000000000000000000000000000000006d
:20c440000000000000000000000000000000000000000000000000000000000000000000dc
:17c460000000000000000000000000000000000000000000000000c5
:20c477001030c00000000000000000000000000000000000000000000000000000000000a5
:20c49700000000000000000000000000000000000000000000000000000000000000000085
:16c4b700000000000000000000000000000000000000000010005f
:20c4cd0000030c000000000000000000000000000000000000000000000000000000000040
:20c4ed0000000000000000000000000000000000000000000000000000000000000000002f
:17c50d0000000000000000000000000000000000000000000c00000b
:20c524001030c00000000000000000000000000000000000000000000000000000000000f7
:20c544000000000000000000000000000000000000000000000000000000000000000000d7
:16c5640000000000000000000000000016000000000000000000ab
:20c57a0000030c000000000000000000000000000000000000000000000000000000000092
:20c59a00000000000000000000000000000000000000000000000000000000000000000081
:17c5ba00000000000000020000000000000000000000000000000068
:20c5d1001030c000000000000000000000000000000000000000000000000000000000004a
:20c5f10000000000000000000000000000000000000000000000000000000000000000002a
:16c611000000000000000000000000000000000000000000000013
:20c6270000030c0000000000000000000000000000000000000000000000000000000000e4
:20c647000000000000000000000000000000000000000000000000000000000000000000d3
:17c667000000000000000000000000000000000000000000000000bc
:20c67e001030c000000000000000000000000000000000000000000000000000000000009c
:20c69e0000000000000000000000000000000000000000000000000000020000000000007a
:16c6be000000000000000000000000000000000000000000000066
:20c6d40000030c000000000000000000000000000000000000000000000000000000000037
:20c6f400000000000000000000000000000000000000000000000000000000000000000026
:17c7140000000000000000000000000000000000000000000000000e
:20c72b001030c00000000000000000000000000000000000000000000000000000000000ee
:20c74b000000000000000000000000000000000000000005000000000000000000000000c9
:16c76b0000000000000000000000000000000000000000000000b8
:20c7810000030c000000000000000000000000000000000000000000000000000000000089
:20c7a100000000000000000000000000000000000000000000000000000000000000000078
:17c7c1000000000000000000000000000000008000000000000200df
:20c7d8001030c0000000000000000000000000000000000000000000000000000000000041
:20c7f800000000000000000000000000000000000000000000000000000000000000000021
:16c81800000000000000000000820f58000000000a94000000c0c3
:20c82e0000030c0000000000000000000000000000000000000000000000000000000000db
:20c84e000000000000000000000000000000000000000000000000000000000000000000ca
:17c86e000000000000000000000040f080000000001680a0000000cd
:20c88500000000000000000000000000000000000000000000000000000000000000000093
:20c8a500000000000000000000000000000000000000000000000000000000000000000073
:16c8c500000000000000000000000000000000000000000000005d
:20c8db0000000000000000000000000000000000000000000000000000000000000000003d
:20c8fb0000000000000000000000000000000000000000000000000000000000000000001d
:17c91b00000000000000000000000000000000000000000000000005
:20c932000000000000000000000000000000000000000000000000000000000000000000e5
:20c952000000000000000000000000000000000000000000000000000000000000000000c5
:16c9720000000000000000000000000000000000000000000000af
:20c9880000000000000000000000000000000000000000000000000000000000000000008f
:20c9a80000000000000000000000000000000000000000000000000000000000000000006f
:17c9c800000000000000000000000000000000000000000000000058
:20c9df00000000000000000000000000000000000000000000000000000000000000000038
:20c9ff00000000000000000000000000000000000000000000000000000000000000000018
:16ca1f000000000000000000000000000000000000000000000001
:20ca35000000000000000000000000000000000000000000000000000000000000000000e1
:20ca55000000000000000000000000000000000000000000000000000000000000000000c1
:17ca75000000000000000000000000000000000000000000000000aa
:20ca8c0000000000000000000000000000000000000000000000000000000000000000008a
:20caac0000000000000000000000000000000000000000000000000000000000000000006a
:16cacc000000000000000000000000000000000000000000000054
:20cae200000000000000000000000000000000000000000000000000000000000000000034
:20cb0200000000000000000000000000000000000000000000000000000000000000000013
:17cb22000000000000000000000000000000000000000000000000fc
:20cb39000000000000000000000000000000000000000000000000000000000000000000dc
:20cb59000000000000000000000000000000000000000000000000000000000000000000bc
:16cb790000000000000000000000000000000000000000000000a6
:20cb8f00000000000000000000000000000000000000000000000000000000000000000086
:20cbaf00000000000000000000000000000000000000000000000000000000000000000066
:17cbcf0000000000000000000000000000000000000000000000004f
:20cbe60000000000000000000000000000000000000000000000000000000000000000002f
:20cc060000000000000000000000000000000000000000000000000000000000000000000e
:16cc260000000000000000000000000000000000000000000000f8
:20cc3c000000000000000000000000000000000000000000000000000000000000000000d8
:20cc5c000000000000000000000000000000000000000000000000000000000000000000b8
:17cc7c000000000000000000000000000000000000000000000000a1
:20cc9300000000000000000000000000000000000000000000000000000000000000000081
:20ccb300000000000000000000000000000000000000000000000000000000000000000061
:16ccd300000000000000000000000000000000000000000000004b
:20cce90000000000000000000000000000000000000000000000000000000000000000002b
:20cd0900000000000000000000000000000000000000000080000000000002000000000088
:17cd2900000800000000000020000000000000800000000000020049
:20cd40000000000000000000000000000000000000000000000000000000000000000000d3
:20cd60000000000000000000000000000000000000000000000000000000000000000000b3
:16cd80000000000000000002000000000000080000000000002073
:20cd960000000000000000000000000000000000000000000000000000000000000000007d
:20cdb60000000000000000000000000000000000000000000000000000000000000000005d
:17cdd600000000000000000000000000000000000000000000000046
:20cded00000000000000000000000000000000000000000000000000000000000000000026
:20ce0d00000000000000000000000000000000000000000000000000000000000000000005
:16ce2d0000000000000000000000000000000000000000000000ef
:20ce43000000000000000000000000000000000000000000000000000000000000000000cf
:20ce63000000000000000000000000000000000000000000000000000000000000000000af
:17ce8300000000000000000000000000000000000000000000000098
:20ce9a00000000000000000000000000000000000000000000000000000000000000000078
:20ceba00000000000000000000000000000000000000000000000000000000000000000058
:16ceda000000000000000001000000000000000000000000000041
:20cef000000000000000000000000000000000000000000000000000000000000000000022
:20cf1000000000000000000000000000000000000000000000000000000000000000000001
:17cf30000000000000000000000000000000000000000000000000ea
:20cf47000000000000000000000000000000000000000000000000000000000000000000ca
:20cf67000000000000000000000000000000000000000000000000000000000000000000aa
:16cf87000000000000000000000000000000000000000000000094
:20cf9d00000000000000000000000000000000000000000000000000000000000000000074
:20cfbd00000000000000000000000000000000000000000000000000000000000000000054
:17cfdd0000000000000000000000000000000000000000000000003d
:20cff40000000000000000000000000000000000000000000000000000000000000000001d
:20d014000000000000000000000000000000000000000000000000000000000000000000fc
:16d0340000000000000000000000000000000000000000000000e6
:20d04a000000000000000000000000000000000000000000000000000000000000000000c6
:20d06a000000000000000000000000000000000000000000000000000000000000000000a6
:17d08a0000000000000000000000000000000000000000000040004f
:20d0a10000000000000000000000000000000000000000000000000000000000000000006f
:20d0c10000000000000000000000000000000000000000000000000000000000000000004f
:16d0e1000000000000000000000000000000000000000000000039
:20d0f700000000000000000000000000000000000000000000000000000000000000000019
:20d117000000000000000000000000000000000000000000000000000000000000000000f8
:17d137000000000000000000000000000000000000000000000000e1
:20d14e000000000000000000000000000000000000000000000000000000000000000000c1
:20d16e000000000000000000000000000000000000000000000000000000000000000000a1
:16d18e00000000000000000000000000000000000000000000008b
:20d1a40000000000000000000000000000000000000000000000000000000000000000006b
:20d1c40000000000000000000000000000000000000000000000000000000000000000004b
:17d1e400000000000000000000000000000000000000000000000034
:20d1fb00000000000000000000000000000000000000000000000000000000000000000014
:20d21b000000000000000000000000000000000000000000000000000000000000000000f3
:16d23b0000000000000000000000000000000000000000000000dd
:20d251000000000000000000000000000000000000000000000000000000000000000000bd
:20d2710000000000000000000000000000000000000000000000000000000000000000009d
:17d29100000000000000000000000000000000000000000000000086
:20d2a800000000000000000000000000000000000000000000000000000000000000000066
:20d2c800000000000000000000000000000000000000000000000000000000000000000046
:16d2e8000000000000000000000000000000000000000000000030
:20d2fe00000000000000000000000000000000000000000000000000000000000000000010
:20d31e000000000000000000000000000000000000000000000000000000000000000000ef
:17d33e000000000000000000000000000000000000000000000000d8
:20d355000000000000000000000000000000000000000000000000000000000000000000b8
:20d375000000000000000000000000000000020f5020000000040208d8000000000002002f
:16d395000000002024150a000002bd9a1c28000001e8d9000100bf
:20d3ab00000000000000000000000000000000000000000000000000000000000000000062
:20d3cb0000000000000000000000000000000800f003c0000000001d050000000000000461
:17d3eb0000000001006ef90a000007f5e0270000012e2fb0000000a8
:20d4020000000000000000000000000000000000000000000000000000000000000000000a
:20d422000000000000000000000000000080020f10000102600da44a80000180a57ff802cc
:16d44200d006102016b00b0018007a5f1e00806000434ff1e000ab
:20d458000000000000000000000000000000000000000000000000000000000000000000b4
:20d4780000000000000000000000000000100800f080000840001a4d070000000052bbc089
:17d4980060800001141e0180000802a5bc201020800007db9000003c
:20d4af0000000000000000000000000000000000000000000000000000000000000000005d
:20d4cf000000000000000000000000000000020f780004003008ac4f180400084075e000c4
:16d4ef000022102146819e000802bdb246040230000000b00000ca
:20d50500000000000000000000000000000000000000000000000000000000000000000006
:20d5250000000000000000000000000000000000f08003c002003a25ad000000800fbb80db
:17d54500000120222c0b0100008007fb780200030000000f00000046
:20d55c000000000000000000000000000000000000000000000000000000000000000000af
:20d57c00000000000000000000000000000002a5004038700000156819b000040cc186075c
:16d59c00830000155f8198014000fa379478000000000078101053
:20d5b200000000000000000000000000000000000000000000000000000000000000000059
:20d5d20000000000000000000000000000000805a030000000000141000a000000cc022c16
:17d5f200000000000009000008000ff0e0200000000000008e000084
:20d60900000000000000000000000000000000000000000000000000000000000000000001
:20d62900000000000000000000000000000002a5000000000400017e018080000c39b206b9
:16d64900800000954e00000000c0db007e200000000000d00180de
:20d65f000000000000000000000000000000000000000000000000000000000000000000ab
:20d67f0000000000000000000000000000000005a03c400000000141e0000000008333543e
:17d69f0000000002a80a000000000e702d4400000000000b80000046
:20d6b600000000000000000000000000000000000000000000000000000000000000000054
:20d6d60000000000000000000000000000000000000020000001eb785800001403c0004041
:16d6f600400000aa94100e00401000dac03800000040f97810009f
:20d70c000000000000000000000000000000000000000000000000000000000000000000fd
:20d72c00000000000000000000000000000000000000000000000aafb0000000003c002612
:17d74c0038000001540c000008000083fa47800000001de08a00005a
:20d763000000000000000000000000000000000000000000000000000000000000000000a6
:20d783000000000000000000000000000000820f700400000010017e80a0000000000006cc
:16d7a300800000203ff00000000000003e00000000016b78b0804f
:20d7b900000000000000000000000000000000000000000000000000000000000000000050
:20d7d90000000000000000000000000001c00000f080600000000281e11000000000003cef
:17d7f9003c000000416b0000000000000060000000151d908a000085
:20d810000000000000000000000000000000000000000000000000000000000000000000f8
:20d830000000000000000000000000000100020f58000000021aa85a00a0000029bbe9667d
:16d8500080000097d4100a00400010da9c70000000000000000087
:20d866000000000000000000000000000000000000000000000000000000000000000000a2
:20d8860000000000000000000000000000000000f002400000a02a830d100000041afba429
:17d8a60000000002bc0cd1ba08000003f42780000000000009000067
:20d8bd0000000000000000000000000000000000000000000000000000000000000000004b
:20d8dd000000000000000000000000000040007abb46000000083dc0000000108081f20662
:16d8fd001000009094e80008800400d666780000000000000400b5
:20d913000000000000000000000000000000000000000000000000000000000000000000f4
:20d933000000000000000000000000000008010151b14003000003c00000000000009aa484
:17d9530002000002017910b00000038de44008000000000000800043
:20d96a0000000000000000000000000000000000000000000000000000000000000000009d
:20d98a000000000000000000000000000000020f1806000060083cc0000001802a01f0c08e
:16d9aa002006002017d00014980220bbbe00006001eb4d70e00109
:20d9c0008000000000000000000000000000000000000000000000000000000000000000c7
:20d9e00000000000000000000000000000000000f0824280000003c200000000005f0602c7
:17da000029000000016b50b014000e092dc00000201d3de0980080f0
:20da17000000000000000000000000000000000000000000000000000000000000000000ef
:20da37000000000000000000000000000000807aba5c0002200a9400580000800000000621
:16da57000550002954c00b0000062577b42000000093dc78e004db
:20da6d00000000000000000000000000000000000000000000000000000000000000000099
:20da8d00000000000000000300000000000000015df0200013001680c080800c000000147f
:17daad00406202017c3f518a000001f32644000000162ce3800180a3
:20dac400000000000000000000000000000000000000000000000000000000000000000042
:20dae4000000000000000000000000000000020f5814700100083ce000e000100051f000df
:16db04000000108207ed00014102c75694790001333c6018b0007f
:20db1a00c0000000000000000000000000000000000000000000000000000000000000002b
:20db3a0000000000000000000000000000000000f0002400202003c0001018000000060086
:17db5a0000000000301b500008000c19202428200633c0058e040cc4
:20db7100000000000000000000000000000000000000000000000000000000000000000094
:20db91000000000000000000000000000001007a3f40628000083de000000000c008240087
:16dbb1000000009094e70000000220d60004000002967a000541ff
:20dbc70000000000000000000000000000000000000000000000000000000000000000003e
:20dbe7000000000000000000000000000080000159b00000000003c0070800000018b200f8
:17dc0700000000020079080000000183fd438000003fbfbf00000082
:20dc1e000000000000000000000000000000000000000000000000000000000000000000e6
:20dc3e000000000000000002000000000000020f3806640000083d60000800002691860621
:16dc5e000040000147c8010000020aff0602800108417b00e140e6
:20dc7400000000000000000000000000000000000000000000000000000000000000000090
:20dc940000000000000000004000000000000000f083e380000003c0000e00000096d3041c
:17dcb40000000000002a1081000000892c02500004000189100000f9
:20dccb00000000000000000000000000000000000000000000000000000000000000000039
:20dceb000000000000000000000000000000007a3e4e000000000000000000002668040081
:16dd0b00000000b1b4d7800000024256546000000a955b01e0001d
:20dd21000000000000000000000000000000000000000000000000000000000000000000e2
:20dd4100000000000000000000000000000000815ff0000000000000000e00000099b20099
:17dd6100000000130efff8000000080bf0024010c13e82801e00001f
:20dd780000000000000000000000000000000000000000000000000000000000000000008b
:20dd98000000000000000000000000000000020f7800780000000000001400000000000056
:16ddb80000000000000700400082505740280000000000900000ed
:20ddce00000000000000000000000000000000000000000000000000000000000000000035
:20ddee0000000000000000000000000000000000f000000000000000000d200000000000f8
:17de0e00000000000000080a400000a0b403c0000000000f880100fc
:20de25001030c00000000000000000000000000000000000000000000000000000000000dd
:20de45000000000000000000000000000000020f380000050003e06930a0000060f780007c
:16de650001000043dda500000000055780000000014b5c0000005d
:20de7b0000030c000000000000000000000000000000000000000000000000000000000078
:20de9b0000000000000000000000000000000000f00240002004152e900a0000000f000025
:17debb0002800003c0c000a00000005040400000022815c008014093
:20ded2001030c0000000000000000000000000000000000000000000000000000000000030
:20def2000000000000000000000000000000020f580000426001ea6978b00180000002e026
:16df120000260043c48500000042df33d4785161000c6000c015b4
:20df280080030c00000000000000000000000000000000000000000000000000000000004a
:20df480000000000000000000000000000000000f003c0001000055e971e00000000002eb0
:17df680000010003c000080400008e70fb4344200000c205080080e3
:20df7f001030c0000000000000000000000000000000000000000000000000000000000082
:20df9f000000000000000000000000000000020f780400202118f55dd800008020f38140fe
:16dfbf00020a0043c5e0000000007a9be02c002002474c5008002a
:20dfd50080030c00000000000000000000000000000000000000000000000000000000009d
:20dff50000000000000000000000000000000000f000200002000980958b000c000f000036
:17e015000200b003c01000000008074d66c380020014bd800e0c0cf1
:20e02c001030c00000000000000000000000000000000000000000000000000000000000d4
:20e04c000000000000000000000000000000020f500079000001e86f80a0000060f1800091
:16e06c0000000043c5c0000000002133d6000201100c6000e00845
:20e08200c0030c0000000000000000000000000000000000000000000000000000000000af
:20e0a20000000000000000000000000000000000f08006400020055f910a0000000f080072
:17e0c20000000003c00000a000000847ef6020400000c20000010c17
:20e0d9001030c0000000000000000000000000000000000000000000000000000000000027
:20e0f9000000000000000000000000000010020f580000000803e07b0000000120f1800096
:16e1190000000043c48001000000aa70540000020162ed380180ef
:20e12f0000030c0000000000000000000000000000000000000000000000000000000000c1
:20e14f0000000000000000000000000000000000f00000004000151e91008000000f080025
:17e16f0000000003c01070f00000055025e0080000174fe00e008030
:20e186001030c0000000000000000000000000000000000000000000000000000000000079
:20e1a6000000000000000000000000000000020f38003c620001e87b00e0080020f3800291
:16e1c6000000002a85e701000000aa360000000018bfd979e400bf
:20e1dc0000030c000000000000000000000000000000000000000000000000000000000014
:20e1fc0000000000000000000000000000000000f00007405000057e90100000800f083c86
:17e21c0040000002a8000091c0008aa0c00000000163dfc01fa140c3
:20e233001030c00000000000000000000000000000000000000000000000000000000000cb
:20e2530000000000000000000000000000000000000000000108f46bb9b0000020f703e0e0
:16e2730000000000000001004000571ace60410000146158e000c7
:20e2890000030c000000000000000000000000000000000000000000000000000000000066
:20e2a900000000000000000000000000000000000000000000000981950a0000040f082ce5
:17e2c90000000000000000f008000527e242802040028090001c00e8
:20e2e0001030c000000000000000000000000000000000000000000000000000000000001e
:20e300000000000000000000000000000000020f1800010002028e7e7810000020f7000024
:16e320000000001ebedf18800040c550200560000015d879f40858
:20e3360080030c000000000000000000000000000000000000000000000000000000000038
:20e3560000000000000000000000000000000000f08003e8000000f5908e0001000f080021
:17e3760038000041d2f9990400000ca036434000000141000a0148b5
:20e38d00000000000000000000000000000000000000000000000000000000000000000070
:20e3ad000000000000000000800000000000007a5340000000083dc07800000020f581e0d0
:16e3cd00282080a177a781000000cc7f80000000000000f810005f
:20e3e30000000000000000000000000000000000000000000000000000000000000000001a
:20e40300000000000000000000000000000000815da00000000003c200080002000f00029b
:17e42300000080051d5f18c18400033374000000000000070c0000c7
:20e43a000000000000000000000000000000000000000000000000000000000000000000c2
:20e45a000000000000000000000000000000020f38000000602a94000000018020f3800027
:16e47a0000060020961300401840035ae60000600af5da01a00107
:20e490008000000000000000000000000000000000000000000000000000000000000000ec
:20e4b00000000000000000000000000000000000f083c24008001680d0000001000f000059
:17e4d0000000000106c99088c00000c06ec20600002ff790000000e1
:20e4e700000000000000000000000000000000000000000000000000000000000000000015
:20e5070000000000000000000000000000000018daf4700032083c40000000c820f7814048
:16e52700004332b8d7901e00084ae35e4c7c103001e9fbb8b080c4
:20e53d0080000000000000000000000000000000000000000000000000000000000000003e
:20e55d000000000000000000000000000000008f5962c400030003c20000000c000f0802a3
:17e57d00000220072c19310000801cb06406000300055eab8f104c36
:20e59400000000000000000000000000000000000000000000000000000000000000000067
:20e5b400000000000000000000000000000002a50004280000083d6001e4000060f58140d4
:16e5d4000500002bd48019000d02851ec03c003900f45f50b0005a
:20e5ea00000000000000000000000000000000000000000000000000000000000000000011
:20e60a0000000000000000000000000000000045a0342280100403c000000000000f080245
:17e62a002c000000140b908000c818b5abc20043000983f018200085
:20e641000000000000000000000000000000000000000000000000000000000000000000b9
:20e661000000000000000000000000000140007ad75e600000083dc05000000020f10000e3
:16e681000000103304ff80a08000ccf7200400000af6680000004e
:20e69700000000000000000000000000000000000000000000000000000000000000000063
:20e6b7000000000000000000000000000008004155a02000008003c000800000800f082c5f
:17e6d70000000000cc3fb0000200033bf2434040001feda0000000d0
:20e6ee0000000000000000000000000000000000000000000000000000000000000000000c
:20e70e000000000000000000000000000000020f7006600080083ce001c0000120f7000087
:16e72e00400400333fc380800040061fbc7200000af5e880000062
:20e744000000000000000000000000000000000000000000000000000000000000000000b5
:20e7640000000000000000000000000000000000f0004008000003c20d100000000f080064
:17e7840034010000cecf08f40000006080441000012fd49f000000d9
:20e79b0000000000000000000000000000000000000000000000000000000000000000005e
:20e7bb000000000000000000000000008000007a574e700000083ce058000000000001c0f2
:16e7db00000010018c0f80000242e3576e00040000000071820019
:20e7f100000000000000000000000000000000000000000000000000000000000000000008
:20e811000000000000000000000000000000100155e00000004003c00d8fa0000000000062
:17e8310000000000242d100000001cb02ac0002000000000806000b9
:20e848000000000000000000000000000000000000000000000000000000000000000000b0
:20e868000000000000000000000000000000020f58000000000a94080000000120f5020069
:16e88800000014b0c6d38a000800aa52a074052000000078a0023c
:20e89e0000000000000000000000000000000000000000000000000000000000000000005a
:20e8be0000000000000000000000000000000000f08000000040294000000000000f081cee
:17e8de00000002073c3a090000800aa0404741220000000100000086
:20e8f500000000000000000000000000000000000000000000000000000000000000000003
:20e91500000000000000000000000000000002a500000000000a96cb000000000523396609
:16e93500c2000183c40101200002575e660000040b1dda0010006d
:20e94b000000000000000000000000000000000000000000000000000000000000000000ac
:20e96b0000000000000000000000000000000105a03000000022298ca00f1d40045ab7f4ca
:17e98b00200000003c20b0e000000a11b7424000003044e0080000b9
:20e9a200000000000000000000000000000000000000000000000000000000000000000055
:20e9c20000000000000000000000000000000a0f300004206000026e1994018405a17406a6
:16e9e20097160083dc0000001800a3362478006000000080100195
:20e9f80080000000000000000000000000000000000000000000000000000000000000007f
:20ea180000000000000000000000000000000000f080034000000415a00f200000fb0f0039
:17ea3800008200003c0000080000003969670000000000010e0000e9
:20ea4f000000000000000000000000000000000000000000000000000000000000000000a7
:20ea6f0000000000000000000000000000400a0f70160000210154dc0014020420833fe07a
:16ea8f0000020083ce0000900800a7d7843c012002bcced81000b3
:20eaa500000000000000000000000000000000000000000000000000000000000000000051
:20eac50000000000000000000000000000c80000f000200003002ac38008a021100c0f9461
:17eae500000030003c2000040080001970060033012bc10f0f00003d
:20eafc000000000000000000000000000000000000000000000000000000000000000000fa
:20eb1c000000000000008000000000000001020f38000000090871e950f000002813a40085
:16eb3c0050000083d60008000002d5d2400000002021c001c40063
:20eb52000000000000000000000000000000000000000000000000000000000000000000a3
:20eb720000000000000000000000000000000000f0800000000001028d8e0401008313c09a
:17eb92002a8000003c00010000000e096c40000000013ec01980002a
:20eba90000000000000000000000000000000000000000000000000000000000000000004c
:20ebc9000000000000000000000000000000020f30207c000000035a31c000002857aee7ed
:16ebe90000000083dc00000000008b7f600500020942cb79c000f7
:20ebff000000000000000000000000000000000000000000000000000000000000000000f6
:20ec1f0000000000000000000000000000000040f001c78000002035e010000184811f2ec5
:17ec3f00400000003c000000000000af61c3e80004043e8f000000b2
:20ec560000000000000000000000000000000000000000000000000000000000000000009e
:20ec76000000000000000000000000000080060f182000000101086ff0e400202813a40362
:16ec9600c00800a94087809d0040a37b943800000940fd1980000a
:20ecac00000000000000000000000000000000000000000000000000000000000000000048
:20eccc0000000000000000000000000000140000f001c01000003041a70a80001c8393f48b
:17ecec0074000002940000840c000a3080680000a00281cf0900005a
:20ed03000000000000000000000000000000000000000000000000000000000000000000f0
:20ed23000000000000000000000000000000000000000400030008dd38e000002857ee401f
:16ed4300002020a940178800000257df1c600008091eea3880006d
:20ed590000000000000000000000000000000000000000000000000000000000000000009a
:20ed7900000000000000000000000000000000000000030500220002d080000180811b0ed3
:17ed990002000001680c019014000527b42000000421e7b98c0000f6
:20edb000000000000000000000000000000000000000000000000000000000000000000043
:20edd0000000000000000000000000000000000000000100010b9c0138041000281ba40343
:16edf00085000083dc000040800000003c220100091f6c70000006
:20ee06000000000000000000000000000000000000000000000000000000000000000000ec
:20ee26000000000000000000000000000000000000000020002036c090802000045213f409
:17ee4600000000003c20000b040000000046d0200029edb0800000ce
:20ee5d00000000000000000000000000000000000000000000000000000000000000000095
:20ee7d00000000000000000000000000000012f532800000000294eb01e0001020077d6046
:16ee9d000000000000080101000257b2a624000002b4d8809000e2
:20eeb30000000000000000000000000000000000000000000000000000000000000000003f
:20eed3000000000000000000000000000000010f5080000700801541d01a00008002f3c043
:17eef3003c14000000001090c80005212dc28000000207f91a00009f
:20ef0a000000000000000000000000000000000000000000000000000000000000000000e7
:20ef2a000000000000000000000000000000022af2c00000680a806ff8080188217f00e07f
:16ef4a0000068182ee9d01001804a57b0000006042955e18000033
:20ef6000000000000000000000000000000000000000000000000000000000000000000091
:20ef800000000000000000000000000000000900d5380000080129eca10b4020002bd376bd
:17efa000001080000e6f708002000aa0bc034000002801f000000099
:20efb70000000000000000000000000000000000000000000000000000000000000000003a
:20efd7000000000000000000000000000000000000006c00000014d980100010a00bfa601c
:16eff70002000014ddd000180c0257b24c00003102055901b00084
:20f00d000000000000000000000000000000000000000000000000000000000000000000e3
:20f02d0000000000000000000000000000c000000000020000000001ff0d00000002f3d629
:17f04d00000002000ff900000080052734234703003441e00a0000f6
:20f0640000000000000000000000000000000000000000000000000000000000000000008c
:20f084000000000000000000000000000000000076c064000102906e181080102db7b6601f
:16f0a40008001029d78500000002d5da007c00090205da70000032
:20f0ba00000000000000000000000000000000000000000000000000000000000000000036
:20f0da00000000000000000000000000000001050034028010003f80a008080000a7b6d4aa
:17f0fa0002000013fc2c080000000e057007c0004038818080000077
:20f111000000000000000000000000000000000000000000000000000000000000000000de
:20f1310000000000000000000000000000000004b81e00000308e961f1a000000af760603d
:16f151002a0020003fd008000000a77a6074000002bcca38f200a0
:20f16700000000000000000000000000000000000000000000000000000000000000000088
:20f1870000000000000000000000000001c0000085b8200000800d408100000000df1f2cd2
:17f1a7002c000000127ef10000000013fec60000000280df8e40009e
:20f1be00000000000000000000000000000000000000000000000000000000000000000031
:20f1de000000000000000000000000000000060a3be66000000003e871c000040e73e806f1
:16f1fe00a8003106168900000044c5320000008000000050000072
:20f214000000000000000000000000000000000000000000000000000000000000000000da
:20f234000000000000000000000000000000080500f040000000202c8500940000ef06c063
:17f254002d000a00803c100000010c5081c000000000000080000082
:20f26b00000000000000000000000000000000000000000000000000000000000000000083
:20f28b00000000000000000000000000000000017e8e6000000b1fea1180000423d178e6fb
:16f2ab000000003e8e1d9c0000000000240000001014e8f980001f
:20f2c10000000000000000000000000000000000000000000000000000000000000000002d
:20f2e100000000000000000000000000000000003728200000033064f0800001143d0c34f5
:17f3010020000203d42e510000000000006000002017c29f10000075
:20f318000000000000000000000000000000000000000000000000000000000000000000d5
:20f338000000000000000000000000000000c22076c000400a0a2d6d58a018000811ae4296
:16f35800800830815c901e00000000002438310010354df9c00084
:20f36e0000000000000000000000000000000000000000000000000000000000000000007f
:20f38e000000000000000000000000000000090d00b402c0000003d7e01b0000004abe44b2
:17f3ae00640002001c0f5000000000000264002004033cff1000008f
:20f3c500000000000000000000000000000000000000000000000000000000000000000028
:20f3e500000000000000000000000000000200001a542804000046ced00000202a15ba0768
:16f40500c800000296d801000004089a9c600004083d400000008d
:20f41b000000000000000000000000000000000000000000000000000000000000000000d1
:20f43b000000000000000000000000000020000a00a820000000220ce1800000905b723c97
:17f45b0061000002941f109010000005782000000003c20900040065
:20f4720000000000000000000000000000000000000000000000000000000000000000007a
:20f49200000000000000000000000000001800011f142c00600b967a1800018025f7326020
:16f4b200400690bbc5e00101580a4e1f1c7e00600112db701a03c8
:20f4c8008000000000000000000000000000000000000000000000000000000000000000a4
:20f4e80000000000000000000000000000000000073006800000366dc00b0000005a0b660e
:17f50800240000433c3e0081c80900c12826900000002cbf8d600042
:20f51f000000000000000000000000000000000000000000000000000000000000000000cc
:20f53f000000000000000000000000000000c2cc70000100000a9af800180220a4f7ec0050
:16f55f00281400002dc000180c00001a467800010004c178ea0049
:20f575008000000000000000000000000000000000000000000000000000000000000000f6
:20f595000000000000000000000000000000000cc08000280000158790084002080f9714aa
:17f5b5002800000043c8000004c08500efc706000000829b10400892
:20f5cc0000000000000000000000000000000000000000000000000000000000000000001f
:20f5ec00000000000000000000000001000000af3b80280200001a5c180088200001a40689
:16f60c004300118c0c0000000202af528e30000500154a819a04b6
:20f622000000000000000000000000000000000000000000000000000000000000000000c8
:20f64200000000000000000000000000b000000af00000000000241ec000004000500a4c16
:17f6620020000000c00000b000000af040264000000382c10f40804c
:20f67900000000000000000000000000000000000000000000000000000000000000000071
:20f6990000000000000000000001a0000000020a934060500300005e599000000007f4e7f5
:16f6b900000000140dc71b00000000001e0000001005c059b0003c
:20f6cf0000000000000000000000000000000000000000000000000000000000000000001b
:20f6ef0000000000000000000008000000000000d3a0040000800083e08d000100050e00f8
:17f70f0064000401400000800000000000000000000096b00800006c
:20f726000000000000000000000000000000000000000000000000000000000000000000c3
:20f74600000000000000000000000000000002a01f7e05200000425ff9b4080468f5b84090
:16f766000808113fde850c014000000020000000083c60180000a1
:20f77c0000000000000000000000000000000000000000000000000000000000000000006d
:20f79c0000000000000000000000000080000005832062600000020eeb8a0001880d020244
:17f7bc0030000401fc0d0100c800000002c3c0008003c000001c004b
:20f7d300000000000000000000000000000000000000000000000000000000000000000016
:20f7f300000000000000000000000000000002857f646000090005cb00b10000050529c2ad
:16f81300400020860ee38010001a0f300e780000083c6080000075
:20f829000000000000000000000000000000000000000000000000000000000000000000bf
:20f849000000000000000000000000000000000daff446c000002000f00c04001050040065
:17f869007820040080e90090000080f0800000008003c2010040007d
:20f88000000000000000000000000000000000000000000000000000000000000000000068
:20f8a000000000000000000000000000000c0002d82000740a1a86dc508410000001a600bd
:16f8c0000020800206951c000004a577400000000a9401000000da
:20f8d600000000000000000000000000000000000000000000000000000000000000000012
:20f8f600000000000000000000000000000088001921c000200016e5d519a08010103a5499
:17f916002004000002ca010000000aa0e8000000011680a000000020
:20f92d000000000000000000000000000000000000000000000000000000000000000000ba
:20f94d000000000000000000000000000200030f12940000000a867e00aa00000007b86702
:16f96d00800000814d800a0001020f580000000002bded01ea00ab
:20f98300000000000000000000000000000000000000000000000000000000000000000064
:20f9a3000000000000000002000000000020080f0d80000000601466a00b002000a00244f3
:17f9c3004000020000291100080000f080001000000143d000040011
:20f9da0000000000000000000000000000000000000000000000000000000000000000000d
:20f9fa000000000000000030000000000218030f1380290060000000500001a420c76de745
:16fa1a00000600815e901c8018020f18000400610388fe00100185
:20fa3000800000000000000000000000000000000000000000000000000000000000000036
:20fa50000000000000000000000000000020000f0000028000000000058a0000004e06c240
:17fa700068000a0168180101400000f00003800000204380080000ec
:20fa870000000000000000000000000000000000000000000000000000000000000000005f
:20faa700000000000000000000000000000c010f12943c00000141480088000128bf240023
:16fac700000001815f8000a000020f3800000031080d6031800088
:20fadd00000000000000000000000000000000000000000000000000000000000000000009
:20fafd000000000000000000000000000020c00f004342000000140205000002180fda0057
:17fb1d00000008029429d000000800f0800000030000c20590000068
:20fb34000000000000000000000000000000000000000000000000000000000000000000b1
:20fb54000000000000000000000000000800010f16000400010030c9000000302a59ea4088
:16fb7400530001815e9198000002a5007c0000000202fc8000007c
:20fb8a0000000000000000000000000000000000000000000000000000000000000000005b
:20fbaa000000000000000000000000000020000f0000020010000040d00b00008859b666e2
:17fbca002400080168380000002005a029e3c00000396e8900000096
:20fbe100000000000000000000000000000000000000000000000000000000000000000004
:20fc010000000000000000000000e0000140010f17000000041a876c0090140005a5e9c291
:16fc2100440001829e851e0001020f38007000010b0cda71800028
:20fc37000000000000000000000000000000000000000000000000000000000000000000ad
:20fc57000000000000000000001010000008000f00400000000029ccf10a0080005507ae9c
:17fc77007400020028000100000000f0000400000022c1b7001c002d
:20fc8e00000000000000000000000000000000000000000000000000000000000000000056
:20fcae00000000000000000000000001000000aa104604220000146e581000000003716051
:16fcce00000000a9efa01c0000020f780e3800000169f878121001
:20fce400000000000000000000000000000000000000000000000000000000000000000000
:20fd0400000000000000000000000000e0000005502002400040014000080000000a077c32
:17fd24000000000284c801d0000000f000240000001540f18e400081
:20fd3b000000000000000000000000000000000000000000000000000000000000000000a8
:20fd5b00000000000000000000000900a00000aa76006000000815da7080000c68f7b6c691
:16fd7b00004004294cb0001c00020f300400000a080dca8000003f
:20fd9100000000000000000000000000000000000000000000000000000000000000000052
:20fdb1000000000000000000000000f00020000aa00002c080002942fd000200900d0a061f
:17fdd100200a0001541a0080200000f0002000800002d5d10e174045
:20fde8000000000000000000000000000000000000000000000000000000000000000000fb
:20fe0800000000000000000000000000000c02c2bac00000000140df78100018240f360067
:16fe2800400080a9cfa50a4000020f580020000000000091800003
:20fe3e000000000000000000000000000000000000000000000000000000000000000000a4
:20fe5e000000000000000000000000000000800c0538039020000003f10c000100a09e04c5
:17fe7e002000000285d850da000000f0800000000000000b900000b9
:20fe950000000000000000000000000000000000000000000000000000000000000000004d
:20feb5000000000000000000000000000040000000003c00004a2fdfd000000010087140c0
:16fed500000000103ef80900000058ba26280000181469798002d8
:20feeb000000000000000000000000000000000000000000000000000000000000000000f7
:20ff0b00000000000000000000000000002000000000034000000ba5f10a00000000703622
:17ff2b000000000001d8f0e008000b8f73c6c000c42bc2f0100020aa
:20ff420000000000000000000000000000000000000000000000000000000000000000009f
:20ff6200000000000000000400000000003800085ac004006000147e00001580169172007d
:16ff82000400803d568801401800fa1b166c006008287ef81401bf
:20ff98008000000000000000000000000000000000000000000000000000000000000000c9
:20ffb80000000000000000000000000000000000077c030000000140070b00000069b4240f
:17ffd80002000203fc0850a208000a003c020000a40281090e200067
:11ffef00000000000000000000000000000000000001
:020000040001f9
:200000000000000000000000000000000000000000000000000000000000000000020ad202
:2000200016000000023ae101a0000016997160204010a14cc000014040523e962405200857
:0500400029dc000001b5
:2000450080000000000000000000000000000000000000000000000000000000000000001b
:2000650000000000000000000000000000000100e1b940000000135c800b000000699400a9
:1700850001020001781d00f100000000240680208402830000000007
:20009c00000000000000000000000000000000000000000000000000000000000000000044
:2000bc000000000000000000000000000000000000006c000008155c388800001691314067
:1600dc00000000814ee01800000010dac60000000a95fa19800065
:2000f2000000000000000000000000000000000000000000000000000000000000000000ee
:20011200000000000000000000000000000000000000030000000000c08800000069741e87
:1701320001000041680a000002008009e002c000802a82f090000029
:20014900000000000000000000000000000000000000000000000000000000000000000096
:2001690000000000000000010000e00000000000000070000013d4ca50a000001691316646
:16018900c60020b1dedb1c0200404052000478001829fc00002047
:20019f00000000000000000000000000000000000000000000000000000000000000000040
:2001bf00000000000000000020101000000000000000040000043fc2d51000000069d014a5
:1701df003005000304ed19e000280000200380008002810000000019
:2001f6000000000000000000000000000000000000000000000000000000000000000000e9
:200216000000000000000000000000004000000000000000010894400190c0001699214248
:160236009080002bc781812200000000166808000a95f938002016
:20024c00000000000000000000000000000000000000000000000000000000000000000092
:20026c000000000000000000000000009a0000000000000000000682c00800000069d41437
:17028c0000800002942cd0a08000000000200000802a83e0000000fc
:2002a30000000000000000000000000000000000000000000000000000000000000000003b
:2002c300000000000000000000000800000000505b0070000002845b0090000016912200be
:1602e300600032101cf00b0000000a120038000048285c800000ac
:2002f9000000000000000000000000000000000000000000000000000000000000000000e5
:200319000000000000000000800000f0002008000020060080000006b00802000069340c1d
:1703390024080000001e90d020000000a044008020028303000200d5
:2003500000000000000000000000000000000000000000000000000000000000000000008d
:20037000000000000000000000000000400c00000020000001020ddad8a400001691680686
:160390008000108945d8080c00820572de0000000a95fa38000065
:2003a600000000000000000000000000000000000000000000000000000000000000000037
:2003c6000000000000000000000000000a00800000024000000020c0058000000069f40089
:1703e600000000416c3d11b0000005f034000000802a839008000067
:2003fd000000000000000000000000000000000000000000000000000000000000000000e0
:20041d0000000000000000000000000002000010d20028000208046a8080000068496a0020
:16043d0040100120dff000400002051ec0000000283dc00000001f
:20045300000000000000000000000000000000000000000000000000000000000000000089
:200473000000000000000000000000000020000005ac06c00004000c9318000020a5127cc4
:170493003c00002204ec00aa00088af0a80000000003c0000000006d
:2004aa00000000000000000000000000000000000000000000000000000000000000000032
:2004ca00000000000000000460000000023800ef3b800000600040fd01c209a145f5340052
:1604ea004006000016b8010c1802a55bee040060083d4018a0d161
:2005000080000000000000000000000000000000000000000000000000000000000000005b
:200520000000000000000240000000000020000ffbb000000000003dd009000100ff02c0c7
:1705400020000002801cf0a00020055034e200000003c205801880e9
:20055700000000000000000000000000000000000000000000000000000000000000000084
:20057700000000000000000000000000820c40ff5f142c0000001561001000000057a8076c
:16059700000000015dc5811c0000000006040120083c605000006f
:2005ad00c0000000000000000000000000000000000000000000000000000000000000006e
:2005cd000000000000000000000000000420800f706b628000000280e00d00000005043cea
:1705ed00000000001400008000000000000340200003c20000000c2f
:200604000000000000000000000000000000000000000000000000000000000000000000d6
:200624000000000000000400000000000200425a7f002c0000004069001000000810060092
:16064400400094841ed10a0000020f18007c0000083ce050000036
:20065a00000000000000000000000000000000000000000000000000000000000000000080
:20067a000000000000000200000000000020200a703c068000000004f00800000042d3844d
:17069a0025000000001a08b0003000f0800348000003c000000000a4
:2006b100000000000000000000000000000000000000000000000000000000000000000029
:2006d100000002693e8000000200e00000000000000e7400010005cd018000000a07a8006f
:1606f10046000007d5e8180000060f5000000000083c6001a00027
:200707000000000000000000000000000000000000000000000000000000000000000000d2
:20072700000000869000000000001010000000000000274000000000f00e0000005f0600b2
:170747002c000000fcce9090002000f0000000000003c000000000b2
:20075e0000000000000000000000000000000000000000000000000000000000000000007b
:20077e000000000000006800000000000000040a703e040001000de0500000000a0778006c
:16079e000000100356001e000000a05604007000083d60000008a7
:2007b400000000000000000000000000000000000000000000000000000000000000000025
:2007d400000000000000040000000000c000200050abc380000000c0050a000000a0000074
:1707f40001000000382f00b800210a00800000000003c2000a09004b
:20080b000000000000000000000000000000000000000000000000000000000000000000cd
:20082b000000000000000000000008000000c05b5ba6780000001561001000242e77680654
:16084b004000002bece80b400000818000790000283cc0781800df
:20086100000000000000000000000000000000000000000000000000000000000000000077
:200881000000000000000002000000f000000005b043c40000000280e90a000094e3068037
:1708a1006c0000037c48b192000004212c0028000003c0000a010083
:2008b800000000000000000000000000000000000000000000000000000000000000000020
:2008d800000000000000000020000000000c0010b2606400000015e159aa00000810040732
:1608f800400050bbdf9819000040037800280000083c6000040084
:20090e000000000000000000000000000000000000000000000000000000000000000000c9
:20092e00000000000000000002000000000080000f3ac34000000280a90040000042d380db
:17094e0068010002141a909000018030000000008003c20000800063
:20096500000000000000000000000000000000000000000000000000000000000000000072
:200985000000000000000000000000000000036f5e2004000004020c000000000007f54010
:1609a50000000083dc0180000000505a66040000083cc000000044
:2009bb0000000000000000000000000000000000000000000000000000000000000000001c
:2009db0000000000000000000000000000200006f18042000000002d0000000000015b8218
:1709fb00200000003c200000000000006843c0000203c20000000037
:200a12000000000000000000000000000000000000000000000000000000000000000000c4
:200a3200000000000000000000000000001803ed93c02800600c3c4e000001a40015e5404c
:160a5200400000001dc0015498400212de700160083ce00000015c
:200a68008000000000000000000000000000000000000000000000000000000000000000ee
:200a880000000000000000000000000000000007b12d400000003c000000800000000382e8
:170aa8002200000042ec00d854000000a42400000203c0000000002e
:200abf00000000000000000000000000000000000000000000000000000000000000000017
:200adf00000000000000000000000000000003ed16460000000c3c4a9800000d0cf5000271
:160aff004000100044b181e08800109f2e380020183de0900000b9
:200b1500800000000000000000000000000000000000000000000000000000000000000040
:200b350000000000000000000000000000000007b924000000003c010100000000cf0000af
:170b550064000220002f00880000000b6ce000000003c20b00000c19
:200b6c00000000000000000000000000000000000000000000000000000000000000000069
:200b8c00000000000000000000000000000003ed92c06000000c3c4a818000204ff721e6a7
:160bac0008000083c60000000002a05b04668200083de0000000d4
:200bc200000000000000000000000000000000000000000000000000000000000000000013
:200be200000000000000000000000000e0000007b16d400000003c0101008000005f02800f
:170c0200006000003c00000000200a00800200400003c2000000008e
:200c19000000000000000000000000000000000000000000000000000000000000000000bb
:200c390000000000000000000101a000000003ed96400000000c3c5e70000000001b3806c4
:160c59008000001fcca11e0000068b304c040002083d405800105b
:200c6f00000000000000000000000000000000000000000000000000000000000000000065
:200c8f0000000000000000000000000000000007b324000000003c0000800000000037c0b4
:170caf0038000043ff6e009000310473afc380000003c200000080d7
:200cc60000000000000000000000000000000000000000000000000000000000000000000e
:200ce600000000000000000000000000000003ed96e00400001c3c5a000000000005f76274
:160d0600430030020de001008002a05a260070000a940101d000f2
:200d1c000000000000000000000000000000000000000000000000000000000000000000b7
:200d3c0000000000000000000000000080000007b12c420000003c000700000000027f54d9
:170d5c006a0000002010009014200a0080400000001680c01d0000e5
:200d7300000000000000000000000000000000000000000000000000000000000000000060
:200d9300000000000000000000000000000003ed96406000000c3c5a018000100af1a366e3
:160db300000030201e019e0000020a50400000000a94000081c89a
:200dc90000000000000000000000000000000000000000000000000000000000000000000a
:200de90000000000000000000000000000000007bb24000000003c0100000000000f0f1495
:170e090028000001000ff80000000050ac000600201680e000010009
:200e20000000000000000000000000000000000000000000000000000000000000000000b2
:200e4000000000000000000000000000000c034897c60000000c3c5e18f000c0000000026e
:160e600080000000000101400002a05b00000000083de0d9a0001f
:200e760000000000000000000000000000000000000000000000000000000000000000005c
:200e960000000000000000000000000000008002116c000000003c010018000c00000024b8
:170eb600380000000000009a00200a00c00000000103c005000000a0
:200ecd00000000000000000000000000000000000000000000000000000000000000000005
:200eed00000000000000000000000000020013ed13c60000000c3c4e000000000000000074
:160f0d000820000024a1800000060f582e0400000294ff50a50038
:200f23000000000000000000000000000000000000000000000000000000000000000000ae
:200f430000000000000000060800000000200207bf20000000083c00000000000000000034
:170f6300010008000a7800c0000000f000e34000043b6fe09bb00040
:200f7a00000000000000000000000000000000000000000000000000000000000000000057
:200f9a00000000000000000000000000021803ed13c06000600c3c4e000001800000000083
:160fba005006002fd61800001806a5000002706000000059f001cf
:200fd000800000000000000000000000000000000000000000000000000000000000000081
:200ff00000000000000000000000000000200107b368038000023c00000f000000000000ce
:1710100022800001ffcf70a0000005a035401000000000001a000004
:201027000000000000000000000000000000000000000000000000000000000000000000a9
:20104700000000000000000000000000034c134812e00000002c3c4a9801c00000000007db
:161067008600100616d80e0c80820f10200000300a940050000070
:20107d008000000000000000000000000000000000000000000000000000000000000000d3
:20109d0000c000000000000000000000002880021f60400000003c010100000000000024a8
:1710bd004000002080087000040800f082c00002001680b00000043a
:2010d4000000000000000000000000000000000000000000000000000000000000000000fc
:2010f400000000000000000000000000020003ed13e00000000c3c4a018000010053040686
:1611140040000296800399a0000e0f1020010000000000000408d7
:20112a000000000000000000000000000000000000000000000000000000000000000000a5
:20114a0000000000000000000000000000200107b968438000023c0100000000100a0bc055
:17116a0028000202940908c0000000f080c2a00000000000002100ea
:2011810000000000000000000000000000000000000000000000000000000000000000004e
:2011a10000000000000000000000e000000003ed17c06000000c3c5e000000002a53f40010
:1611c1000c0400023ef0180000120f58240000001015d9500000d5
:2011d7000000000000000000000000000000000000000000000000000000000000000000f8
:2011f70000000000000000000808109000000107bf20000000203c0000000000805f060cf4
:171217003120000001780100000000f0814000000017c3f70b1c004c
:20122e000000000000000000000000000000000000000000000000000000000000000000a0
:20124e00000000000000000000000000200003ed93c60000000c3c5a000000086a156de39e
:16126e004300002bd6a001100002a5000001000001d9e838004093
:2012840000000000000000000000000000000000000000000000000000000000000000004a
:2012a40000000000000000000000000000000107b168000000003c000000a00080a7728410
:1712c4002c000042bc2000d0002005a02c000800000d06f08000007d
:2012db000000000000000000000000000000000000000000000000000000000000000000f3
:2012fb000000000000000000000008000140034816c40400000aa85e01900010028fac0073
:16131b00000070041ef800000082a5004000000100f46c0000006a
:2013310000000000000000000000000000000000000000000000000000000000000000009c
:201351000000000000000000000000f0000801021f60020000042a8100080000003a574c6c
:17137100385004000038f000000005a02400000000098189001000c5
:20138800000000000000000000000000000000000000000000000000000000000000000045
:2013a80000000000000000000000001e000c02ed93c0040000000000801000800503b600e7
:1613c80050000000000800800c02a502000100010354d851e80018
:2013de000000000000000000000000000000000000000000000000000000000000000000ef
:2013fe000000000000000000000000000000c107bb68020000000000010800080020f3f4ca
:17141e003af000000000f00000808a500000080020380095104000fe
:201435001030c0000000000000000000000000000000000000000000000000000000000097
:20145500000000000000000000000000000000000000000000000000000000000000000077
:161475000000000154b000000000000016280000083d60000080f9
:20148b0000030c000000000000000000000000000000000000000000000000000000000032
:2014ab00000000000000000000000000002000000000000000000000000000000000000001
:1714cb000000080000199000000000000027c0000003c20f0f00008f
:2014e2001030c00000000000000000000000000000000000000000000000000000000000ea
:201502000000000000000001000000000018000000000000000000000000000000000000b0
:1615220000060083d408180018020f38002400600a9408000001aa
:2015380080030c000000000000000000000000000000000000000000000000000000000004
:20155800000000000000000000000000000000000000000000000000000000000000000073
:17157800000000203c003180000180f080038500002940000000204d
:20158f001030c000000000000000000000000000000000000000000000000000000000003c
:2015af00000000000000000000000000000000000000000000000000000014000000000008
:1615cf00000201a940130f000800a536806800000000008000c2eb
:2015e50080030c000000000000000000000000000000000000000000000000000000000057
:20160500000000000000000000000000000000000000000000000000000000800000000045
:1716250000001001680a78d000808de138040000000000070000288a
:20163c001030c000000000000000000000000000000000000000000000000000000000008e
:20165c0000000000000000000000000000000000000000000000000000000000000000006e
:16167c0000000083de0788010c020f581c3000000a940080000088
:2016920000030c000000000000000000000000000000000000000000000000000000000029
:2016b200000000000000000000000000000000000000000000000000000000000000000018
:1716d200000000203c000800086000f08026e800001680b700180052
:2016e9001030c00000000000000000000000000000000000000000000000000000000000e1
:2017090000000000000000000000e0000000000000000000000000000000000060f3000786
:16172900a5000183de0000000004fa1a206000700000000000009b
:20173f0000030c00000000000000000000000000000000000000000000000000000000007b
:20175f0000000000000000000004100000000000000000000000000000001800000f00002f
:17177f00400000003c20000000000f006a40000100000000000000fd
:201796001030c0000000000000000000000000000000000000000000000000000000000033
:2017b6000000000000000000000000000000000000000070000000000000000000000000a3
:1617d60000000103c7d0010001920f581c0000000000000000004b
:2017ec0000030c0000000000000000000000000000000000000000000000000000000000ce
:20180c000000000000000000000000000200000000000000000000000000000000000000ba
:17182c000000001028080083540000f000c0000800000000000100d5
:201843001030c0000000000000000000000000000000000000000000000000000000000085
:2018630000000000000000000000080000000000000000000000000000000000000000005d
:1618830000000000000000000000a03a002860800000000000006d
:2018990000030c000000000000000000000000000000000000000000000000000000000020
:2018b9000000000000000000000000f000000000000000000000000000000000000000001f
:1718d900000000000000000180000050b40400080000000020000047
:2018f0001030c00000000000000000000000000000000000000000000000000000000000d8
:20191000000000000000000000000008000c000000000000000000000000000000000000a3
:161930000000012955b0080000920f180000008000000000010030
:2019460000030c000000000000000000000000000000000000000000000000000000000072
:201966000000000000000000000000010000c00000000000000000000000000000000000a0
:171986000010004140387001800000f00000000000000000000000a0
:20199d001030c000000000000000000000000000000000000000000000000000000000002a
:2019bd000000000000000000000000000200000000000000000000000000000020f70000f1
:1619dd0000040083cc08000000020576800000082b1cfe18a0c8cf
:2019f30000030c0000000000000000000000000000000000000000000000000000000000c5
:201a130000000000000000000000000000200000000000000000000000000000800f000004
:171a3300000000403c00b000000800508000050020304cd09b01008b
:201a4a001030c000000000000000000000000000000000000000000000000000000000007c
:201a6a0000000000000000010000030002180000000000000000000000000000000000003e
:161a8a0010060083de00000018028100000000600001ee01c00123
:201aa00080030c000000000000000000000000000000000000000000000000000000000097
:201ac0000000000000000000000000000020000000000000000000000000000000000000e6
:171ae000000000003c2000080000042b3c0000080003c090100000b5
:201af7001030c00000000000000000000000000000000000000000000000000000000000cf
:201b1700000000000000000000000000020c000000000000000000000000000000000000a0
:161b370001020083d40800000c060573000000300000d900a400ff
:201b4d0000030c000000000000000000000000000000000000000000000000000000000069
:201b6d000000000000000000000000000020800000000000000000000000000000000000b8
:171b8d00000010003c20300000800050800000030403c2b00a2000af
:201ba4001030c0000000000000000000000000000000000000000000000000000000000021
:201bc4000000000000000000000000080200000000000000000000000000000000000000f7
:161be40000000083c40800088002057800000200000000518000c2
:201bfa0000030c0000000000000000000000000000000000000000000000000000000000bc
:201c1a00000000000000000000000001002000000000000000000000000000000000000089
:171c3a00000000003c203000000000a03c03805000000000900000c8
:201c51001030c0000000000000000000000000000000000000000000000000000000000073
:201c71000000000000000000000188000000000000000000000000000000000000000000ca
:161c910006000083d6000e0000020577b66800000000005810c00c
:201ca70000030c00000000000000000000000000000000000000000000000000000000000e
:201cc7000000000000000000001010f00000000000000000000000000000000000000000ed
:171ce700000000003c2091f000000050c14000000000000f080000a1
:201cfe001030c00000000000000000000000000000000000000000000000000000000000c6
:201d1e000000000000000000000000000000000000000000000000000000000000000000a5
:161d3e0000000083cc030000000205780004200003615a0080005c
:201d540000030c000000000000000000000000000000000000000000000000000000000060
:201d740000000000000000000000000000000000000000000000000000000000000000004f
:171d9400000000003c000001400000a0bc0280000035148000000014
:201dab001030c0000000000000000000000000000000000000000000000000000000000018
:201dcb000000000000000000000000000000000000000000000000000000000000000000f8
:161deb0040000083de000000000205703e00000100d54e80aa003e
:201e010000030c0000000000000000000000000000000000000000000000000000000000b2
:201e210000000000000000070000000000000000000000000000000000000000000000009a
:171e41003c0000003c200000001000a0b4c00000000d818f004080f1
:201e58001030c000000000000000000000000000000000000000000000000000000000006a
:201e780000000000000000040000000000080000000000000000000000000000000000003e
:161e9800000000a9401f0000800205383668000000000001a0002e
:201eae0000030c000000000000000000000000000000000000000000000000000000000005
:201ece000000000000000000000000000100c0000000000000000000000000000000000033
:171eee0000000001680db800100100a03d400000000000000f000072
:021f05000000da
:031f07007200b0b5
:021f0a001103c1
:021f0c000101d1
:201f0e00000000000000000002000000000000080000000000002000000000000080000009
:201f2e000000000200000000008000000000000200000000000008000000000000200000e7
:161f4e0000000000800000000000020000000000000800000000f3
:201f6400000000000000000000100000000000004000000000000100000000000004000008
:201f84000000000010000000000400000000000010000000000000400000000000010000d8
:171fa4000000000004000000000000100000000000004000000000d2
:201fbb00000000000000000000000000000000000000000000000000000000000000000006
:201fdb00000000000000000000000000008000000000000200000000000000000000000064
:161ffb0000000000000000000000000000000000000000000008c8
:202011000000000000000000000000000000000000000000000000000000000000000000af
:20203100000000000000000000080000000000002000000000000000000000000000000067
:172051000000000000000000000000000000000000008000000000f8
:20206800000000000000000000000000000000000000000000000000000000000000000058
:20208800000000000000000000000000000000000000000000000000000000000000000038
:1620a8000000000000000000000000000000000000000000000022
:2020be00000000000000000000000000000000000000000000000000000000000000000002
:2020de000000000000000000000000000000000000000000000000000000000000000000e2
:1720fe0000000000000000000000000000000000000000003000009b
:202115000000000000000000000000000000000000000000000000000000000000000000aa
:202135000000000000000000000022000000000000880000000000000000000000000000e0
:16215500000000000000000000000000000000000000020000046e
:20216b00000000000000000000000000000000000000000000000000000000000000000054
:20218b00000000000000000000000000000000000000000000000000000000000000000034
:1721ab0000000000000000000000000000000000000000000000001d
:2021c2000000000000000000000000000000000000000000000000000000000000000000fd
:2021e2000000000000000000000010000000000200c0000000000802000000000000000001
:1622020000000000000000000000000000000000000803000000bb
:202218000000000000000000000000000000000000000000000000000000000000000000a6
:20223800000000000000000000000000000000000000000000000000000000000000000086
:1722580000000000000000000000000000000000000000000000006f
:20226f0000000000000000000000000000000000000000000000000000000000000000004f
:20228f0000000000000000000000000000000000000000000000000000000000000000002f
:1622af000000000000000000000000000000000000040000000015
:2022c5000000000000000000000000000000000000000000000000000000000000000000f9
:2022e5000000000000000000000000000000000000000000000000000000000000000000d9
:17230500000000000000000000000000000000000000c00000000001
:20231c000000000000000000000000000000000000000000000000000000000000000000a1
:20233c00000000000000000000000000000000000000000000000000000008000000000079
:16235c00000000000000000000000000000000000000000000006b
:2023720000000000000000000000000000000000000000000000000000000000000000004b
:2023920000000000000000000000000000000000000080002000000000000080000000000b
:1723b200000000000000000000000000000000000000000000008094
:2023c9000000000000000000000000000000000000000000000000000000000000000000f4
:2023e900000000000000000000000000000000000080000000000002000000000000000052
:1624090000000000000000000000000000000000000002000000bb
:20241f0000000000000000000000000000000000000000000000000000000000000000009d
:20243f0000000000000000000000000000000000000000000000000000000000000000007d
:17245f00000000000000000000000000000000000000400000000026
:202476000030c0000000000000000000000000000000000000000000000000000000000056
:202496000000000000000000001c8000000800000000000000000000000000000000000082
:1624b6000000000000000000000000000000000000000000000010
:2024cc0001030c0000000000000000000000000000000000000000000000000000000000e0
:2024ec00000000000000000000000071e000800000000000000000000000000000000000ff
:17250c000000000000000000000000000000000000000000000000b8
:202523000030c00000000000000000000000000000000000000000000000000000000000a8
:202543000000000000000000003ce009002000000000000000000000000000000000000033
:162563000000000000000000000000000000000000000000000062
:2025790001030c000000000000000000000000000000000000000000000000000000000032
:202599000000000000000000000201700000000000000000000000000000000000000000af
:1725b90000000000000000000000000000000000000000000000000b
:2025d0000030c00000000000000000000000000000000000000000000000000000000000fb
:2025f0000000000000000000000ca900000000000000000000000000000000000000000016
:1626100000000000000000000000000000000000000000000000b4
:2026260001030c000000000000000000000000000000000000000000000000000000000084
:20264600000000000000000000000000000000000000000000000000000000000000000074
:1726660000000000000000000000000000000000000000000000005d
:20267d000030c000000000000000000000000000000000000000000000000000000000004d
:20269d0000000000000000000101df0f00000000000001000000000000000000000000002c
:1626bd000000000000000000000000000000000000000000000007
:2026d30001030c0000000000000000000000000000000000000000000000000000000000d7
:2026f300000000000000000000000b80f00000000000000800000000000000000000000044
:1727130000500000000000000000000000000000000000000000005f
:20272a000030c000000000000000000000000000000000000000000000000000000000009f
:20274a0000000000000000000000bb000000000000000000000000000000000000000000b4
:16276a000000000000000000000000000000000000000000000059
:2027800001030c000000000000000000000000000000000000000000000000000000000029
:2027a0000000000000000000000001000020000000000000000000000000000000000000f8
:1727c000000000000000000000000000000000000000000000000002
:2027d7000030c00000000000000000000000000000000000000000000000000000000000f2
:2027f70000000000000000000000cb0e000c000000000000000000000000000000000000dd
:162817002800000000000000000000000000000000000000000083
:20282d0001030c00000000000000000000000000000000000000000000000000000000007b
:20284d000000000000000000000000800020c000000000000000000000000000000000000b
:17286d00000000000000000000000000000000000000000000000054
:202884000030c0000000000000000000000000000000000000000000000000000000000044
:2028a40000000000000000000000900c020000000000000000000000000000000000000076
:1628c40000000000000000000000000000000000000000000000fe
:2028da0001030c0000000000000000000000000000000000000000000000000000000000ce
:2028fa0000000000000000000000000010218000000000000000000000000000000000000d
:17291a000000000000000000000000000000000000000000000000a6
:202931000030c0000000000000000000000000000000000000000000000000000000000096
:2029510000000000000000000000d010020000000000000000000000000000000000000084
:162971000040000000000000000000000000000000000000000010
:2029870001030c000000000000000000000000000000000000000000000000000000000020
:2029a700000000000000000000000011a0200000000000000000000000000000000000003f
:1729c7000000000000000000000000000000000000000000000000f9
:2029de000030c00000000000000000000000000000000000000000000000000000000000e9
:2029fe000000000000000000001ce08d040800000000000000000000000000000000000024
:162a1e0000000000000000000000000000000000000000000000a2
:202a340001030c000000000000000000000000000000000000000000000000000000000072
:202a54000000000000000000000001300000c0000000000000000000000000100000000061
:172a740000000000000000000000000000000000000000000000004b
:202a8b000030c000000000000000000000000000000000000000000000000000000000003b
:202aab000000000000000000001c900d002000000000000000000000000000000000000032
:162acb0000000000000000000000000000000000000000000000f5
:202ae10001030c0000000000000000000000000000000000000000000000000000000000c5
:202b0100000000000000000000000000c000000000000000000000000000000000000000f4
:172b210000000000000000004000000000000000000000000000005d
:202b38000030c000000000000000000000000000000000000000000000000000000000008d
:202b58000000000000000000002cd018000000000000000000000000000000000000000049
:162b78000000000000000000000000000000000000000000000047
:202b8e0001030c000000000000000000000000000000000000000000000000000000000017
:202bae00000000000000000000020078c004000000000000000000000000000000000000c9
:172bce000000000000000000000000000000000000000000000000f0
:202be5000030c00000000000000000000000000000000000000000000000000000000000e0
:202c050000000000000000000401f08000000000000000000000000000000000000000003a
:162c25000000000000000000000000000000000000000000000099
:202c3b0001030c000000000000000000000000000000000000000000000000000000000069
:202c5b00000000000000000000000b30000000000000000700000000000000000000000017
:172c7b00000000000000000000000000000000000000000000000042
:202c92000030c0000000000000000000000000000000000000000000000000000000000032
:202cb20000000000000001000000a00004000000000000000000000000000000000000005d
:162cd20000000000000000000000000000000000000000000000ec
:202ce80001030c0000000000000000000000000000000000000000000000000000000000bc
:202d080000000000000000004000000000000000000000000000000000000000000000006b
:172d2800000000000000000000000000000000000000000000000094
:202d3f000030c0000000000000000000000000000000000000000000000000000000000084
:202d5f0000000000000000000000bf1c000000000000000000000000000000000000000079
:162d7f000800000000000000200000000000000000000000000016
:202d950001030c00000000000000000000000000000000000000000000000000000000000e
:202db500000000000000000000000093a000000000000000000000000000000000000000cb
:172dd5000000000000000000400000000000000000000000000000a7
:202dec000030c00000000000000000000000000000000000000000000000000000000000d7
:202e0c0000000000000000000000c0000000000000000000000000000000000000000000e6
:162e2c000000000000000000000000000000000000000000000090
:202e420001030c000000000000000000000000000000000000000000000000000000000060
:202e62000000000000000000000001000001800000000000000000000000000000000000ce
:172e8200000000000000000000000000000000000000000000000039
:202e99000030c0000000000000000000000000000000000000000000000000000000000029
:202eb90000000000000000000000ab0002000000000000000000000000000000000000004c
:162ed90008000000000000000000000000000000000000000000db
:202eef0001030c0000000000000000000000000000000000000000000000000000000000b3
:202f0f000000000000000000000000000000000000000000000000000000000000000000a2
:172f2f0000000000000000000000000000000000000000000000008b
:202f46000030c000000000000000000000000000000000000000000000000000000000007b
:202f6600000000000000000000000000000800000000000000000000000000000000000043
:162f86000000000000000000000000000000000000000000000035
:202f9c0001030c000000000000000000000000000000000000000000000000000000000005
:202fbc000000000000000000000000000000c0000000000000000000000000100000000025
:172fdc000000000000000000000000000000000000000000000000de
:202ff3000030c00000000000000000000000000000000000000000000000000000000000ce
:20301300000000000000000000000000000000a50380400000000000000000000000000035
:163033000000000000000000000000000000000000000000000087
:2030490001030c000000000000000000000000000000000000000000000000000000000057
:2030690000000000000000000000000000000825a000020000000000000000000000000078
:17308900000000000000000000000000000000000000000000000030
:2030a0000030c0000000000000000000000000000000000000000000000000000000000020
:2030c00000000000000000000000000c0000000000000000000000000000000000000000e4
:1630e00000000000000000000000000000000000000000000000da
:2030f60001030c0000000000000000000000000000000000000000000000000000000000aa
:20311600000000000000000000000000000000000000000000000000000000000000000099
:17313600000000000000000000000000000000000000000000000082
:20314d000030c0000000000000000000000000000000000000000000000000000000000072
:20316d00000000000000000001010000000000000000000000000000000000000000000040
:16318d00000000000000000000000000000000000000000000002c
:2031a30001030c0000000000000000000000000000000000000000000000000000000000fc
:2031c300000000000000000000000a000000000000000000000000000000000000000000e2
:1731e3000000000000000000000000000000000000000000000000d5
:2031fa000030c00000000000000000000000000000000000000000000000000000000000c5
:20321a00000000000000000000000000022000000000000000000000000000000000000072
:16323a00000000000000000000000000000000000000000000007e
:2032500001030c00000000000000000000000000000000000000000000000000000000004e
:203270000000000000000000400000000020000000000000000000000000000000000000de
:17329000000000000000000000000000000000000000000000000027
:2032a7000030c0000000000000000000000000000000000000000000000000000000000017
:2032c700000000000000000000000b00020c000000000000000000000000000000000000ce
:1632e70000000000000000000000000000000000000000000000d1
:2032fd0001030c0000000000000000000000000000000000000000000000000000000000a1
:20331d000000000000000000000000f0002080000000000000000000000000000000000000
:17333d00000000000000000000000000000000000000000000000079
:203354000030c0000000000000000000000000000000000000000000000000000000000069
:20337400000000000000000000000000020000000000000000000000000000000000000037
:163394000000000000000000000000000000000000000000000023
:2033aa0001030c0000000000000000000000000000000000000000000000000000000000f3
:2033ca0000000000000000000000000000218000000000000600000000000000000000003c
:1733ea000000000000000000000000000000000000000000000000cc
:203401000030c00000000000000000000000000000000000000000000000000000000000bb
:20342100000000000000000000000000020000000000000000000000000000000000000089
:163441000000000000000000000000000000000000000000000075
:2034570001030c000000000000000000000000000000000000000000000000000000000045
:20347700000000000000000000000000002000000000000000000000000000000000000015
:1734970000000000000000000000000000000000000000000000001e
:2034ae000030c000000000000000000000000000000000000000000000000000000000000e
:2034ce000000000000000000000000000028000000000000000000000000000000000000b6
:1634ee0000000000000000000000000000000000000000000000c8
:2035040001030c000000000000000000000000000000000000000000000000000000000097
:203524000000000000000000000000000000c00000000000000000000000000000000000c7
:17354400000000000000000000000000000000000000000000000070
:20355b000030c0000000000000000000000000000000000000000000000000000000000060
:20357b00000000000000000000000000020000000000000800000000000000000000000026
:16359b00000000000000000000000000000000000000000000001a
:2035b10001030c0000000000000000000000000000000000000000000000000000000000ea
:2035d1000000000000000000000000000000000000000000000000000000000000000000da
:1735f1000000000000000000000000000000000000000000000000c3
:203608000030c00000000000000000000000000000000000000000000000000000000000b2
:20362800000000000000000000000009000000000000000000000000000000000000000079
:16364800000000000000000000000000000000000000000000006c
:20365e0001030c00000000000000000000000000000000000000000000000000000000003c
:20367e0000000000000000000000000000000000000000000000000000000000000000002c
:17369e00000000000000000000000000000000000000000000000015
:2036b5000030c0000000000000000000000000000000000000000000000000000000000005
:2036d500000000000000000002010000000000000000005000000000000000000000000082
:1636f50000000000000000000000000000000000000000000000bf
:20370b0001030c00000000000000000000000000000000000000000000000000000000008e
:20372b00000000000000000000001a00000000000000000000000000000000000000000064
:17374b00000000000000000000000000000000000000000000000067
:203762000030c0000000000000000000000000000000000000000000000000000000000057
:203782000000000000000000000003004020000000000000000000000000000000000000c4
:1637a2000000000000000000000000000000000000000000000011
:2037b80001030c0000000000000000000000000000000000000000000000000000000000e1
:2037d8000000000000000000000000000000000000000000000000000000000000000000d1
:1737f8000000000000000000000000000000000000000000000000ba
:20380f000030c00000000000000000000000000000000000000000000000000000000000a9
:20382f00000000000000000000000000000000000000000000000000000000000000000079
:16384f0000000000000000800000000000000000000000000140a2
:2038650001030c000000000000000000000000000000000000000000000000000000000033
:203885000000000000000000000000000000000000000028000000000000000000000000fb
:1738a500000000000000000400000000000000000000000000000008
:2038bc000030c00000000000000000000000000000000000000000000000000000000000fc
:2038dc000000000000000000000000000000000000000000000000000000000000000000cc
:1638fc0000000000000000000000000000000000000000000000b6
:2039120001030c000000000000000000000000000000000000000000000000000000000085
:203932000000000000000000000000000001800000000000000000000000000000000000f4
:1739520000000000000000000000000000000000000000000000005e
:203969000030c000000000000000000000000000000000000000000000000000000000004e
:2039890000000000000000000000000002000000000000000000000000000000000000001c
:1639a9000000000000000000000000000000000000000000000008
:2039bf0001030c0000000000000000000000000000000000000000000000000000000000d8
:2039df000000000000000000000000000000000000000000000000000000000000000000c8
:1739ff000000000000000000000000000000000000000000000000b1
:203a1600000000000000000000000000000000000000000000000000000000000000000090
:203a3600000000000000000000000000080800000000000000000000000000000000000060
:163a5600000000000000000000000000000000000000000000005a
:203a6c0000000000000000000000000000000000000000000000000000000000000000003a
:203a8c000000000000000000000000000000c000000000000000000000000000000000005a
:173aac00000000000000000000000000000000000000000000000003
:203ac3000000000000000000000000000000000000000000000000000000000000000000e3
:203ae3000000000000000000000000000200000000000000000000000000000000000000c1
:163b03000080000000000002000000000000080000000000002002
:203b190000000000000000000000000000000000000000000000000000000000000000008c
:203b39000000000000000000000000700000000000000000000000000000000000000000fc
:173b5900000000000000000000000000000000000000000000000055
:203b7000000000000000000000000000000000000000000000000000000000000000000035
:203b900000000000000000000000000e000000000000008000000000000000000000000087
:163bb0000000003c000000000000000000000000000000000000c3
:203bc6000000000000000000000000000000000000000000000000000000000000000000df
:203be60000000000000000000000000010000000000000100000000000000000000000009f
:173c06000000002bc1600000200000000000008000000000000000bb
:203c1d00000000000000000000000000000000000000000000000000000000000000000087
:203c3d0000000000000000000801000000000000000000000000000000000000000000005e
:163c5d0000000000000000000000000000000080000000000000d1
:203c7300000000000000000000000000000000000000000000000000000000000000000031
:203c93000000000000000000000018000000000000000000000000000000000000000000f9
:173cb3000008000000000000000000000000000800000000000000ea
:203cca000000000000000000000000000000000000000000000000000000000000000000da
:203cea00000000000000000000000000022000000000000000000000000000000000000098
:163d0a000000000000001000000000000000000000000000000093
:203d2000000000000000000000000000000000000000000000000000000000000000000083
:203d4000000000000000000000000000002000000000000000000000000000000000000043
:173d600000000000000001e00000000000000000000000000000006b
:203d770000000000000000000000000000000000000000000000000000000000000000002c
:203d9700000000000000000000000000020c000000000000000000000000000000000000fe
:163db70000000000000000000000000000000000000000000000f6
:203dcd000000000000000000000000000000000000000000000000000000000000000000d6
:203ded000000000000000000000000000020c00000000000000000000000000000000000d6
:173e0d0000000000000000000000000000000000000000000000009e
:203e240000000000000000000000000000000000000000000000000000000000000000007e
:203e440000000000000000200000000002000000000000000000000000000000000000003c
:163e64000000000000000000000000000000000000000000000048
:203e7a00000000000000000000000000000000000000000000000000000000000000000028
:203e9a00000000000000000200000030002180000000000000000000000000000000000035
:173eba00000000000000000001800000000000000000000000000070
:203ed1000000000000000000000000000000000000000000000000000000000000000000d1
:203ef1000000000000000000000000000200000000000000000000000000000000000000af
:163f1100000000000000000000000000000000000000000000009a
:203f270000000000000000000000000000000000000000000000000000000000000000007a
:203f470000000000000000000000000000200000000000000000000000000000000000003a
:173f6700000000000000000000000000000000000000000000000043
:203f7e00000000000000000000000000000000000000000000000000000000000000000023
:203f9e000000000000000000000000000008000000000000000000000000000000000000fb
:163fbe0000000000000000000000000000000000000000000000ed
:203fd4000000000000000000000000000000000000000000000000000000000000000000cd
:203ff4000000000000000000000000000000c00000000000000000000000001000000000dd
:17401400000000000000000000000000000000000000000000000095
:20402b00000000000000000000000000000000000000000000000000000000000000000075
:20404b00000000000000000000000000000000000000000000000000000000000000000055
:16406b000000010141c0000000000000000000000000000000003c
:2040810000000000000000000000000000000000000000000000000000000000000000001f
:2040a1000000000000000000000000000000000000000000000000000000000000000000ff
:1740c10000000042bd59000000000000000000000000000000000090
:2040d8000000000000000000000000000000000000000000000000000000000000000000c8
:2040f8000000000000000000000000080000000000000000000000000000000000000000a0
:164118000000000000000e00000000000000000000000000000083
:20412e00000000000000000000000000000000000000000000000000000000000000000071
:20414e0000000000000000000000000000040000000000000000000000000000000000004d
:17416e0000000000000000100000000000000000000000000000002a
:2041850000000000000000000000000000000000000000000000000000000000000000001a
:2041a5000000000000000000080000000000000000000000000000000000000000000000f2
:1641c50007000000000000000000000000000000000000000000dd
:2041db000000000000000000000000000000000000000000000000000000000000000000c4
:2041fb0000000000000000000000180000000000000000000000000000000000000000008c
:17421b0000000000000000000000000000000000000000000000008c
:2042320000000000000000000000000000000000000000000000000000000000000000006c
:2042520000000000000000000000000000200000000000000000000000000000000000002c
:164272000000000000000000000000000000000000000000000036
:20428800000000000000000000000000000000000000000000000000000000000000000016
:2042a8000000000000000000400000000000000000000000000000000000000000000000b6
:1742c8000000000000000000000000000000000000000000000000df
:2042df000000000000000000000000000000000000000000000000000000000000000000bf
:2042ff0000000000000000000000000000000000000000000000000000000000000000009f
:16431f000000000000000d0000000000000000000000000000007b
:20433500000000000000000000000000000000000000000000000000000000000000000068
:20435500000000000000000000000000000000000000000000000000000000000000000048
:17437500000000000000001000000000000000000000000000000021
:20438c00000000000000000000000000000000000000000000000000000000000000000011
:2043ac000000000000000000000000000000000000000010000000000000000000000000e1
:1643cc0000000000000000000000000000000000000000000000db
:2043e2000000000000000000000000000000000000000000000000000000000000000000bb
:20440200000000000000000000000000e00180000000000000000000000000000000000039
:17442200000000000000700000000000000000000000000000000013
:20443900000000000000000000000000000000000000000000000000000000000000000063
:2044590000000000000000000000000002000000000000300000000000000200000000000f
:16447900000000000000000000000000000000000000000000002d
:20448f0000000000000000000000000000000000000000000000000000000000000000000d
:2044af000000000000000000000000000000000000000000000000000000000000000000ed
:1744cf000000000000000000000000000000000000000000000000d6
:2044e6000000000000000000000000000000000000000000000000000000000000000000b6
:20450600000000000000000000000000080800000000000000000000000000000000000085
:16452600000000000000000000000000000000000000000000007f
:20453c0000000000000000000000000000000000000000000000000000000000000000005f
:20455c000000000000000000000000000000c000000000000000000000000000000000007f
:17457c00000000000000000000000000000000000000000000002008
:20459300000000000000000000000000000000000000000000000000000000000000000008
:2045b3000000000000000000000000000000000000000000000000000000000000000000e8
:1645d30000000000000000000000000000000000000000000000d2
:2045e9000000000000000000000000000000000000000000000000000000000000000000b2
:20460900000000000000000000000000000000000000000000000000000000000000000091
:1746290000000000000000000000000000000000000000000000007a
:2046400000000000000000000000000000000000000000000000000000000000000000005a
:2046600000000000000000000000000d00000000000000000000000000000000000000002d
:164680000000000000000000000000000000000000000000000024
:20469600000000000000000000000000000000000000000000000000000000000000000004
:2046b6000000000000000000000000000000000000000000000000000020000000000000c4
:1746d6000000000000000000000000000000000000000000000000cd
:2046ed000000000000000000000000000000000000000000000000000000000000000000ad
:20470d00000000000000000004000000000000000000000000000000000000000000000088
:16472d000000000000000000000000000000000000000000000076
:20474300000000000000000000000000000000000000000000000000000000000000000056
:20476300000000000000000000000a0000000000000000000000000000000000000000002c
:1747830000000000000000000000000000000000000000000000001f
:20479a000000000000000000000000000000000000000000000000000000000000000000ff
:2047ba000000000000000000000000000200000000000000000000000000000000000000dd
:1647da0000000000000000000000000000000000000000000000c9
:2047f0000000000000000000000000000000000000000000000000000000000000000000a9
:20481000000000000000000000000000002000000000000000000000000000000000000068
:17483000000000000000000000000000000000000000000000000071
:20484700000000000000000000000000000000000000000000000000000000000000000051
:20486700000000000000000000000008020c0000000000000000000000000000000000001b
:16488700000000000000000000000000000000000000000000001b
:20489d000000000000000000000000000000000000000000000000000000000000000000fb
:2048bd000000000000000000000000700020800000000000000000000000000000000000cb
:1748dd000000000000000000000000000000000000000000000000c4
:2048f4000000000000000000000000000000000000000000000000000000000000000000a4
:20491400000000000000000000000000020000000000000000000000000000000000000081
:164934000008000000000000000000000000000000000000000065
:20494a0000000000000000000000000000000000000000000000000000000000000000004d
:20496a0000000000000000000000000000218000000000000000000000000000000000008c
:17498a00000000000000000000000000000000000000000000000016
:2049a1000000000000000000000000000000000000000000000000000000000000000000f6
:2049c1000000000000000000000000000200000000000000000000000000000000000000d4
:1649e10000000000000000000000000000000000000000000000c0
:2049f7000000000000000000000000000000000000000000000000000000000000000000a0
:204a170000000000000000000000000000200000000000000000000000000000000000005f
:174a3700000000000000000000000000000000000000000000000068
:204a4e00000000000000000000000000000000000000000000000000000000000000000048
:204a6e00000000000000000000000000000800000000000000000000000000080a5020009e
:164a8e000000000000000000000000000000000000000000000012
:204aa4000000000000000000000000000000000000000000000000000000000000000000f2
:204ac4000000000000000000000000000000c000000000000000000000000000025a0000b6
:174ae4000000000000000000000000000000000000000000000000bb
:204afb0000000000000000000000000000000000000000000000000000000000000000009b
:204b1b0000000000000000000000000000000000000000000000000000000000000000007a
:164b3b00000000000000000000000000000000000000000000085c
:204b5100000000000000000000000000000000000000000000000000000000000000000044
:204b7100000000000000000000000000000000000000000000000000000000000000000024
:174b91000000000000000000000000000000000000000000000140cc
:204ba8000000000000000000000000000000000000000000000000000000000000000000ed
:204bc8000000000000000000000000090000000000000000000000000000000000000000c4
:164be80000000000000000000000000000000000000000000000b7
:204bfe00000000000000000000000000000000000000000000000000000000000000000097
:204c1e00000000000000000000000000000000000000000300000000000000000000000073
:174c3e0000000000000000000000000000000000000000000000005f
:204c550000000000000000000000000000000000000000000000000000000000000000003f
:204c750000000000000000000400000000000000000000000000000000000000000000001b
:164c95000000000000000000000000000080000000000000000089
:204cab000000000000000000000000000000000000000000000000000000000000000000e9
:204ccb00000000000000000000000a000000000000000000000000000000000000000000bf
:174ceb000000000000000000000000000000000000000000000000b2
:204d0200000000000000000000000000000000000000000000000000000000000000000091
:204d2200000000000000000000000000000000000000000000000000000000000000000071
:164d420000000000000000000000f0080200000000000000000061
:204d580000000000000000000000000000000000000000000000000000000000000000003b
:204d780000000000000000000000000000000000000000000000000000000000000000001b
:174d9800000000000000000000012f0581c00000000000000000008e
:204daf000000000000000000000000000000000000000000000000000000000000000000e4
:204dcf000000000000000000000000080000000000000000000000000000000000000000bc
:164def0000000000000000000000000000000000000000000000ae
:204e050000000000000000000000000000000000000000000000000000000000000000008d
:204e250000000000000000000000000000000000000000000000000000000000000000006d
:174e4500000000000000000000000000000000000000000000000056
:204e5c00000000000000000000000000000000000000000000000000000000000000000036
:204e7c00000000000000000000000000a00000000000000000000000000000000000000076
:164e9c000000000000000000000000000000000000000000000000
:204eb2000000000000000000000000000000000000000000000000000000000000000000e0
:204ed20000000000000000000000000004018000000000000000000000000000000000003b
:174ef200000060000000000000000000000000060000000000000043
:204f0900000000000000000000000000000000000000000000000000000000000000000088
:204f2900000000000000000000000000020000000000006000000000000000000000000402
:164f49000000000000000040000000000000000000000000000012
:204f5f00000000000000000000000000000000000000000000000000000000000000000032
:204f7f00000000000000000000000000000000000000000000000000000000000000000012
:174f9f002000000000000000000000000000000000000000000000db
:204fb6000030c00000000000000000000000000000000000000000000000000000000000eb
:204fd600000000000000000400000010040c00000000000000000000000000000000000097
:164ff6000000000000000018000000000000000000000008000085
:20500c0001030c000000000000000000000000000000000000000000000000000000000074
:20502c00000000000000000020000001e000c00000000000000000000000000000000000a3
:17504c0000000000000010000000000000000000000000030000003a
:205063000030c000000000000000000000000000000000000000000000000000000000003d
:2050830000000000000000000000000000000000000000000000000000000000000000000d
:1650a30000000000000900000000000000000000000000000a00e4
:2050b90001030c0000000000000000000000000000000000000000000000000000000000c7
:2050d9000000000000000000000000000000000000000000000000000000001000000000a7
:1750f900000000000000780000000000016000000000000000400087
:205110000030c000000000000000000000000000000000000000000000000000000000008f
:2051300000000000000000000000000000000000000000000000000000000000000000005f
:165150000000410143f000000000000000340000000000000000a0
:2051660001030c000000000000000000000000000000000000000000000000000000000019
:20518600000000000000000000000000080000000000000000000000000000000000000001
:1751a60000000022bdde0000000000000000440000000000004000b1
:2051bd000030c00000000000000000000000000000000000000000000000000000000000e2
:2051dd000000000000000100010100000000000000000000000000000000000000000000af
:1651fd002800000000000000000000000000000000000000000074
:2052130001030c00000000000000000000000000000000000000000000000000000000006b
:20523300000000000000002000000a00000000000000000000000000000000000000000031
:17525300000000000000000000000000000000000000000000000044
:20526a000030c0000000000000000000000000000000000000000000000000000000000034
:20528a000000000000000000000000000220000000000000000000000000000000000000e2
:1652aa002800000141b00000000000000000000000000000e000f4
:2052c00001030c0000000000000000000000000000000000000000000000000000000000be
:2052e00000000000000000000000000000200000000000000000000000000000000000008e
:1753000000000000017a71c0000000000000000000000000000000ea
:205317000030c0000000000000000000000000000000000000000000000000000000000086
:20533700000000000000010000000300020800000000000000000000000000000000000048
:165357000000000000070000000000000000003000000000000009
:20536d0001030c000000000000000000000000000000000000000000000000000000000010
:20538d00000000000000002800000000002080000000000000000000000000000000000038
:1753ad000000000000000000000000000000000300000000000000e6
:2053c4000030c00000000000000000000000000000000000000000000000000000000000d9
:2053e400000000000000004000000000020000000000000000000000000000000000000067
:16540400000000000000000000800f000200010003c0200000001d
:20541a0001030c000000000000000000000000000000000000000000000000000000000062
:20543a000000000000000000000000000021800000000000000000000000000000000000b1
:17545a0000000000000000000000a0f38040000600bc1e00000018f0
:205471000030c000000000000000000000000000000000000000000000000000000000002b
:20549100000000000000000080000900022000000000000000000000000000000000000050
:1654b100102000000000000002000f080000000003c000020000d7
:2054c70001030c0000000000000000000000000000000000000000000000000000000000b5
:2054e700000000000000000000000000002000000000000000000000000000000000000085
:1755070002810000000000000000a0f18000000000bc160000000027
:20551e000030c000000000000000000000000000000000000000000000000000000000007d
:20553e00000000000000000400000010002c0000000000000000000000000000000000000d
:16555e0000000000000000000000000000000000403c200000009b
:2055740001030c000000000000000000000000000000000000000000000000000000000007
:20559400000000000000000020000000e000c0000000000000000000000000000000000037
:1755b400000000000000000000000000000000000083c60000000097
:2055cb000030c00000000000000000000000000000000000000000000000000000000000d0
:2055eb000000000000000000000000000000000000000000000000000000000000000000a0
:16560b000000000000000000000000000000000002940a000000e9
:2056210001030c000000000000000000000000000000000000000000000000000000000059
:20564100000000000000000000000000000000000000000000000000000000000000000049
:17566100000000000000000000000000000700000096801000000005
:205678000030c0000000000000000000000000000000000000000000000000000000000022
:205698000000000000000000000000000000000000000000000000000000000000000000f2
:1656b80000480003c0000f000000000000000000403c2010000016
:2056ce0001030c0000000000000000000000000000000000000000000000000000000000ac
:2056ee0000000000000000000000000000100000000000000000000000000000000000008c
:17570e00000200183ce0001200000000000000000083d408000000dd
:205725000030c0000000000000000000000000000000000000000000000000000000000074
:205745000000000000000000008000000000000000000000000000000000000000000000c4
:1657650000000000000000000000000000000000003c20000100d1
:20577b0001030c0000000000000000000000000000000000000000000000000000000000fe
:20579b00000000000000000000001a000000000000000000000000000000000000000000d4
:1757bb00000000000000000001000000000000004183c4000000004e
:2057d2000030c00000000000000000000000000000000000000000000000000000000000c7
:2057f20000000000000000000000000e000000000000000000000000000004000000000085
:1658120000000000000000000000000000000004003c000100003f
:2058280001030c000000000000000000000000000000000000000000000000000000000050
:205848000000000000000000000000001000000000000000000000000000008000000000b0
:17586800000000000000000000000000000002008083d4001e000032
:20587f000030c0000000000000000000000000000000000000000000000000000000000019
:20589f000000000000000000000000000000000000000000000000000002000000000000e7
:1658bf000000000000000000040000000000001000000009ba0af2
:2058d50001030c0000000000000000000000000000000000000000000000000000000000a3
:2058f500000000000000000000000000000000000000000000000000000000000000000093
:1759150000002000000000000080000000000002000000078a002028
:20592c000030c000000000000000000000000000000000000000000000000000000000006b
:20594c000000000000000000000000000000000000000000000000000000002100f0002307
:16596c00001000000000000000000f0000006000003c20900000ba
:2059820001030c0000000000000000000000000000000000000000000000000000000000f5
:2059a20000000000000000000000000000038000000000000000000000000000020f181623
:1759c2000402600000000000018020f7000000060483ce000000185d
:2059d9000030c00000000000000000000000000000000000000000000000000000000000be
:2059f9000000000000000000000000000200000000000000000000000000000900f0800013
:165a190000000000000000000000000000000000603c00080000d3
:205a2f0001030c000000000000000000000000000000000000000000000000000000000047
:205a4f0000000000000000000000000000000000000000020000000000000000020f18000c
:175a6f00000000000000000040000000000008000083d405800000fc
:025a860000001e
:035a880062009f1a
:035a8b0072008026
:025a8e00110005
:035a900082000091
:025a930001030d
:145a95000000000000000000000000000000000000000000fd
:145aa9000000000000000000000000000000000000000000e9
:145abd000000000000000000000000000000000000000000d5
:145ad1000000000000000000000000000000000000000000c1
:145ae5000000000000000000000000000000000000000000ad
:145af900000000000000000000000000000000000000000099
:145b0d00000000000000000000000000000000000000000084
:145b2100000000000000000000000000000000000000000070
:145b350000000000000000000000000000000000000000005c
:145b4900000000000000000000000000000000000000000048
:145b5d00000000000000000000000000000000000000000034
:145b7100000000000000000000000000000000000000000020
:145b850000000000000000000000000000000000000000000c
:145b99000000000000000000000000000000000000000000f8
:145bad000000000000000000000000000000000000000000e4
:145bc1000000000000000000000000000000000000000000d0
:145bd5000000000000000000000000000000000000000000bc
:145be9000000000000000000000000000000000000000000a8
:145bfd00000000000000000000000000000000000000000094
:145c110000000000000000000000000000000000000000007f
:145c250000000000000000000000000000000000000000006b
:145c3900000000000000000000000000000000000000000057
:145c4d00000000000000000000000000000000000000000043
:145c610000000000000000000000000000000000000000002f
:145c750000000000000000000000000000000000000000001b
:145c8900000000000000000000000000000000000000000007
:145c9d000000000000000000000000000000000000000000f3
:145cb1000000000000000000000000000000000000000000df
:145cc5000000000000000000000000000000000000000000cb
:145cd9000000000000000000000000000000000000000000b7
:145ced000000000000000000000000000000000000000000a3
:145d010000000000000000000000000000000000000000008e
:145d150000000000000000000000000000000000000000007a
:145d2900000000000000000000000000000000000000000066
:145d3d00000000000000000000000000000000000000000052
:145d510000000000000000000000000000000000000000003e
:145d650000000000000000000000000000000000000000002a
:145d7900000000000000000000000000000000000000000016
:145d8d00000000000000000000000000000000000000000002
:145da1000000000000000000000000000000000000000000ee
:145db5000000000000000000000000000000000000000000da
:145dc9000000000000000000000000000000000000000000c6
:145ddd000000000000000000000000000000000000000000b2
:145df10000000000000000000000000000000000000000009e
:145e0500000000000000000000000000000000000000000089
:145e1900000000000000000000000000000000000000000075
:145e2d00000000000000000000000000000000000000000061
:145e410000000000000000000000000000000000000000004d
:145e5500000000000000000000000000000000000000000039
:145e6900000000000000000000000000000000000000000025
:145e7d00000000000000000000000000000000000000000011
:145e91000000000000000000000000000000000000000000fd
:145ea5000000000000000000000000000000000000000000e9
:145eb9000000000000000000000000000000000000000000d5
:145ecd000000000000000000000000000000000000000000c1
:145ee1000000000000000000000000000000000000000000ad
:145ef500000000000000000000000000000000000000000099
:145f0900000000000000000000000000000000000000000084
:145f1d00000000000000000000000000000000000000000070
:145f310000000000000000000000000000000000000000005c
:145f4500000000000000000000000000000000000000000048
:145f5900000000000000000000000000000000000000000034
:145f6d00000000000000000000000000000000000000000020
:145f810000000000000000000000000000000000000000000c
:145f95000000000000000000000000000000000000000000f8
:145fa9000000000000000000000000000000000000000000e4
:145fbd000000000000000000000000000000000000000000d0
:145fd1000000000000000000000000000000000000000000bc
:145fe5000000000000000000000000000000000000000000a8
:145ff900000000000000000000000000000000000000000094
:14600d0000000000000000000000000000000000000000007f
:1460210000000000000000000000000000000000000000006b
:14603500000000000000000000000000000000000000000057
:14604900000000000000000000000000000000000000000043
:14605d0000000000000000000000000000000000000000002f
:1460710000000000000000000000000000000000000000001b
:14608500000000000000000000000000000000000000000007
:146099000000000000000000000000000000000000000000f3
:1460ad000000000000000000000000000000000000000000df
:1460c1000000000000000000000000000000000000000000cb
:1460d5000000000000000000000000000000000000000000b7
:1460e9000000000000000000000000000000000000000000a3
:1460fd0000000000000000000000000000000000000000008f
:1461110000000000000000000000000000000000000000007a
:14612500000000000000000000000000000000000000000066
:14613900000000000000000000000000000000000000000052
:14614d0000000000000000000000000000000000000000003e
:1461610000000000000000000000000000000000000000002a
:14617500000000000000000000000000000000000000000016
:14618900000000000000000000000000000000000000000002
:14619d000000000000000000000000000000000000000000ee
:1461b1000000000000000000000000000000000000000000da
:1461c5000000000000000000000000000000000000000000c6
:1461d9000000000000000000000000000000000000000000b2
:1461ed0000000000000000000000000000000000000000009e
:14620100000000000000000000000000000000000000000089
:14621500000000000000000000000000000000000000000075
:14622900000000000000000000000000000000000000000061
:14623d0000000000000000000000000000000000000000004d
:14625100000000000000000000000000000000000000000039
:14626500000000000000000000000000000000000000000025
:14627900000000000000000000000000000000000000000011
:14628d000000000000000000000000000000000000000000fd
:1462a1000000000000000000000000000000000000000000e9
:1462b5000000000000000000000000000000000000000000d5
:1462c9000000000000000000000000000000000000000000c1
:1462dd000000000000000000000000000000000000000000ad
:1462f100000000000000000000000000000000000000000099
:14630500000000000000000000000000000000000000000084
:14631900000000000000000000000000000000000000000070
:14632d0000000000000000000000000000000000000000005c
:14634100000000000000000000000000000000000000000048
:14635500000000000000000000000000000000000000000034
:14636900000000000000000000000000000000000000000020
:14637d0000000000000000000000000000000000000000000c
:146391000000000000000000000000000000000000000000f8
:1463a5000000000000000000000000000000000000000000e4
:1463b9000000000000000000000000000000000000000000d0
:1463cd000000000000000000000000000000000000000000bc
:1463e1000000000000000000000000000000000000000000a8
:1463f500000000000000000000000000000000000000000094
:1464090000000000000000000000000000000000000000007f
:14641d0000000000000000000000000000000000000000006b
:14643100000000000000000000000000000000000000000057
:14644500000000000000000000000000000000000000000043
:1464590000000000000000000000000000000000000000002f
:14646d0000000000000000000000000000000000000000001b
:14648100000000000000000000000000000000000000000007
:02649500000005
:0364970082008000
:02649a000103fc
:14649c000000000000000000000000000000000000000000ec
:1464b0000000000000000000000000000000000000000000d8
:1464c4000000000000000000000000000000000000000000c4
:1464d8000000000000000000000000000000000000000000b0
:1464ec0000000000000000000000000000000000000000009c
:14650000000000000000000000000000000000000000000087
:14651400000000000000000000000000000000000000000073
:1465280000000000000000000000000000000000000000005f
:14653c0000000000000000000000000000000000000000004b
:14655000000000000000000000000000000000000000000037
:14656400000000000000000000000000000000000000000023
:1465780000000000000000000000000000000000000000000f
:14658c000000000000000000000000000000000000000000fb
:1465a0000000000000000000000000000000000000000000e7
:1465b4000000000000000000000000000000000000000000d3
:1465c8000000000000000000000000000000000000000000bf
:1465dc000000000000000000000000000000000000000000ab
:1465f000000000000000000000000000000000000000000097
:14660400000000000000000000000000000000000000000082
:1466180000000000000000000000000000000000000000006e
:14662c0000000000000000000000000000000000000000005a
:14664000000000000000000000000000000000000000000046
:14665400000000000000000000000000000000000000000032
:1466680000000000000000000000000000000000000000001e
:14667c0000000000000000000000000000000000000000000a
:146690000000000000000000000000000000000000000000f6
:1466a4000000000000000000000000000000000000000000e2
:1466b8000000000000000000000000000000000000000000ce
:1466cc000000000000000000000000000000000000000000ba
:1466e0000000000000000000000000000000000000000000a6
:1466f400000000000000000000000000000000000000000092
:1467080000000000000000000000000000000000000000007d
:14671c00000000000000000000000000000000000000000069
:14673000000000000000000000000000000000000000000055
:14674400000000000000000000000000000000000000000041
:1467580000000000000000000000000000000000000000002d
:14676c00000000000000000000000000000000000000000019
:14678000000000000000000000000000000000000000000005
:146794000000000000000000000000000000000000000000f1
:1467a8000000000000000000000000000000000000000000dd
:1467bc000000000000000000000000000000000000000000c9
:1467d0000000000000000000000000000000000000000000b5
:1467e4000000000000000000000000000000000000000000a1
:1467f80000000000000000000000000000000000000000008d
:14680c00000000000000000000000000000000000000000078
:14682000000000000000000000000000000000000000000064
:14683400000000000000000000000000000000000000000050
:1468480000000000000000000000000000000000000000003c
:14685c00000000000000000000000000000000000000000028
:14687000000000000000000000000000000000000000000014
:14688400000000000000000000000000000000000000000000
:146898000000000000000000000000000000000000000000ec
:1468ac000000000000000000000000000000000000000000d8
:1468c0000000000000000000000000000000000000000000c4
:1468d4000000000000000000000000000000000000000000b0
:1468e80000000000000000000000000000000000000000009c
:1468fc00000000000000000000000000000000000000000088
:14691000000000000000000000000000000000000000000073
:1469240000000000000000000000000000000000000000005f
:1469380000000000000000000000000000000000000000004b
:14694c00000000000000000000000000000000000000000037
:14696000000000000000000000000000000000000000000023
:1469740000000000000000000000000000000000000000000f
:146988000000000000000000000000000000000000000000fb
:14699c000000000000000000000000000000000000000000e7
:1469b0000000000000000000000000000000000000000000d3
:1469c4000000000000000000000000000000000000000000bf
:1469d8000000000000000000000000000000000000000000ab
:1469ec00000000000000000000000000000000000000000097
:146a0000000000000000000000000000000000000000000082
:146a140000000000000000000000000000000000000000006e
:146a280000000000000000000000000000000000000000005a
:146a3c00000000000000000000000000000000000000000046
:146a5000000000000000000000000000000000000000000032
:146a640000000000000000000000000000000000000000001e
:146a780000000000000000000000000000000000000000000a
:146a8c000000000000000000000000000000000000000000f6
:146aa0000000000000000000000000000000000000000000e2
:146ab4000000000000000000000000000000000000000000ce
:146ac8000000000000000000000000000000000000000000ba
:146adc000000000000000000000000000000000000000000a6
:146af000000000000000000000000000000000000000000092
:146b040000000000000000000000000000000000000000007d
:146b1800000000000000000000000000000000000000000069
:146b2c00000000000000000000000000000000000000000055
:146b4000000000000000000000000000000000000000000041
:146b540000000000000000000000000000000000000000002d
:146b6800000000000000000000000000000000000000000019
:146b7c00000000000000000000000000000000000000000005
:146b90000000000000000000000000000000000000000000f1
:146ba4000000000000000000000000000000000000000000dd
:146bb8000000000000000000000000000000000000000000c9
:146bcc000000000000000000000000000000000000000000b5
:146be0000000000000000000000000000000000000000000a1
:146bf40000000000000000000000000000000000000000008d
:146c0800000000000000000000000000000000000000000078
:146c1c00000000000000000000000000000000000000000064
:146c3000000000000000000000000000000000000000000050
:146c440000000000000000000000000000000000000000003c
:146c5800000000000000000000000000000000000000000028
:146c6c00000000000000000000000000000000000000000014
:146c8000000000000000000000000000000000000000000000
:146c94000000000000000000000000000000000000000000ec
:146ca8000000000000000000000000000000000000000000d8
:146cbc000000000000000000000000000000000000000000c4
:146cd0000000000000000000000000000000000000000000b0
:146ce40000000000000000000000000000000000000000009c
:146cf800000000000000000000000000000000000000000088
:146d0c00000000000000000000000000000000000000000073
:146d200000000000000000000000000000000000000000005f
:146d340000000000000000000000000000000000000000004b
:146d4800000000000000000000000000000000000000000037
:146d5c00000000000000000000000000000000000000000023
:146d700000000000000000000000000000000000000000000f
:146d84000000000000000000000000000000000000000000fb
:146d98000000000000000000000000000000000000000000e7
:146dac000000000000000000000000000000000000000000d3
:146dc0000000000000000000000000000000000000000000bf
:146dd4000000000000000000000000000000000000000000ab
:146de800000000000000000000000000000000000000000097
:146dfc00000000000000000000000000000000000000000083
:146e100000000000000000000000000000000000000000006e
:146e240000000000000000000000000000000000000000005a
:146e3800000000000000000000000000000000000000000046
:146e4c00000000000000000000000000000000000000000032
:146e600000000000000000000000000000000000000000001e
:146e740000000000000000000000000000000000000000000a
:146e88000000000000000000000000000000000000000000f6
:026e9c000000f4
:036e9e0062004f40
:026ea1001101dd
:036ea3008200006a
:026ea6000103e6
:0a6ea80000000000000000000000e0
:0a6eb20000000000000000000000d6
:0a6ebc0000000000000000000000cc
:0a6ec60000000000000000000000c2
:0a6ed00000000000000000000000b8
:0a6eda0000000000000000000000ae
:0a6ee40000000000000000000000a4
:0a6eee00000000000000000000009a
:0a6ef8000000000000000000000090
:0a6f02000000000000000000000085
:0a6f0c00000000000000000000007b
:0a6f16000000000000000000000071
:0a6f20000000000000000000000067
:0a6f2a00000000000000000000005d
:0a6f34000000000000000000000053
:0a6f3e000000000000000000000049
:0a6f4800000000000000000000003f
:0a6f52000000000000000000000035
:0a6f5c00000000000000000000002b
:0a6f66000000000000000000000021
:0a6f70000000000000000000000017
:0a6f7a00000000000000000000000d
:0a6f84000000000000000000000003
:0a6f8e0000000000000000000000f9
:0a6f980000000000000000000000ef
:0a6fa20000000000000000000000e5
:0a6fac0000000000000000000000db
:0a6fb60000000000000000000000d1
:0a6fc00000000000000000000000c7
:0a6fca0000000000000000000000bd
:0a6fd40000000000000000000000b3
:0a6fde0000000000000000000000a9
:0a6fe800000000000000000000009f
:0a6ff2000000000000000000000095
:0a6ffc00000000000000000000008b
:0a7006000000000000000000000080
:0a7010000000000000000000000076
:0a701a00000000000000000000006c
:0a7024000000000000000000000062
:0a702e000000000000000000000058
:0a703800000000000000000000004e
:0a7042000000000000000000000044
:0a704c00000000000000000000003a
:0a7056000000000000000000000030
:0a7060000000000000000000000026
:0a706a00000000000000000000001c
:0a7074000000000000000000000012
:0a707e000000000000000000000008
:0a70880000000000000000000000fe
:0a70920000000000000000000000f4
:0a709c0000000000000000000000ea
:0a70a60000000000000000000000e0
:0a70b00000000000000000000000d6
:0a70ba0000000000000000000000cc
:0a70c40000000000000000000000c2
:0a70ce0000000000000000000000b8
:0a70d80000000000000000000000ae
:0a70e20000000000000000000000a4
:0a70ec00000000000000000000009a
:0a70f6000000000000000000000090
:0a7100000000000000000000000085
:0a710a00000000000000000000007b
:0a7114000000000000000000000071
:0a711e000000000000000000000067
:0a712800000000000000000000005d
:0a7132000000000000000000000053
:0a713c000000000000000000000049
:0a714600000000000000000000003f
:0a7150000000000000000000000035
:0a715a00000000000000000000002b
:0a7164000000000000000000000021
:0a716e000000000000000000000017
:0a717800000000000000000000000d
:0a7182000000000000000000000003
:0a718c0000000000000000000000f9
:0a71960000000000000000000000ef
:0a71a00000000000000000000000e5
:0a71aa0000000000000000000000db
:0a71b40000000000000000000000d1
:0a71be0000000000000000000000c7
:0a71c80000000000000000000000bd
:0a71d20000000000000000000000b3
:0a71dc0000000000000000000000a9
:0a71e600000000000000000000009f
:0a71f0000000000000000000000095
:0a71fa00000000000000000000008b
:0a7204000000000000000000000080
:0a720e000000000000000000000076
:0a721800000000000000000000006c
:0a7222000000000000000000000062
:0a722c000000000000000000000058
:0a723600000000000000000000004e
:0a7240000000000000000000000044
:0a724a00000000000000000000003a
:0a7254000000000000000000000030
:0a725e000000000000000000000026
:0a726800000000000000000000001c
:0a7272000000000000000000000012
:0a727c000000000000000000000008
:0a72860000000000000000000000fe
:0a72900000000000000000000000f4
:0a729a0000000000000000000000ea
:0a72a40000000000000000000000e0
:0a72ae0000000000000000000000d6
:0a72b80000000000000000000000cc
:0a72c20000000000000000000000c2
:0a72cc0000000000000000000000b8
:0a72d60000000000000000000000ae
:0a72e00000000000000000000000a4
:0a72ea00000000000000000000009a
:0a72f4000000000000000000000090
:0a72fe000000000000000000000086
:0a730800000000000000000000007b
:0a7312000000000000000000000071
:0a731c000000000000000000000067
:0a732600000000000000000000005d
:0a7330000000000000000000000053
:0a733a000000000000000000000049
:0a734400000000000000000000003f
:0a734e000000000000000000000035
:0a735800000000000000000000002b
:0a7362000000000000000000000021
:0a736c000000000000000000000017
:0a737600000000000000000000000d
:0a7380000000000000000000000003
:0a738a0000000000000000000000f9
:0a73940000000000000000000000ef
:0a739e0000000000000000000000e5
:0273a8000000e3
:0373aa00820080de
:0273ad000103da
:0a73af0000000000000000000000d4
:0a73b90000000000000000000000ca
:0a73c30000000000000000000000c0
:0a73cd0000000000000000000000b6
:0a73d70000000000000000000000ac
:0a73e10000000000000000000000a2
:0a73eb000000000000000000000098
:0a73f500000000000000000000008e
:0a73ff000000000000000000000084
:0a7409000000000000000000000079
:0a741300000000000000000000006f
:0a741d000000000000000000000065
:0a742700000000000000000000005b
:0a7431000000000000000000000051
:0a743b000000000000000000000047
:0a744500000000000000000000003d
:0a744f000000000000000000000033
:0a7459000000000000000000000029
:0a746300000000000000000000001f
:0a746d000000000000000000000015
:0a747700000000000000000000000b
:0a7481000000000000000000000001
:0a748b0000000000000000000000f7
:0a74950000000000000000000000ed
:0a749f0000000000000000000000e3
:0a74a90000000000000000000000d9
:0a74b30000000000000000000000cf
:0a74bd0000000000000000000000c5
:0a74c70000000000000000000000bb
:0a74d10000000000000000000000b1
:0a74db0000000000000000000000a7
:0a74e500000000000000000000009d
:0a74ef000000000000000000000093
:0a74f9000000000000000000000089
:0a750300000000000000000000007e
:0a750d000000000000000000000074
:0a751700000000000000000000006a
:0a7521000000000000000000000060
:0a752b000000000000000000000056
:0a753500000000000000000000004c
:0a753f000000000000000000000042
:0a7549000000000000000000000038
:0a755300000000000000000000002e
:0a755d000000000000000000000024
:0a756700000000000000000000001a
:0a7571000000000000000000000010
:0a757b000000000000000000000006
:0a75850000000000000000000000fc
:0a758f0000000000000000000000f2
:0a75990000000000000000000000e8
:0a75a30000000000000000000000de
:0a75ad0000000000000000000000d4
:0a75b70000000000000000000000ca
:0a75c10000000000000000000000c0
:0a75cb0000000000000000000000b6
:0a75d50000000000000000000000ac
:0a75df0000000000000000000000a2
:0a75e9000000000000000000000098
:0a75f300000000000000000000008e
:0a75fd000000000000000000000084
:0a7607000000000000000000000079
:0a761100000000000000000000006f
:0a761b000000000000000000000065
:0a762500000000000000000000005b
:0a762f000000000000000000000051
:0a7639000000000000000000000047
:0a764300000000000000000000003d
:0a764d000000000000000000000033
:0a7657000000000000000000000029
:0a766100000000000000000000001f
:0a766b000000000000000000000015
:0a767500000000000000000000000b
:0a767f000000000000000000000001
:0a76890000000000000000000000f7
:0a76930000000000000000000000ed
:0a769d0000000000000000000000e3
:0a76a70000000000000000000000d9
:0a76b10000000000000000000000cf
:0a76bb0000000000000000000000c5
:0a76c50000000000000000000000bb
:0a76cf0000000000000000000000b1
:0a76d90000000000000000000000a7
:0a76e300000000000000000000009d
:0a76ed000000000000000000000093
:0a76f7000000000000000000000089
:0a770100000000000000000000007e
:0a770b000000000000000000000074
:0a771500000000000000000000006a
:0a771f000000000000000000000060
:0a7729000000000000000000000056
:0a773300000000000000000000004c
:0a773d000000000000000000000042
:0a7747000000000000000000000038
:0a775100000000000000000000002e
:0a775b000000000000000000000024
:0a776500000000000000000000001a
:0a776f000000000000000000000010
:0a7779000000000000000000000006
:0a77830000000000000000000000fc
:0a778d0000000000000000000000f2
:0a77970000000000000000000000e8
:0a77a10000000000000000000000de
:0a77ab0000000000000000000000d4
:0a77b50000000000000000000000ca
:0a77bf0000000000000000000000c0
:0a77c90000000000000000000000b6
:0a77d30000000000000000000000ac
:0a77dd0000000000000000000000a2
:0a77e7000000000000000000000098
:0a77f100000000000000000000008e
:0a77fb000000000000000000000084
:0a7805000000000000000000000079
:0a780f00000000000000000000006f
:0a7819000000000000000000000065
:0a782300000000000000000000005b
:0a782d000000000000000000000051
:0a7837000000000000000000000047
:0a784100000000000000000000003d
:0a784b000000000000000000000033
:0a7855000000000000000000000029
:0a785f00000000000000000000001f
:0a7869000000000000000000000015
:0a787300000000000000000000000b
:0a787d000000000000000000000001
:0a78870000000000000000000000f7
:0a78910000000000000000000000ed
:0a789b0000000000000000000000e3
:0a78a50000000000000000000000d9
:0278af000000d7
:0378b10062009fd3
:0278b4001102bf
:0378b6008200004d
:0278b9000103c9
:1478bb000000000000000000000000000000000000000000b9
:1478cf000000000000000000000000000000000000000000a5
:1478e300000000000000000000000000000000000000000091
:1478f70000000000000000000000000000000000000000007d
:14790b00000000000000000000000000000000000000000068
:14791f00000000000000000000000000000000000000000054
:14793300000000000000000000000000000000000000000040
:1479470000000000000000000000000000000000000000002c
:14795b00000000000000000000000000000000000000000018
:14796f00000000000000000000000000000000000000000004
:147983000000000000000000000000000000000000000000f0
:147997000000000000000000000000000000000000000000dc
:1479ab000000000000000000000000000000000000000000c8
:1479bf000000000000000000000000000000000000000000b4
:1479d3000000000000000000000000000000000000000000a0
:1479e70000000000000000000000000000000000000000008c
:1479fb00000000000000000000000000000000000000000078
:147a0f00000000000000000000000000000000000000000063
:147a230000000000000000000000000000000000000000004f
:147a370000000000000000000000000000000000000000003b
:147a4b00000000000000000000000000000000000000000027
:147a5f00000000000000000000000000000000000000000013
:147a73000000000000000000000000000000000000000000ff
:147a87000000000000000000000000000000000000000000eb
:147a9b000000000000000000000000000000000000000000d7
:147aaf000000000000000000000000000000000000000000c3
:147ac3000000000000000000000000000000000000000000af
:147ad70000000000000000000000000000000000000000009b
:147aeb00000000000000000000000000000000000000000087
:147aff00000000000000000000000000000000000000000073
:147b130000000000000000000000000000000000000000005e
:147b270000000000000000000000000000000000000000004a
:147b3b00000000000000000000000000000000000000000036
:147b4f00000000000000000000000000000000000000000022
:147b630000000000000000000000000000000000000000000e
:147b77000000000000000000000000000000000000000000fa
:147b8b000000000000000000000000000000000000000000e6
:147b9f000000000000000000000000000000000000000000d2
:147bb3000000000000000000000000000000000000000000be
:147bc7000000000000000000000000000000000000000000aa
:147bdb00000000000000000000000000000000000000000096
:147bef00000000000000000000000000000000000000000082
:147c030000000000000000000000000000000000000000006d
:147c1700000000000000000000000000000000000000000059
:147c2b00000000000000000000000000000000000000000045
:147c3f00000000000000000000000000000000000000000031
:147c530000000000000000000000000000000000000000001d
:147c6700000000000000000000000000000000000000000009
:147c7b000000000000000000000000000000000000000000f5
:147c8f000000000000000000000000000000000000000000e1
:147ca3000000000000000000000000000000000000000000cd
:147cb7000000000000000000000000000000000000000000b9
:147ccb000000000000000000000000000000000000000000a5
:147cdf00000000000000000000000000000000000000000091
:147cf30000000000000000000000000000000000000000007d
:147d0700000000000000000000000000000000000000000068
:147d1b00000000000000000000000000000000000000000054
:147d2f00000000000000000000000000000000000000000040
:147d430000000000000000000000000000000000000000002c
:147d5700000000000000000000000000000000000000000018
:147d6b00000000000000000000000000000000000000000004
:147d7f000000000000000000000000000000000000000000f0
:147d93000000000000000000000000000000000000000000dc
:147da7000000000000000000000000000000000000000000c8
:147dbb000000000000000000000000000000000000000000b4
:147dcf000000000000000000000000000000000000000000a0
:147de30000000000000000000000000000000000000000008c
:147df700000000000000000000000000000000000000000078
:147e0b00000000000000000000000000000000000000000063
:147e1f0000000000000000000000000000000000000000004f
:147e330000000000000000000000000000000000000000003b
:147e4700000000000000000000000000000000000000000027
:147e5b00000000000000000000000000000000000000000013
:147e6f000000000000000000000000000000000000000000ff
:147e83000000000000000000000000000000000000000000eb
:147e97000000000000000000000000000000000000000000d7
:147eab000000000000000000000000000000000000000000c3
:147ebf000000000000000000000000000000000000000000af
:147ed30000000000000000000000000000000000000000009b
:147ee700000000000000000000000000000000000000000087
:147efb00000000000000000000000000000000000000000073
:147f0f0000000000000000000000000000000000000000005e
:147f230000000000000000000000000000000000000000004a
:147f3700000000000000000000000000000000000000000036
:147f4b00000000000000000000000000000000000000000022
:147f5f0000000000000000000000000000000000000000000e
:147f73000000000000000000000000000000000000000000fa
:147f87000000000000000000000000000000000000000000e6
:147f9b000000000000000000000000000000000000000000d2
:147faf000000000000000000000000000000000000000000be
:147fc3000000000000000000000000000000000000000000aa
:147fd700000000000000000000000000000000000000000096
:147feb00000000000000000000000000000000000000000082
:147fff0000000000000000000000000000000000000000006e
:14801300000000000000000000000000000000000000000059
:14802700000000000000000000000000000000000000000045
:14803b00000000000000000000000000000000000000000031
:14804f0000000000000000000000000000000000000000001d
:14806300000000000000000000000000000000000000000009
:148077000000000000000000000000000000000000000000f5
:14808b000000000000000000000000000000000000000000e1
:14809f000000000000000000000000000000000000000000cd
:1480b3000000000000000000000000000000000000000000b9
:1480c7000000000000000000000000000000000000000000a5
:1480db00000000000000000000000000000000000000000091
:1480ef0000000000000000000000000000000000000000007d
:14810300000000000000000000000000000000000000000068
:14811700000000000000000000000000000000000000000054
:14812b00000000000000000000000000000000000000000040
:14813f0000000000000000000000000000000000000000002c
:14815300000000000000000000000000000000000000000018
:14816700000000000000000000000000000000000000000004
:14817b000000000000000000000000000000000000000000f0
:14818f000000000000000000000000000000000000000000dc
:1481a3000000000000000000000000000000000000000000c8
:1481b7000000000000000000000000000000000000000000b4
:1481cb000000000000000000000000000000000000000000a0
:1481df0000000000000000000000000000000000000000008c
:1481f300000000000000000000000000000000000000000078
:14820700000000000000000000000000000000000000000063
:14821b0000000000000000000000000000000000000000004f
:14822f0000000000000000000000000000000000000000003b
:14824300000000000000000000000000000000000000000027
:14825700000000000000000000000000000000000000000013
:14826b000000000000000000000000000000000000000000ff
:14827f000000000000000000000000000000000000000000eb
:148293000000000000000000000000000000000000000000d7
:1482a7000000000000000000000000000000000000000000c3
:0282bb000000c1
:0382bd00820080bc
:0282c0000103b8
:1482c2000000000000000000000000000000000000000000a8
:1482d600000000000000000000000000000000000000000094
:1482ea00000000000000000000000000000000000000000080
:1482fe0000000000000000000000000000000000000000006c
:14831200000000000000000000000000000000000000000057
:14832600000000000000000000000000000000000000000043
:14833a0000000000000000000000000000000000000000002f
:14834e0000000000000000000000000000000000000000001b
:14836200000000000000000000000000000000000000000007
:148376000000000000000000000000000000000000000000f3
:14838a000000000000000000000000000000000000000000df
:14839e000000000000000000000000000000000000000000cb
:1483b2000000000000000000000000000000000000000000b7
:1483c6000000000000000000000000000000000000000000a3
:1483da0000000000000000000000000000000000000000008f
:1483ee0000000000000000000000000000000000000000007b
:14840200000000000000000000000000000000000000000066
:14841600000000000000000000000000000000000000000052
:14842a0000000000000000000000000000000000000000003e
:14843e0000000000000000000000000000000000000000002a
:14845200000000000000000000000000000000000000000016
:14846600000000000000000000000000000000000000000002
:14847a000000000000000000000000000000000000000000ee
:14848e000000000000000000000000000000000000000000da
:1484a2000000000000000000000000000000000000000000c6
:1484b6000000000000000000000000000000000000000000b2
:1484ca0000000000000000000000000000000000000000009e
:1484de0000000000000000000000000000000000000000008a
:1484f200000000000000000000000000000000000000000076
:14850600000000000000000000000000000000000000000061
:14851a0000000000000000000000000000000000000000004d
:14852e00000000000000000000000000000000000000000039
:14854200000000000000000000000000000000000000000025
:14855600000000000000000000000000000000000000000011
:14856a000000000000000000000000000000000000000000fd
:14857e000000000000000000000000000000000000000000e9
:148592000000000000000000000000000000000000000000d5
:1485a6000000000000000000000000000000000000000000c1
:1485ba000000000000000000000000000000000000000000ad
:1485ce00000000000000000000000000000000000000000099
:1485e200000000000000000000000000000000000000000085
:1485f600000000000000000000000000000000000000000071
:14860a0000000000000000000000000000000000000000005c
:14861e00000000000000000000000000000000000000000048
:14863200000000000000000000000000000000000000000034
:14864600000000000000000000000000000000000000000020
:14865a0000000000000000000000000000000000000000000c
:14866e000000000000000000000000000000000000000000f8
:148682000000000000000000000000000000000000000000e4
:148696000000000000000000000000000000000000000000d0
:1486aa000000000000000000000000000000000000000000bc
:1486be000000000000000000000000000000000000000000a8
:1486d200000000000000000000000000000000000000000094
:1486e600000000000000000000000000000000000000000080
:1486fa0000000000000000000000000000000000000000006c
:14870e00000000000000000000000000000000000000000057
:14872200000000000000000000000000000000000000000043
:1487360000000000000000000000000000000000000000002f
:14874a0000000000000000000000000000000000000000001b
:14875e00000000000000000000000000000000000000000007
:148772000000000000000000000000000000000000000000f3
:148786000000000000000000000000000000000000000000df
:14879a000000000000000000000000000000000000000000cb
:1487ae000000000000000000000000000000000000000000b7
:1487c2000000000000000000000000000000000000000000a3
:1487d60000000000000000000000000000000000000000008f
:1487ea0000000000000000000000000000000000000000007b
:1487fe00000000000000000000000000000000000000000067
:14881200000000000000000000000000000000000000000052
:1488260000000000000000000000000000000000000000003e
:14883a0000000000000000000000000000000000000000002a
:14884e00000000000000000000000000000000000000000016
:14886200000000000000000000000000000000000000000002
:148876000000000000000000000000000000000000000000ee
:14888a000000000000000000000000000000000000000000da
:14889e000000000000000000000000000000000000000000c6
:1488b2000000000000000000000000000000000000000000b2
:1488c60000000000000000000000000000000000000000009e
:1488da0000000000000000000000000000000000000000008a
:1488ee00000000000000000000000000000000000000000076
:14890200000000000000000000000000000000000000000061
:1489160000000000000000000000000000000000000000004d
:14892a00000000000000000000000000000000000000000039
:14893e00000000000000000000000000000000000000000025
:14895200000000000000000000000000000000000000000011
:148966000000000000000000000000000000000000000000fd
:14897a000000000000000000000000000000000000000000e9
:14898e000000000000000000000000000000000000000000d5
:1489a2000000000000000000000000000000000000000000c1
:1489b6000000000000000000000000000000000000000000ad
:1489ca00000000000000000000000000000000000000000099
:1489de00000000000000000000000000000000000000000085
:1489f200000000000000000000000000000000000000000071
:148a060000000000000000000000000000000000000000005c
:148a1a00000000000000000000000000000000000000000048
:148a2e00000000000000000000000000000000000000000034
:148a4200000000000000000000000000000000000000000020
:148a560000000000000000000000000000000000000000000c
:148a6a000000000000000000000000000000000000000000f8
:148a7e000000000000000000000000000000000000000000e4
:148a92000000000000000000000000000000000000000000d0
:148aa6000000000000000000000000000000000000000000bc
:148aba000000000000000000000000000000000000000000a8
:148ace00000000000000000000000000000000000000000094
:148ae200000000000000000000000000000000000000000080
:148af60000000000000000000000000000000000000000006c
:148b0a00000000000000000000000000000000000000000057
:148b1e00000000000000000000000000000000000000000043
:148b320000000000000000000000000000000000000000002f
:148b460000000000000000000000000000000000000000001b
:148b5a00000000000000000000000000000000000000000007
:148b6e000000000000000000000000000000000000000000f3
:148b82000000000000000000000000000000000000000000df
:148b96000000000000000000000000000000000000000000cb
:148baa000000000000000000000000000000000000000000b7
:148bbe000000000000000000000000000000000000000000a3
:148bd20000000000000000000000000000000000000000008f
:148be60000000000000000000000000000000000000000007b
:148bfa00000000000000000000000000000000000000000067
:148c0e00000000000000000000000000000000000000000052
:148c220000000000000000000000000000000000000000003e
:148c360000000000000000000000000000000000000000002a
:148c4a00000000000000000000000000000000000000000016
:148c5e00000000000000000000000000000000000000000002
:148c72000000000000000000000000000000000000000000ee
:148c86000000000000000000000000000000000000000000da
:148c9a000000000000000000000000000000000000000000c6
:148cae000000000000000000000000000000000000000000b2
:028cc2000000b0
:038cc40062004ffc
:028cc700110397
:038cc90082000026
:028ccc000103a2
:0a8cce00000000000000000000009c
:0a8cd8000000000000000000000092
:0a8ce2000000000000000000000088
:0a8cec00000000000000000000007e
:0a8cf6000000000000000000000074
:0a8d00000000000000000000000069
:0a8d0a00000000000000000000005f
:0a8d14000000000000000000000055
:0a8d1e00000000000000000000004b
:0a8d28000000000000000000000041
:0a8d32000000000000000000000037
:0a8d3c00000000000000000000002d
:0a8d46000000000000000000000023
:0a8d50000000000000000000000019
:0a8d5a00000000000000000000000f
:0a8d64000000000000000000000005
:0a8d6e0000000000000000000000fb
:0a8d780000000000000000000000f1
:0a8d820000000000000000000000e7
:0a8d8c0000000000000000000000dd
:0a8d960000000000000000000000d3
:0a8da00000000000000000000000c9
:0a8daa0000000000000000000000bf
:0a8db40000000000000000000000b5
:0a8dbe0000000000000000000000ab
:0a8dc80000000000000000000000a1
:0a8dd2000000000000000000000097
:0a8ddc00000000000000000000008d
:0a8de6000000000000000000000083
:0a8df0000000000000000000000079
:0a8dfa00000000000000000000006f
:0a8e04000000000000000000000064
:0a8e0e00000000000000000000005a
:0a8e18000000000000000000000050
:0a8e22000000000000000000000046
:0a8e2c00000000000000000000003c
:0a8e36000000000000000000000032
:0a8e40000000000000000000000028
:0a8e4a00000000000000000000001e
:0a8e54000000000000000000000014
:0a8e5e00000000000000000000000a
:0a8e68000000000000000000000000
:0a8e720000000000000000000000f6
:0a8e7c0000000000000000000000ec
:0a8e860000000000000000000000e2
:0a8e900000000000000000000000d8
:0a8e9a0000000000000000000000ce
:0a8ea40000000000000000000000c4
:0a8eae0000000000000000000000ba
:0a8eb80000000000000000000000b0
:0a8ec20000000000000000000000a6
:0a8ecc00000000000000000000009c
:0a8ed6000000000000000000000092
:0a8ee0000000000000000000000088
:0a8eea00000000000000000000007e
:0a8ef4000000000000000000000074
:0a8efe00000000000000000000006a
:0a8f0800000000000000000000005f
:0a8f12000000000000000000000055
:0a8f1c00000000000000000000004b
:0a8f26000000000000000000000041
:0a8f30000000000000000000000037
:0a8f3a00000000000000000000002d
:0a8f44000000000000000000000023
:0a8f4e000000000000000000000019
:0a8f5800000000000000000000000f
:0a8f62000000000000000000000005
:0a8f6c0000000000000000000000fb
:0a8f760000000000000000000000f1
:0a8f800000000000000000000000e7
:0a8f8a0000000000000000000000dd
:0a8f940000000000000000000000d3
:0a8f9e0000000000000000000000c9
:0a8fa80000000000000000000000bf
:0a8fb20000000000000000000000b5
:0a8fbc0000000000000000000000ab
:0a8fc60000000000000000000000a1
:0a8fd0000000000000000000000097
:0a8fda00000000000000000000008d
:0a8fe4000000000000000000000083
:0a8fee000000000000000000000079
:0a8ff800000000000000000000006f
:0a9002000000000000000000000064
:0a900c00000000000000000000005a
:0a9016000000000000000000000050
:0a9020000000000000000000000046
:0a902a00000000000000000000003c
:0a9034000000000000000000000032
:0a903e000000000000000000000028
:0a904800000000000000000000001e
:0a9052000000000000000000000014
:0a905c00000000000000000000000a
:0a9066000000000000000000000000
:0a90700000000000000000000000f6
:0a907a0000000000000000000000ec
:0a90840000000000000000000000e2
:0a908e0000000000000000000000d8
:0a90980000000000000000000000ce
:0a90a20000000000000000000000c4
:0a90ac0000000000000000000000ba
:0a90b60000000000000000000000b0
:0a90c00000000000000000000000a6
:0a90ca00000000000000000000009c
:0a90d4000000000000000000000092
:0a90de000000000000000000000088
:0a90e800000000000000000000007e
:0a90f2000000000000000000000074
:0a90fc00000000000000000000006a
:0a910600000000000000000000005f
:0a9110000000000000000000000055
:0a911a00000000000000000000004b
:0a9124000000000000000000000041
:0a912e000000000000000000000037
:0a913800000000000000000000002d
:0a9142000000000000000000000023
:0a914c000000000000000000000019
:0a915600000000000000000000000f
:0a9160000000000000000000000005
:0a916a0000000000000000000000fb
:0a91740000000000000000000000f1
:0a917e0000000000000000000000e7
:0a91880000000000000000000000dd
:0a91920000000000000000000000d3
:0a919c0000000000000000000000c9
:0a91a60000000000000000000000bf
:0a91b00000000000000000000000b5
:0a91ba0000000000000000000000ab
:0a91c40000000000000000000000a1
:0291ce0000009f
:0391d0008200809a
:0291d300010396
:0a91d5000000000000000000000090
:0a91df000000000000000000000086
:0a91e900000000000000000000007c
:0a91f3000000000000000000000072
:0a91fd000000000000000000000068
:0a920700000000000000000000005d
:0a9211000000000000000000000053
:0a921b000000000000000000000049
:0a922500000000000000000000003f
:0a922f000000000000000000000035
:0a923900000000000000000000002b
:0a9243000000000000000000000021
:0a924d000000000000000000000017
:0a925700000000000000000000000d
:0a9261000000000000000000000003
:0a926b0000000000000000000000f9
:0a92750000000000000000000000ef
:0a927f0000000000000000000000e5
:0a92890000000000000000000000db
:0a92930000000000000000000000d1
:0a929d0000000000000000000000c7
:0a92a70000000000000000000000bd
:0a92b10000000000000000000000b3
:0a92bb0000000000000000000000a9
:0a92c500000000000000000000009f
:0a92cf000000000000000000000095
:0a92d900000000000000000000008b
:0a92e3000000000000000000000081
:0a92ed000000000000000000000077
:0a92f700000000000000000000006d
:0a9301000000000000000000000062
:0a930b000000000000000000000058
:0a931500000000000000000000004e
:0a931f000000000000000000000044
:0a932900000000000000000000003a
:0a9333000000000000000000000030
:0a933d000000000000000000000026
:0a934700000000000000000000001c
:0a9351000000000000000000000012
:0a935b000000000000000000000008
:0a93650000000000000000000000fe
:0a936f0000000000000000000000f4
:0a93790000000000000000000000ea
:0a93830000000000000000000000e0
:0a938d0000000000000000000000d6
:0a93970000000000000000000000cc
:0a93a10000000000000000000000c2
:0a93ab0000000000000000000000b8
:0a93b50000000000000000000000ae
:0a93bf0000000000000000000000a4
:0a93c900000000000000000000009a
:0a93d3000000000000000000000090
:0a93dd000000000000000000000086
:0a93e700000000000000000000007c
:0a93f1000000000000000000000072
:0a93fb000000000000000000000068
:0a940500000000000000000000005d
:0a940f000000000000000000000053
:0a9419000000000000000000000049
:0a942300000000000000000000003f
:0a942d000000000000000000000035
:0a943700000000000000000000002b
:0a9441000000000000000000000021
:0a944b000000000000000000000017
:0a945500000000000000000000000d
:0a945f000000000000000000000003
:0a94690000000000000000000000f9
:0a94730000000000000000000000ef
:0a947d0000000000000000000000e5
:0a94870000000000000000000000db
:0a94910000000000000000000000d1
:0a949b0000000000000000000000c7
:0a94a50000000000000000000000bd
:0a94af0000000000000000000000b3
:0a94b90000000000000000000000a9
:0a94c300000000000000000000009f
:0a94cd000000000000000000000095
:0a94d700000000000000000000008b
:0a94e1000000000000000000000081
:0a94eb000000000000000000000077
:0a94f500000000000000000000006d
:0a94ff000000000000000000000063
:0a9509000000000000000000000058
:0a951300000000000000000000004e
:0a951d000000000000000000000044
:0a952700000000000000000000003a
:0a9531000000000000000000000030
:0a953b000000000000000000000026
:0a954500000000000000000000001c
:0a954f000000000000000000000012
:0a9559000000000000000000000008
:0a95630000000000000000000000fe
:0a956d0000000000000000000000f4
:0a95770000000000000000000000ea
:0a95810000000000000000000000e0
:0a958b0000000000000000000000d6
:0a95950000000000000000000000cc
:0a959f0000000000000000000000c2
:0a95a90000000000000000000000b8
:0a95b30000000000000000000000ae
:0a95bd0000000000000000000000a4
:0a95c700000000000000000000009a
:0a95d1000000000000000000000090
:0a95db000000000000000000000086
:0a95e500000000000000000000007c
:0a95ef000000000000000000000072
:0a95f9000000000000000000000068
:0a960300000000000000000000005d
:0a960d000000000000000000000053
:0a9617000000000000000000000049
:0a962100000000000000000000003f
:0a962b000000000000000000000035
:0a963500000000000000000000002b
:0a963f000000000000000000000021
:0a9649000000000000000000000017
:0a965300000000000000000000000d
:0a965d000000000000000000000003
:0a96670000000000000000000000f9
:0a96710000000000000000000000ef
:0a967b0000000000000000000000e5
:0a96850000000000000000000000db
:0a968f0000000000000000000000d1
:0a96990000000000000000000000c7
:0a96a30000000000000000000000bd
:0a96ad0000000000000000000000b3
:0a96b70000000000000000000000a9
:0a96c100000000000000000000009f
:0a96cb000000000000000000000095
:0296d500000093
:0196d7002270
:0296d800fe2e64
:0296da00010687
:00000001FF
