# ******************************************************************************

# iCEcube Static Timer

# Version:            2020.12.27943

# Build Date:         Dec  9 2020 17:33:20

# File Generated:     Aug 18 2026 06:55:34

# Purpose:            Timing Report with critical paths info

# Copyright (C) 2006-2010 by Lattice Semiconductor Corp. All rights reserved.

# ******************************************************************************

Device: iCE40UP5K
Derating factors (Best:Typical:Worst) :-  ( 0.491675 : 0.859651 : 1.32445 )
Derating factor used to generate this timing report:  Worst
Based on the following operating conditions 
Junction Temperature(degree Celsius): 85
Core Voltage(V): 1.14
Process Corner:  Worst
NOTE:
Please check both worst-case and best-case scenarios for "Setup Times" 
and "Hold Times" checks
Maximum Operating Frequency is: N/A


 #####################################################################
                    3::Datasheet Report

All values are in Picoseconds
 =====================================================================

                        3.1::Setup Times
                        ----------------

Data Port  Clock Port  Setup Times  Clock Reference:Phase  
---------  ----------  -----------  ---------------------  


                       3.2::Clock to Out
                       -----------------

Data Port  Clock Port  Clock to Out  Clock Reference:Phase  
---------  ----------  ------------  ---------------------  


                         3.3::Pad to Pad
                         ---------------

Port Name (Input)  Port Name (Output)  Pad to Pad  
-----------------  ------------------  ----------  
i_grant_sel        o_pl_byte[0]        14412       
i_resp_pl_byte[0]  o_pl_byte[0]        12386       
i_send_pl_byte[0]  o_pl_byte[0]        9498        
i_grant_sel        o_pl_byte[1]        15127       
i_resp_pl_byte[1]  o_pl_byte[1]        11657       
i_send_pl_byte[1]  o_pl_byte[1]        9830        
i_grant_sel        o_pl_byte[2]        15485       
i_resp_pl_byte[2]  o_pl_byte[2]        13843       
i_send_pl_byte[2]  o_pl_byte[2]        10637       
i_grant_sel        o_pl_byte[3]        15313       
i_resp_pl_byte[3]  o_pl_byte[3]        11326       
i_send_pl_byte[3]  o_pl_byte[3]        10015       
i_grant_sel        o_pl_byte[4]        15035       
i_resp_pl_byte[4]  o_pl_byte[4]        11300       
i_send_pl_byte[4]  o_pl_byte[4]        10121       
i_grant_sel        o_pl_byte[5]        18531       
i_send_pl_byte[5]  o_pl_byte[5]        14359       
i_resp_pl_byte[5]  o_pl_byte[5]        14002       
i_grant_sel        o_pl_byte[6]        11247       
i_resp_pl_byte[6]  o_pl_byte[6]        10942       
i_send_pl_byte[6]  o_pl_byte[6]        9896        
i_grant_sel        o_pl_byte[7]        11578       
i_resp_pl_byte[7]  o_pl_byte[7]        10571       
i_send_pl_byte[7]  o_pl_byte[7]        9777        
i_grant_sel        o_pl_valid          11816       
i_resp_pl_valid    o_pl_valid          11578       
i_send_pl_valid    o_pl_valid          10399       
i_grant_sel        o_resp_pl_ready     10492       
i_pl_ready         o_resp_pl_ready     8624        
i_grant_sel        o_send_pl_ready     10492       
i_pl_ready         o_send_pl_ready     8624        


                         3.4::Hold Times
                         ---------------

Data Port  Clock Port  Hold Times  Clock Reference:Phase  
---------  ----------  ----------  ---------------------  


               3.5::Minimum Clock to Out
               -------------------------

Data Port  Clock Port  Minimum Clock to Out  Clock Reference:Phase  
---------  ----------  --------------------  ---------------------  


                 3.6::Minimum Pad To Pad
                 -----------------------

Port Name (Input)  Port Name (Output)  Minimum Pad To Pad  
-----------------  ------------------  ------------------  
i_send_pl_byte[0]  o_pl_byte[0]        8387                
i_resp_pl_byte[0]  o_pl_byte[0]        11672               
i_grant_sel        o_pl_byte[0]        13473               
i_send_pl_byte[1]  o_pl_byte[1]        8824                
i_resp_pl_byte[1]  o_pl_byte[1]        10930               
i_grant_sel        o_pl_byte[1]        14321               
i_send_pl_byte[2]  o_pl_byte[2]        9870                
i_resp_pl_byte[2]  o_pl_byte[2]        13486               
i_grant_sel        o_pl_byte[2]        14903               
i_send_pl_byte[3]  o_pl_byte[3]        8930                
i_resp_pl_byte[3]  o_pl_byte[3]        10307               
i_grant_sel        o_pl_byte[3]        14427               
i_send_pl_byte[4]  o_pl_byte[4]        9129                
i_resp_pl_byte[4]  o_pl_byte[4]        10374               
i_grant_sel        o_pl_byte[4]        14215               
i_resp_pl_byte[5]  o_pl_byte[5]        13115               
i_send_pl_byte[5]  o_pl_byte[5]        13433               
i_grant_sel        o_pl_byte[5]        17751               
i_send_pl_byte[6]  o_pl_byte[6]        8877                
i_resp_pl_byte[6]  o_pl_byte[6]        10016               
i_grant_sel        o_pl_byte[6]        10400               
i_send_pl_byte[7]  o_pl_byte[7]        8784                
i_resp_pl_byte[7]  o_pl_byte[7]        9619                
i_grant_sel        o_pl_byte[7]        10771               
i_send_pl_valid    o_pl_valid          9526                
i_resp_pl_valid    o_pl_valid          10771               
i_grant_sel        o_pl_valid          11102               
i_pl_ready         o_resp_pl_ready     7447                
i_grant_sel        o_resp_pl_ready     9513                
i_pl_ready         o_send_pl_ready     7447                
i_grant_sel        o_send_pl_ready     9513                

 =====================================================================
                    End of Datasheet Report
 #####################################################################

 #####################################################################
                    6::Path Details for DataSheet
 =====================================================================


6.3::PI to PO Path Details              
--------------------------------------------------

6.3.1::Path details for port: o_pl_byte[0]
--------------------------------------------------

++++ Path 1 ++++++++++++++++++++++++++++++++++++++++++++++++++++++++++

Output Port      : o_pl_byte[0]
Input Port       : i_grant_sel
Pad to Pad Delay : 14412

Pad to Pad Path
pin name                               model name                 delay  cummulative delay  edge  Fanout  
-------------------------------------  -------------------------  -----  -----------------  ----  ------  
i_grant_sel                            tx_mux                     0      0                  RISE  1       
i_grant_sel_ibuf_iopad/PACKAGEPIN:in   IO_PAD                     0      0                  RISE  1       
i_grant_sel_ibuf_iopad/DOUT            IO_PAD                     510    510                RISE  1       
i_grant_sel_ibuf_preio/PADIN           PRE_IO_PIN_TYPE_000001     0      510                RISE  1       
i_grant_sel_ibuf_preio/DIN0            PRE_IO_PIN_TYPE_000001     490    1000               FALL  1       
I__116/I                               Odrv12                     0      1000               FALL  1       
I__116/O                               Odrv12                     1232   2232               FALL  1       
I__118/I                               Span12Mux_v                0      2232               FALL  1       
I__118/O                               Span12Mux_v                1073   3305               FALL  1       
I__120/I                               Span12Mux_h                0      3305               FALL  1       
I__120/O                               Span12Mux_h                1232   4536               FALL  1       
I__123/I                               Span12Mux_s8_v             0      4536               FALL  1       
I__123/O                               Span12Mux_s8_v             795    5331               FALL  1       
I__128/I                               Sp12to4                    0      5331               FALL  1       
I__128/O                               Sp12to4                    848    6179               FALL  1       
I__131/I                               Span4Mux_h                 0      6179               FALL  1       
I__131/O                               Span4Mux_h                 543    6722               FALL  1       
I__132/I                               LocalMux                   0      6722               FALL  1       
I__132/O                               LocalMux                   768    7490               FALL  1       
I__133/I                               InMux                      0      7490               FALL  1       
I__133/O                               InMux                      503    7993               FALL  1       
o_pl_byte_obuf_RNO_0_LC_18_1_0/in3     LogicCell40_SEQ_MODE_0000  0      7993               FALL  1       
o_pl_byte_obuf_RNO_0_LC_18_1_0/lcout   LogicCell40_SEQ_MODE_0000  861    8854               RISE  1       
I__71/I                                Odrv4                      0      8854               RISE  1       
I__71/O                                Odrv4                      596    9450               RISE  1       
I__72/I                                Span4Mux_s0_v              0      9450               RISE  1       
I__72/O                                Span4Mux_s0_v              344    9794               RISE  1       
I__73/I                                LocalMux                   0      9794               RISE  1       
I__73/O                                LocalMux                   1099   10894              RISE  1       
I__74/I                                IoInMux                    0      10894              RISE  1       
I__74/O                                IoInMux                    662    11556              RISE  1       
o_pl_byte_obuf_0_preio/DOUT0           PRE_IO_PIN_TYPE_011001     0      11556              RISE  1       
o_pl_byte_obuf_0_preio/PADOUT          PRE_IO_PIN_TYPE_011001     768    12324              FALL  1       
o_pl_byte_obuf_0_iopad/DIN             IO_PAD                     0      12324              FALL  1       
o_pl_byte_obuf_0_iopad/PACKAGEPIN:out  IO_PAD                     2088   14412              FALL  1       
o_pl_byte[0]                           tx_mux                     0      14412              FALL  1       

++++ Path 2 ++++++++++++++++++++++++++++++++++++++++++++++++++++++++++

Output Port      : o_pl_byte[0]
Input Port       : i_resp_pl_byte[0]
Pad to Pad Delay : 12386

Pad to Pad Path
pin name                                   model name                 delay  cummulative delay  edge  Fanout  
-----------------------------------------  -------------------------  -----  -----------------  ----  ------  
i_resp_pl_byte[0]                          tx_mux                     0      0                  RISE  1       
i_resp_pl_byte_ibuf_0_iopad/PACKAGEPIN:in  IO_PAD                     0      0                  RISE  1       
i_resp_pl_byte_ibuf_0_iopad/DOUT           IO_PAD                     510    510                RISE  1       
i_resp_pl_byte_ibuf_0_preio/PADIN          PRE_IO_PIN_TYPE_000001     0      510                RISE  1       
i_resp_pl_byte_ibuf_0_preio/DIN0           PRE_IO_PIN_TYPE_000001     490    1000               FALL  1       
I__77/I                                    Odrv12                     0      1000               FALL  1       
I__77/O                                    Odrv12                     1232   2232               FALL  1       
I__78/I                                    Span12Mux_h                0      2232               FALL  1       
I__78/O                                    Span12Mux_h                1232   3464               FALL  1       
I__79/I                                    Sp12to4                    0      3464               FALL  1       
I__79/O                                    Sp12to4                    848    4311               FALL  1       
I__80/I                                    LocalMux                   0      4311               FALL  1       
I__80/O                                    LocalMux                   768    5079               FALL  1       
I__81/I                                    InMux                      0      5079               FALL  1       
I__81/O                                    InMux                      503    5583               FALL  1       
o_pl_byte_obuf_RNO_0_LC_18_1_0/in0         LogicCell40_SEQ_MODE_0000  0      5583               FALL  1       
o_pl_byte_obuf_RNO_0_LC_18_1_0/lcout       LogicCell40_SEQ_MODE_0000  1245   6828               RISE  1       
I__71/I                                    Odrv4                      0      6828               RISE  1       
I__71/O                                    Odrv4                      596    7424               RISE  1       
I__72/I                                    Span4Mux_s0_v              0      7424               RISE  1       
I__72/O                                    Span4Mux_s0_v              344    7768               RISE  1       
I__73/I                                    LocalMux                   0      7768               RISE  1       
I__73/O                                    LocalMux                   1099   8867               RISE  1       
I__74/I                                    IoInMux                    0      8867               RISE  1       
I__74/O                                    IoInMux                    662    9530               RISE  1       
o_pl_byte_obuf_0_preio/DOUT0               PRE_IO_PIN_TYPE_011001     0      9530               RISE  1       
o_pl_byte_obuf_0_preio/PADOUT              PRE_IO_PIN_TYPE_011001     768    10298              FALL  1       
o_pl_byte_obuf_0_iopad/DIN                 IO_PAD                     0      10298              FALL  1       
o_pl_byte_obuf_0_iopad/PACKAGEPIN:out      IO_PAD                     2088   12386              FALL  1       
o_pl_byte[0]                               tx_mux                     0      12386              FALL  1       

++++ Path 3 ++++++++++++++++++++++++++++++++++++++++++++++++++++++++++

Output Port      : o_pl_byte[0]
Input Port       : i_send_pl_byte[0]
Pad to Pad Delay : 9498

Pad to Pad Path
pin name                                   model name                 delay  cummulative delay  edge  Fanout  
-----------------------------------------  -------------------------  -----  -----------------  ----  ------  
i_send_pl_byte[0]                          tx_mux                     0      0                  RISE  1       
i_send_pl_byte_ibuf_0_iopad/PACKAGEPIN:in  IO_PAD                     0      0                  RISE  1       
i_send_pl_byte_ibuf_0_iopad/DOUT           IO_PAD                     510    510                RISE  1       
i_send_pl_byte_ibuf_0_preio/PADIN          PRE_IO_PIN_TYPE_000001     0      510                RISE  1       
i_send_pl_byte_ibuf_0_preio/DIN0           PRE_IO_PIN_TYPE_000001     490    1000               RISE  1       
I__75/I                                    LocalMux                   0      1000               RISE  1       
I__75/O                                    LocalMux                   1099   2099               RISE  1       
I__76/I                                    InMux                      0      2099               RISE  1       
I__76/O                                    InMux                      662    2762               RISE  1       
o_pl_byte_obuf_RNO_0_LC_18_1_0/in1         LogicCell40_SEQ_MODE_0000  0      2762               RISE  1       
o_pl_byte_obuf_RNO_0_LC_18_1_0/lcout       LogicCell40_SEQ_MODE_0000  1179   3940               RISE  1       
I__71/I                                    Odrv4                      0      3940               RISE  1       
I__71/O                                    Odrv4                      596    4536               RISE  1       
I__72/I                                    Span4Mux_s0_v              0      4536               RISE  1       
I__72/O                                    Span4Mux_s0_v              344    4881               RISE  1       
I__73/I                                    LocalMux                   0      4881               RISE  1       
I__73/O                                    LocalMux                   1099   5980               RISE  1       
I__74/I                                    IoInMux                    0      5980               RISE  1       
I__74/O                                    IoInMux                    662    6642               RISE  1       
o_pl_byte_obuf_0_preio/DOUT0               PRE_IO_PIN_TYPE_011001     0      6642               RISE  1       
o_pl_byte_obuf_0_preio/PADOUT              PRE_IO_PIN_TYPE_011001     768    7410               FALL  1       
o_pl_byte_obuf_0_iopad/DIN                 IO_PAD                     0      7410               FALL  1       
o_pl_byte_obuf_0_iopad/PACKAGEPIN:out      IO_PAD                     2088   9498               FALL  1       
o_pl_byte[0]                               tx_mux                     0      9498               FALL  1       

6.3.2::Path details for port: o_pl_byte[1]
--------------------------------------------------

++++ Path 1 ++++++++++++++++++++++++++++++++++++++++++++++++++++++++++

Output Port      : o_pl_byte[1]
Input Port       : i_grant_sel
Pad to Pad Delay : 15127

Pad to Pad Path
pin name                               model name                 delay  cummulative delay  edge  Fanout  
-------------------------------------  -------------------------  -----  -----------------  ----  ------  
i_grant_sel                            tx_mux                     0      0                  RISE  1       
i_grant_sel_ibuf_iopad/PACKAGEPIN:in   IO_PAD                     0      0                  RISE  1       
i_grant_sel_ibuf_iopad/DOUT            IO_PAD                     510    510                RISE  1       
i_grant_sel_ibuf_preio/PADIN           PRE_IO_PIN_TYPE_000001     0      510                RISE  1       
i_grant_sel_ibuf_preio/DIN0            PRE_IO_PIN_TYPE_000001     490    1000               FALL  1       
I__116/I                               Odrv12                     0      1000               FALL  1       
I__116/O                               Odrv12                     1232   2232               FALL  1       
I__118/I                               Span12Mux_v                0      2232               FALL  1       
I__118/O                               Span12Mux_v                1073   3305               FALL  1       
I__120/I                               Span12Mux_h                0      3305               FALL  1       
I__120/O                               Span12Mux_h                1232   4536               FALL  1       
I__123/I                               Span12Mux_s8_v             0      4536               FALL  1       
I__123/O                               Span12Mux_s8_v             795    5331               FALL  1       
I__128/I                               Sp12to4                    0      5331               FALL  1       
I__128/O                               Sp12to4                    848    6179               FALL  1       
I__131/I                               Span4Mux_h                 0      6179               FALL  1       
I__131/O                               Span4Mux_h                 543    6722               FALL  1       
I__132/I                               LocalMux                   0      6722               FALL  1       
I__132/O                               LocalMux                   768    7490               FALL  1       
I__134/I                               InMux                      0      7490               FALL  1       
I__134/O                               InMux                      503    7993               FALL  1       
o_pl_byte_obuf_RNO_1_LC_18_1_3/in0     LogicCell40_SEQ_MODE_0000  0      7993               FALL  1       
o_pl_byte_obuf_RNO_1_LC_18_1_3/lcout   LogicCell40_SEQ_MODE_0000  1245   9238               RISE  1       
I__45/I                                Odrv12                     0      9238               RISE  1       
I__45/O                                Odrv12                     1073   10311              RISE  1       
I__46/I                                Span12Mux_s0_v             0      10311              RISE  1       
I__46/O                                Span12Mux_s0_v             199    10510              RISE  1       
I__47/I                                LocalMux                   0      10510              RISE  1       
I__47/O                                LocalMux                   1099   11609              RISE  1       
I__48/I                                IoInMux                    0      11609              RISE  1       
I__48/O                                IoInMux                    662    12271              RISE  1       
o_pl_byte_obuf_1_preio/DOUT0           PRE_IO_PIN_TYPE_011001     0      12271              RISE  1       
o_pl_byte_obuf_1_preio/PADOUT          PRE_IO_PIN_TYPE_011001     768    13039              FALL  1       
o_pl_byte_obuf_1_iopad/DIN             IO_PAD                     0      13039              FALL  1       
o_pl_byte_obuf_1_iopad/PACKAGEPIN:out  IO_PAD                     2088   15127              FALL  1       
o_pl_byte[1]                           tx_mux                     0      15127              FALL  1       

++++ Path 2 ++++++++++++++++++++++++++++++++++++++++++++++++++++++++++

Output Port      : o_pl_byte[1]
Input Port       : i_resp_pl_byte[1]
Pad to Pad Delay : 11657

Pad to Pad Path
pin name                                   model name                 delay  cummulative delay  edge  Fanout  
-----------------------------------------  -------------------------  -----  -----------------  ----  ------  
i_resp_pl_byte[1]                          tx_mux                     0      0                  RISE  1       
i_resp_pl_byte_ibuf_1_iopad/PACKAGEPIN:in  IO_PAD                     0      0                  RISE  1       
i_resp_pl_byte_ibuf_1_iopad/DOUT           IO_PAD                     510    510                RISE  1       
i_resp_pl_byte_ibuf_1_preio/PADIN          PRE_IO_PIN_TYPE_000001     0      510                RISE  1       
i_resp_pl_byte_ibuf_1_preio/DIN0           PRE_IO_PIN_TYPE_000001     490    1000               RISE  1       
I__49/I                                    Odrv12                     0      1000               RISE  1       
I__49/O                                    Odrv12                     1073   2073               RISE  1       
I__50/I                                    Span12Mux_h                0      2073               RISE  1       
I__50/O                                    Span12Mux_h                1073   3146               RISE  1       
I__51/I                                    LocalMux                   0      3146               RISE  1       
I__51/O                                    LocalMux                   1099   4245               RISE  1       
I__52/I                                    InMux                      0      4245               RISE  1       
I__52/O                                    InMux                      662    4907               RISE  1       
o_pl_byte_obuf_RNO_1_LC_18_1_3/in3         LogicCell40_SEQ_MODE_0000  0      4907               RISE  1       
o_pl_byte_obuf_RNO_1_LC_18_1_3/lcout       LogicCell40_SEQ_MODE_0000  861    5768               RISE  1       
I__45/I                                    Odrv12                     0      5768               RISE  1       
I__45/O                                    Odrv12                     1073   6841               RISE  1       
I__46/I                                    Span12Mux_s0_v             0      6841               RISE  1       
I__46/O                                    Span12Mux_s0_v             199    7040               RISE  1       
I__47/I                                    LocalMux                   0      7040               RISE  1       
I__47/O                                    LocalMux                   1099   8139               RISE  1       
I__48/I                                    IoInMux                    0      8139               RISE  1       
I__48/O                                    IoInMux                    662    8801               RISE  1       
o_pl_byte_obuf_1_preio/DOUT0               PRE_IO_PIN_TYPE_011001     0      8801               RISE  1       
o_pl_byte_obuf_1_preio/PADOUT              PRE_IO_PIN_TYPE_011001     768    9569               FALL  1       
o_pl_byte_obuf_1_iopad/DIN                 IO_PAD                     0      9569               FALL  1       
o_pl_byte_obuf_1_iopad/PACKAGEPIN:out      IO_PAD                     2088   11657              FALL  1       
o_pl_byte[1]                               tx_mux                     0      11657              FALL  1       

++++ Path 3 ++++++++++++++++++++++++++++++++++++++++++++++++++++++++++

Output Port      : o_pl_byte[1]
Input Port       : i_send_pl_byte[1]
Pad to Pad Delay : 9830

Pad to Pad Path
pin name                                   model name                 delay  cummulative delay  edge  Fanout  
-----------------------------------------  -------------------------  -----  -----------------  ----  ------  
i_send_pl_byte[1]                          tx_mux                     0      0                  RISE  1       
i_send_pl_byte_ibuf_1_iopad/PACKAGEPIN:in  IO_PAD                     0      0                  RISE  1       
i_send_pl_byte_ibuf_1_iopad/DOUT           IO_PAD                     510    510                RISE  1       
i_send_pl_byte_ibuf_1_preio/PADIN          PRE_IO_PIN_TYPE_000001     0      510                RISE  1       
i_send_pl_byte_ibuf_1_preio/DIN0           PRE_IO_PIN_TYPE_000001     490    1000               RISE  1       
I__53/I                                    LocalMux                   0      1000               RISE  1       
I__53/O                                    LocalMux                   1099   2099               RISE  1       
I__54/I                                    InMux                      0      2099               RISE  1       
I__54/O                                    InMux                      662    2762               RISE  1       
o_pl_byte_obuf_RNO_1_LC_18_1_3/in1         LogicCell40_SEQ_MODE_0000  0      2762               RISE  1       
o_pl_byte_obuf_RNO_1_LC_18_1_3/lcout       LogicCell40_SEQ_MODE_0000  1179   3940               RISE  1       
I__45/I                                    Odrv12                     0      3940               RISE  1       
I__45/O                                    Odrv12                     1073   5013               RISE  1       
I__46/I                                    Span12Mux_s0_v             0      5013               RISE  1       
I__46/O                                    Span12Mux_s0_v             199    5212               RISE  1       
I__47/I                                    LocalMux                   0      5212               RISE  1       
I__47/O                                    LocalMux                   1099   6311               RISE  1       
I__48/I                                    IoInMux                    0      6311               RISE  1       
I__48/O                                    IoInMux                    662    6973               RISE  1       
o_pl_byte_obuf_1_preio/DOUT0               PRE_IO_PIN_TYPE_011001     0      6973               RISE  1       
o_pl_byte_obuf_1_preio/PADOUT              PRE_IO_PIN_TYPE_011001     768    7742               FALL  1       
o_pl_byte_obuf_1_iopad/DIN                 IO_PAD                     0      7742               FALL  1       
o_pl_byte_obuf_1_iopad/PACKAGEPIN:out      IO_PAD                     2088   9830               FALL  1       
o_pl_byte[1]                               tx_mux                     0      9830               FALL  1       

6.3.3::Path details for port: o_pl_byte[2]
--------------------------------------------------

++++ Path 1 ++++++++++++++++++++++++++++++++++++++++++++++++++++++++++

Output Port      : o_pl_byte[2]
Input Port       : i_grant_sel
Pad to Pad Delay : 15485

Pad to Pad Path
pin name                               model name                 delay  cummulative delay  edge  Fanout  
-------------------------------------  -------------------------  -----  -----------------  ----  ------  
i_grant_sel                            tx_mux                     0      0                  RISE  1       
i_grant_sel_ibuf_iopad/PACKAGEPIN:in   IO_PAD                     0      0                  RISE  1       
i_grant_sel_ibuf_iopad/DOUT            IO_PAD                     510    510                RISE  1       
i_grant_sel_ibuf_preio/PADIN           PRE_IO_PIN_TYPE_000001     0      510                RISE  1       
i_grant_sel_ibuf_preio/DIN0            PRE_IO_PIN_TYPE_000001     490    1000               FALL  1       
I__116/I                               Odrv12                     0      1000               FALL  1       
I__116/O                               Odrv12                     1232   2232               FALL  1       
I__118/I                               Span12Mux_v                0      2232               FALL  1       
I__118/O                               Span12Mux_v                1073   3305               FALL  1       
I__120/I                               Span12Mux_h                0      3305               FALL  1       
I__120/O                               Span12Mux_h                1232   4536               FALL  1       
I__123/I                               Span12Mux_s8_v             0      4536               FALL  1       
I__123/O                               Span12Mux_s8_v             795    5331               FALL  1       
I__128/I                               Sp12to4                    0      5331               FALL  1       
I__128/O                               Sp12to4                    848    6179               FALL  1       
I__131/I                               Span4Mux_h                 0      6179               FALL  1       
I__131/O                               Span4Mux_h                 543    6722               FALL  1       
I__132/I                               LocalMux                   0      6722               FALL  1       
I__132/O                               LocalMux                   768    7490               FALL  1       
I__135/I                               InMux                      0      7490               FALL  1       
I__135/O                               InMux                      503    7993               FALL  1       
o_pl_byte_obuf_RNO_2_LC_18_1_4/in3     LogicCell40_SEQ_MODE_0000  0      7993               FALL  1       
o_pl_byte_obuf_RNO_2_LC_18_1_4/lcout   LogicCell40_SEQ_MODE_0000  861    8854               RISE  1       
I__167/I                               Odrv12                     0      8854               RISE  1       
I__167/O                               Odrv12                     1073   9927               RISE  1       
I__168/I                               Sp12to4                    0      9927               RISE  1       
I__168/O                               Sp12to4                    596    10523              RISE  1       
I__169/I                               Span4Mux_s0_v              0      10523              RISE  1       
I__169/O                               Span4Mux_s0_v              344    10867              RISE  1       
I__170/I                               LocalMux                   0      10867              RISE  1       
I__170/O                               LocalMux                   1099   11967              RISE  1       
I__171/I                               IoInMux                    0      11967              RISE  1       
I__171/O                               IoInMux                    662    12629              RISE  1       
o_pl_byte_obuf_2_preio/DOUT0           PRE_IO_PIN_TYPE_011001     0      12629              RISE  1       
o_pl_byte_obuf_2_preio/PADOUT          PRE_IO_PIN_TYPE_011001     768    13397              FALL  1       
o_pl_byte_obuf_2_iopad/DIN             IO_PAD                     0      13397              FALL  1       
o_pl_byte_obuf_2_iopad/PACKAGEPIN:out  IO_PAD                     2088   15485              FALL  1       
o_pl_byte[2]                           tx_mux                     0      15485              FALL  1       

++++ Path 2 ++++++++++++++++++++++++++++++++++++++++++++++++++++++++++

Output Port      : o_pl_byte[2]
Input Port       : i_resp_pl_byte[2]
Pad to Pad Delay : 13843

Pad to Pad Path
pin name                                   model name                 delay  cummulative delay  edge  Fanout  
-----------------------------------------  -------------------------  -----  -----------------  ----  ------  
i_resp_pl_byte[2]                          tx_mux                     0      0                  RISE  1       
i_resp_pl_byte_ibuf_2_iopad/PACKAGEPIN:in  IO_PAD                     0      0                  RISE  1       
i_resp_pl_byte_ibuf_2_iopad/DOUT           IO_PAD                     510    510                RISE  1       
i_resp_pl_byte_ibuf_2_preio/PADIN          PRE_IO_PIN_TYPE_000001     0      510                RISE  1       
i_resp_pl_byte_ibuf_2_preio/DIN0           PRE_IO_PIN_TYPE_000001     490    1000               FALL  1       
I__172/I                                   Odrv12                     0      1000               FALL  1       
I__172/O                                   Odrv12                     1232   2232               FALL  1       
I__173/I                                   Span12Mux_h                0      2232               FALL  1       
I__173/O                                   Span12Mux_h                1232   3464               FALL  1       
I__174/I                                   Sp12to4                    0      3464               FALL  1       
I__174/O                                   Sp12to4                    848    4311               FALL  1       
I__175/I                                   Span4Mux_s2_v              0      4311               FALL  1       
I__175/O                                   Span4Mux_s2_v              450    4761               FALL  1       
I__176/I                                   LocalMux                   0      4761               FALL  1       
I__176/O                                   LocalMux                   768    5530               FALL  1       
I__177/I                                   InMux                      0      5530               FALL  1       
I__177/O                                   InMux                      503    6033               FALL  1       
o_pl_byte_obuf_RNO_2_LC_18_1_4/in1         LogicCell40_SEQ_MODE_0000  0      6033               FALL  1       
o_pl_byte_obuf_RNO_2_LC_18_1_4/lcout       LogicCell40_SEQ_MODE_0000  1179   7212               RISE  1       
I__167/I                                   Odrv12                     0      7212               RISE  1       
I__167/O                                   Odrv12                     1073   8285               RISE  1       
I__168/I                                   Sp12to4                    0      8285               RISE  1       
I__168/O                                   Sp12to4                    596    8881               RISE  1       
I__169/I                                   Span4Mux_s0_v              0      8881               RISE  1       
I__169/O                                   Span4Mux_s0_v              344    9225               RISE  1       
I__170/I                                   LocalMux                   0      9225               RISE  1       
I__170/O                                   LocalMux                   1099   10324              RISE  1       
I__171/I                                   IoInMux                    0      10324              RISE  1       
I__171/O                                   IoInMux                    662    10986              RISE  1       
o_pl_byte_obuf_2_preio/DOUT0               PRE_IO_PIN_TYPE_011001     0      10986              RISE  1       
o_pl_byte_obuf_2_preio/PADOUT              PRE_IO_PIN_TYPE_011001     768    11755              FALL  1       
o_pl_byte_obuf_2_iopad/DIN                 IO_PAD                     0      11755              FALL  1       
o_pl_byte_obuf_2_iopad/PACKAGEPIN:out      IO_PAD                     2088   13843              FALL  1       
o_pl_byte[2]                               tx_mux                     0      13843              FALL  1       

++++ Path 3 ++++++++++++++++++++++++++++++++++++++++++++++++++++++++++

Output Port      : o_pl_byte[2]
Input Port       : i_send_pl_byte[2]
Pad to Pad Delay : 10637

Pad to Pad Path
pin name                                   model name                 delay  cummulative delay  edge  Fanout  
-----------------------------------------  -------------------------  -----  -----------------  ----  ------  
i_send_pl_byte[2]                          tx_mux                     0      0                  RISE  1       
i_send_pl_byte_ibuf_2_iopad/PACKAGEPIN:in  IO_PAD                     0      0                  RISE  1       
i_send_pl_byte_ibuf_2_iopad/DOUT           IO_PAD                     510    510                RISE  1       
i_send_pl_byte_ibuf_2_preio/PADIN          PRE_IO_PIN_TYPE_000001     0      510                RISE  1       
i_send_pl_byte_ibuf_2_preio/DIN0           PRE_IO_PIN_TYPE_000001     490    1000               RISE  1       
I__178/I                                   LocalMux                   0      1000               RISE  1       
I__178/O                                   LocalMux                   1099   2099               RISE  1       
I__179/I                                   InMux                      0      2099               RISE  1       
I__179/O                                   InMux                      662    2762               RISE  1       
o_pl_byte_obuf_RNO_2_LC_18_1_4/in0         LogicCell40_SEQ_MODE_0000  0      2762               RISE  1       
o_pl_byte_obuf_RNO_2_LC_18_1_4/lcout       LogicCell40_SEQ_MODE_0000  1245   4007               RISE  1       
I__167/I                                   Odrv12                     0      4007               RISE  1       
I__167/O                                   Odrv12                     1073   5079               RISE  1       
I__168/I                                   Sp12to4                    0      5079               RISE  1       
I__168/O                                   Sp12to4                    596    5675               RISE  1       
I__169/I                                   Span4Mux_s0_v              0      5675               RISE  1       
I__169/O                                   Span4Mux_s0_v              344    6020               RISE  1       
I__170/I                                   LocalMux                   0      6020               RISE  1       
I__170/O                                   LocalMux                   1099   7119               RISE  1       
I__171/I                                   IoInMux                    0      7119               RISE  1       
I__171/O                                   IoInMux                    662    7781               RISE  1       
o_pl_byte_obuf_2_preio/DOUT0               PRE_IO_PIN_TYPE_011001     0      7781               RISE  1       
o_pl_byte_obuf_2_preio/PADOUT              PRE_IO_PIN_TYPE_011001     768    8549               FALL  1       
o_pl_byte_obuf_2_iopad/DIN                 IO_PAD                     0      8549               FALL  1       
o_pl_byte_obuf_2_iopad/PACKAGEPIN:out      IO_PAD                     2088   10637              FALL  1       
o_pl_byte[2]                               tx_mux                     0      10637              FALL  1       

6.3.4::Path details for port: o_pl_byte[3]
--------------------------------------------------

++++ Path 1 ++++++++++++++++++++++++++++++++++++++++++++++++++++++++++

Output Port      : o_pl_byte[3]
Input Port       : i_grant_sel
Pad to Pad Delay : 15313

Pad to Pad Path
pin name                               model name                 delay  cummulative delay  edge  Fanout  
-------------------------------------  -------------------------  -----  -----------------  ----  ------  
i_grant_sel                            tx_mux                     0      0                  RISE  1       
i_grant_sel_ibuf_iopad/PACKAGEPIN:in   IO_PAD                     0      0                  RISE  1       
i_grant_sel_ibuf_iopad/DOUT            IO_PAD                     510    510                RISE  1       
i_grant_sel_ibuf_preio/PADIN           PRE_IO_PIN_TYPE_000001     0      510                RISE  1       
i_grant_sel_ibuf_preio/DIN0            PRE_IO_PIN_TYPE_000001     490    1000               FALL  1       
I__116/I                               Odrv12                     0      1000               FALL  1       
I__116/O                               Odrv12                     1232   2232               FALL  1       
I__118/I                               Span12Mux_v                0      2232               FALL  1       
I__118/O                               Span12Mux_v                1073   3305               FALL  1       
I__120/I                               Span12Mux_h                0      3305               FALL  1       
I__120/O                               Span12Mux_h                1232   4536               FALL  1       
I__123/I                               Span12Mux_s8_v             0      4536               FALL  1       
I__123/O                               Span12Mux_s8_v             795    5331               FALL  1       
I__128/I                               Sp12to4                    0      5331               FALL  1       
I__128/O                               Sp12to4                    848    6179               FALL  1       
I__131/I                               Span4Mux_h                 0      6179               FALL  1       
I__131/O                               Span4Mux_h                 543    6722               FALL  1       
I__132/I                               LocalMux                   0      6722               FALL  1       
I__132/O                               LocalMux                   768    7490               FALL  1       
I__136/I                               InMux                      0      7490               FALL  1       
I__136/O                               InMux                      503    7993               FALL  1       
o_pl_byte_obuf_RNO_3_LC_18_1_5/in0     LogicCell40_SEQ_MODE_0000  0      7993               FALL  1       
o_pl_byte_obuf_RNO_3_LC_18_1_5/lcout   LogicCell40_SEQ_MODE_0000  1245   9238               RISE  1       
I__155/I                               Odrv4                      0      9238               RISE  1       
I__155/O                               Odrv4                      596    9834               RISE  1       
I__156/I                               Span4Mux_h                 0      9834               RISE  1       
I__156/O                               Span4Mux_h                 517    10351              RISE  1       
I__157/I                               Span4Mux_s0_v              0      10351              RISE  1       
I__157/O                               Span4Mux_s0_v              344    10695              RISE  1       
I__158/I                               LocalMux                   0      10695              RISE  1       
I__158/O                               LocalMux                   1099   11794              RISE  1       
I__159/I                               IoInMux                    0      11794              RISE  1       
I__159/O                               IoInMux                    662    12457              RISE  1       
o_pl_byte_obuf_3_preio/DOUT0           PRE_IO_PIN_TYPE_011001     0      12457              RISE  1       
o_pl_byte_obuf_3_preio/PADOUT          PRE_IO_PIN_TYPE_011001     768    13225              FALL  1       
o_pl_byte_obuf_3_iopad/DIN             IO_PAD                     0      13225              FALL  1       
o_pl_byte_obuf_3_iopad/PACKAGEPIN:out  IO_PAD                     2088   15313              FALL  1       
o_pl_byte[3]                           tx_mux                     0      15313              FALL  1       

++++ Path 2 ++++++++++++++++++++++++++++++++++++++++++++++++++++++++++

Output Port      : o_pl_byte[3]
Input Port       : i_resp_pl_byte[3]
Pad to Pad Delay : 11326

Pad to Pad Path
pin name                                   model name                 delay  cummulative delay  edge  Fanout  
-----------------------------------------  -------------------------  -----  -----------------  ----  ------  
i_resp_pl_byte[3]                          tx_mux                     0      0                  RISE  1       
i_resp_pl_byte_ibuf_3_iopad/PACKAGEPIN:in  IO_PAD                     0      0                  RISE  1       
i_resp_pl_byte_ibuf_3_iopad/DOUT           IO_PAD                     510    510                RISE  1       
i_resp_pl_byte_ibuf_3_preio/PADIN          PRE_IO_PIN_TYPE_000001     0      510                RISE  1       
i_resp_pl_byte_ibuf_3_preio/DIN0           PRE_IO_PIN_TYPE_000001     490    1000               RISE  1       
I__160/I                                   Odrv4                      0      1000               RISE  1       
I__160/O                                   Odrv4                      596    1596               RISE  1       
I__161/I                                   Span4Mux_h                 0      1596               RISE  1       
I__161/O                                   Span4Mux_h                 517    2113               RISE  1       
I__162/I                                   Span4Mux_h                 0      2113               RISE  1       
I__162/O                                   Span4Mux_h                 517    2629               RISE  1       
I__163/I                                   LocalMux                   0      2629               RISE  1       
I__163/O                                   LocalMux                   1099   3728               RISE  1       
I__164/I                                   InMux                      0      3728               RISE  1       
I__164/O                                   InMux                      662    4391               RISE  1       
o_pl_byte_obuf_RNO_3_LC_18_1_5/in3         LogicCell40_SEQ_MODE_0000  0      4391               RISE  1       
o_pl_byte_obuf_RNO_3_LC_18_1_5/lcout       LogicCell40_SEQ_MODE_0000  861    5252               RISE  1       
I__155/I                                   Odrv4                      0      5252               RISE  1       
I__155/O                                   Odrv4                      596    5848               RISE  1       
I__156/I                                   Span4Mux_h                 0      5848               RISE  1       
I__156/O                                   Span4Mux_h                 517    6364               RISE  1       
I__157/I                                   Span4Mux_s0_v              0      6364               RISE  1       
I__157/O                                   Span4Mux_s0_v              344    6708               RISE  1       
I__158/I                                   LocalMux                   0      6708               RISE  1       
I__158/O                                   LocalMux                   1099   7808               RISE  1       
I__159/I                                   IoInMux                    0      7808               RISE  1       
I__159/O                                   IoInMux                    662    8470               RISE  1       
o_pl_byte_obuf_3_preio/DOUT0               PRE_IO_PIN_TYPE_011001     0      8470               RISE  1       
o_pl_byte_obuf_3_preio/PADOUT              PRE_IO_PIN_TYPE_011001     768    9238               FALL  1       
o_pl_byte_obuf_3_iopad/DIN                 IO_PAD                     0      9238               FALL  1       
o_pl_byte_obuf_3_iopad/PACKAGEPIN:out      IO_PAD                     2088   11326              FALL  1       
o_pl_byte[3]                               tx_mux                     0      11326              FALL  1       

++++ Path 3 ++++++++++++++++++++++++++++++++++++++++++++++++++++++++++

Output Port      : o_pl_byte[3]
Input Port       : i_send_pl_byte[3]
Pad to Pad Delay : 10015

Pad to Pad Path
pin name                                   model name                 delay  cummulative delay  edge  Fanout  
-----------------------------------------  -------------------------  -----  -----------------  ----  ------  
i_send_pl_byte[3]                          tx_mux                     0      0                  RISE  1       
i_send_pl_byte_ibuf_3_iopad/PACKAGEPIN:in  IO_PAD                     0      0                  RISE  1       
i_send_pl_byte_ibuf_3_iopad/DOUT           IO_PAD                     510    510                RISE  1       
i_send_pl_byte_ibuf_3_preio/PADIN          PRE_IO_PIN_TYPE_000001     0      510                RISE  1       
i_send_pl_byte_ibuf_3_preio/DIN0           PRE_IO_PIN_TYPE_000001     490    1000               RISE  1       
I__165/I                                   LocalMux                   0      1000               RISE  1       
I__165/O                                   LocalMux                   1099   2099               RISE  1       
I__166/I                                   InMux                      0      2099               RISE  1       
I__166/O                                   InMux                      662    2762               RISE  1       
o_pl_byte_obuf_RNO_3_LC_18_1_5/in1         LogicCell40_SEQ_MODE_0000  0      2762               RISE  1       
o_pl_byte_obuf_RNO_3_LC_18_1_5/lcout       LogicCell40_SEQ_MODE_0000  1179   3940               RISE  1       
I__155/I                                   Odrv4                      0      3940               RISE  1       
I__155/O                                   Odrv4                      596    4536               RISE  1       
I__156/I                                   Span4Mux_h                 0      4536               RISE  1       
I__156/O                                   Span4Mux_h                 517    5053               RISE  1       
I__157/I                                   Span4Mux_s0_v              0      5053               RISE  1       
I__157/O                                   Span4Mux_s0_v              344    5397               RISE  1       
I__158/I                                   LocalMux                   0      5397               RISE  1       
I__158/O                                   LocalMux                   1099   6497               RISE  1       
I__159/I                                   IoInMux                    0      6497               RISE  1       
I__159/O                                   IoInMux                    662    7159               RISE  1       
o_pl_byte_obuf_3_preio/DOUT0               PRE_IO_PIN_TYPE_011001     0      7159               RISE  1       
o_pl_byte_obuf_3_preio/PADOUT              PRE_IO_PIN_TYPE_011001     768    7927               FALL  1       
o_pl_byte_obuf_3_iopad/DIN                 IO_PAD                     0      7927               FALL  1       
o_pl_byte_obuf_3_iopad/PACKAGEPIN:out      IO_PAD                     2088   10015              FALL  1       
o_pl_byte[3]                               tx_mux                     0      10015              FALL  1       

6.3.5::Path details for port: o_pl_byte[4]
--------------------------------------------------

++++ Path 1 ++++++++++++++++++++++++++++++++++++++++++++++++++++++++++

Output Port      : o_pl_byte[4]
Input Port       : i_grant_sel
Pad to Pad Delay : 15035

Pad to Pad Path
pin name                               model name                 delay  cummulative delay  edge  Fanout  
-------------------------------------  -------------------------  -----  -----------------  ----  ------  
i_grant_sel                            tx_mux                     0      0                  RISE  1       
i_grant_sel_ibuf_iopad/PACKAGEPIN:in   IO_PAD                     0      0                  RISE  1       
i_grant_sel_ibuf_iopad/DOUT            IO_PAD                     510    510                RISE  1       
i_grant_sel_ibuf_preio/PADIN           PRE_IO_PIN_TYPE_000001     0      510                RISE  1       
i_grant_sel_ibuf_preio/DIN0            PRE_IO_PIN_TYPE_000001     490    1000               FALL  1       
I__116/I                               Odrv12                     0      1000               FALL  1       
I__116/O                               Odrv12                     1232   2232               FALL  1       
I__118/I                               Span12Mux_v                0      2232               FALL  1       
I__118/O                               Span12Mux_v                1073   3305               FALL  1       
I__120/I                               Span12Mux_h                0      3305               FALL  1       
I__120/O                               Span12Mux_h                1232   4536               FALL  1       
I__123/I                               Span12Mux_s8_v             0      4536               FALL  1       
I__123/O                               Span12Mux_s8_v             795    5331               FALL  1       
I__128/I                               Sp12to4                    0      5331               FALL  1       
I__128/O                               Sp12to4                    848    6179               FALL  1       
I__131/I                               Span4Mux_h                 0      6179               FALL  1       
I__131/O                               Span4Mux_h                 543    6722               FALL  1       
I__132/I                               LocalMux                   0      6722               FALL  1       
I__132/O                               LocalMux                   768    7490               FALL  1       
I__137/I                               InMux                      0      7490               FALL  1       
I__137/O                               InMux                      503    7993               FALL  1       
o_pl_byte_obuf_RNO_4_LC_18_1_6/in3     LogicCell40_SEQ_MODE_0000  0      7993               FALL  1       
o_pl_byte_obuf_RNO_4_LC_18_1_6/lcout   LogicCell40_SEQ_MODE_0000  861    8854               RISE  1       
I__144/I                               Odrv4                      0      8854               RISE  1       
I__144/O                               Odrv4                      596    9450               RISE  1       
I__145/I                               Span4Mux_s0_v              0      9450               RISE  1       
I__145/O                               Span4Mux_s0_v              344    9794               RISE  1       
I__146/I                               IoSpan4Mux                 0      9794               RISE  1       
I__146/O                               IoSpan4Mux                 622    10417              RISE  1       
I__147/I                               LocalMux                   0      10417              RISE  1       
I__147/O                               LocalMux                   1099   11516              RISE  1       
I__148/I                               IoInMux                    0      11516              RISE  1       
I__148/O                               IoInMux                    662    12178              RISE  1       
o_pl_byte_obuf_4_preio/DOUT0           PRE_IO_PIN_TYPE_011001     0      12178              RISE  1       
o_pl_byte_obuf_4_preio/PADOUT          PRE_IO_PIN_TYPE_011001     768    12947              FALL  1       
o_pl_byte_obuf_4_iopad/DIN             IO_PAD                     0      12947              FALL  1       
o_pl_byte_obuf_4_iopad/PACKAGEPIN:out  IO_PAD                     2088   15035              FALL  1       
o_pl_byte[4]                           tx_mux                     0      15035              FALL  1       

++++ Path 2 ++++++++++++++++++++++++++++++++++++++++++++++++++++++++++

Output Port      : o_pl_byte[4]
Input Port       : i_resp_pl_byte[4]
Pad to Pad Delay : 11300

Pad to Pad Path
pin name                                   model name                 delay  cummulative delay  edge  Fanout  
-----------------------------------------  -------------------------  -----  -----------------  ----  ------  
i_resp_pl_byte[4]                          tx_mux                     0      0                  RISE  1       
i_resp_pl_byte_ibuf_4_iopad/PACKAGEPIN:in  IO_PAD                     0      0                  RISE  1       
i_resp_pl_byte_ibuf_4_iopad/DOUT           IO_PAD                     510    510                RISE  1       
i_resp_pl_byte_ibuf_4_preio/PADIN          PRE_IO_PIN_TYPE_000001     0      510                RISE  1       
i_resp_pl_byte_ibuf_4_preio/DIN0           PRE_IO_PIN_TYPE_000001     490    1000               RISE  1       
I__151/I                                   Odrv4                      0      1000               RISE  1       
I__151/O                                   Odrv4                      596    1596               RISE  1       
I__152/I                                   Span4Mux_h                 0      1596               RISE  1       
I__152/O                                   Span4Mux_h                 517    2113               RISE  1       
I__153/I                                   LocalMux                   0      2113               RISE  1       
I__153/O                                   LocalMux                   1099   3212               RISE  1       
I__154/I                                   InMux                      0      3212               RISE  1       
I__154/O                                   InMux                      662    3874               RISE  1       
o_pl_byte_obuf_RNO_4_LC_18_1_6/in0         LogicCell40_SEQ_MODE_0000  0      3874               RISE  1       
o_pl_byte_obuf_RNO_4_LC_18_1_6/lcout       LogicCell40_SEQ_MODE_0000  1245   5119               RISE  1       
I__144/I                                   Odrv4                      0      5119               RISE  1       
I__144/O                                   Odrv4                      596    5715               RISE  1       
I__145/I                                   Span4Mux_s0_v              0      5715               RISE  1       
I__145/O                                   Span4Mux_s0_v              344    6059               RISE  1       
I__146/I                                   IoSpan4Mux                 0      6059               RISE  1       
I__146/O                                   IoSpan4Mux                 622    6682               RISE  1       
I__147/I                                   LocalMux                   0      6682               RISE  1       
I__147/O                                   LocalMux                   1099   7781               RISE  1       
I__148/I                                   IoInMux                    0      7781               RISE  1       
I__148/O                                   IoInMux                    662    8443               RISE  1       
o_pl_byte_obuf_4_preio/DOUT0               PRE_IO_PIN_TYPE_011001     0      8443               RISE  1       
o_pl_byte_obuf_4_preio/PADOUT              PRE_IO_PIN_TYPE_011001     768    9212               FALL  1       
o_pl_byte_obuf_4_iopad/DIN                 IO_PAD                     0      9212               FALL  1       
o_pl_byte_obuf_4_iopad/PACKAGEPIN:out      IO_PAD                     2088   11300              FALL  1       
o_pl_byte[4]                               tx_mux                     0      11300              FALL  1       

++++ Path 3 ++++++++++++++++++++++++++++++++++++++++++++++++++++++++++

Output Port      : o_pl_byte[4]
Input Port       : i_send_pl_byte[4]
Pad to Pad Delay : 10121

Pad to Pad Path
pin name                                   model name                 delay  cummulative delay  edge  Fanout  
-----------------------------------------  -------------------------  -----  -----------------  ----  ------  
i_send_pl_byte[4]                          tx_mux                     0      0                  RISE  1       
i_send_pl_byte_ibuf_4_iopad/PACKAGEPIN:in  IO_PAD                     0      0                  RISE  1       
i_send_pl_byte_ibuf_4_iopad/DOUT           IO_PAD                     510    510                RISE  1       
i_send_pl_byte_ibuf_4_preio/PADIN          PRE_IO_PIN_TYPE_000001     0      510                RISE  1       
i_send_pl_byte_ibuf_4_preio/DIN0           PRE_IO_PIN_TYPE_000001     490    1000               RISE  1       
I__149/I                                   LocalMux                   0      1000               RISE  1       
I__149/O                                   LocalMux                   1099   2099               RISE  1       
I__150/I                                   InMux                      0      2099               RISE  1       
I__150/O                                   InMux                      662    2762               RISE  1       
o_pl_byte_obuf_RNO_4_LC_18_1_6/in1         LogicCell40_SEQ_MODE_0000  0      2762               RISE  1       
o_pl_byte_obuf_RNO_4_LC_18_1_6/lcout       LogicCell40_SEQ_MODE_0000  1179   3940               RISE  1       
I__144/I                                   Odrv4                      0      3940               RISE  1       
I__144/O                                   Odrv4                      596    4536               RISE  1       
I__145/I                                   Span4Mux_s0_v              0      4536               RISE  1       
I__145/O                                   Span4Mux_s0_v              344    4881               RISE  1       
I__146/I                                   IoSpan4Mux                 0      4881               RISE  1       
I__146/O                                   IoSpan4Mux                 622    5503               RISE  1       
I__147/I                                   LocalMux                   0      5503               RISE  1       
I__147/O                                   LocalMux                   1099   6602               RISE  1       
I__148/I                                   IoInMux                    0      6602               RISE  1       
I__148/O                                   IoInMux                    662    7265               RISE  1       
o_pl_byte_obuf_4_preio/DOUT0               PRE_IO_PIN_TYPE_011001     0      7265               RISE  1       
o_pl_byte_obuf_4_preio/PADOUT              PRE_IO_PIN_TYPE_011001     768    8033               FALL  1       
o_pl_byte_obuf_4_iopad/DIN                 IO_PAD                     0      8033               FALL  1       
o_pl_byte_obuf_4_iopad/PACKAGEPIN:out      IO_PAD                     2088   10121              FALL  1       
o_pl_byte[4]                               tx_mux                     0      10121              FALL  1       

6.3.6::Path details for port: o_pl_byte[5]
--------------------------------------------------

++++ Path 1 ++++++++++++++++++++++++++++++++++++++++++++++++++++++++++

Output Port      : o_pl_byte[5]
Input Port       : i_grant_sel
Pad to Pad Delay : 18531

Pad to Pad Path
pin name                               model name                 delay  cummulative delay  edge  Fanout  
-------------------------------------  -------------------------  -----  -----------------  ----  ------  
i_grant_sel                            tx_mux                     0      0                  RISE  1       
i_grant_sel_ibuf_iopad/PACKAGEPIN:in   IO_PAD                     0      0                  RISE  1       
i_grant_sel_ibuf_iopad/DOUT            IO_PAD                     510    510                RISE  1       
i_grant_sel_ibuf_preio/PADIN           PRE_IO_PIN_TYPE_000001     0      510                RISE  1       
i_grant_sel_ibuf_preio/DIN0            PRE_IO_PIN_TYPE_000001     490    1000               FALL  1       
I__116/I                               Odrv12                     0      1000               FALL  1       
I__116/O                               Odrv12                     1232   2232               FALL  1       
I__118/I                               Span12Mux_v                0      2232               FALL  1       
I__118/O                               Span12Mux_v                1073   3305               FALL  1       
I__120/I                               Span12Mux_h                0      3305               FALL  1       
I__120/O                               Span12Mux_h                1232   4536               FALL  1       
I__123/I                               Span12Mux_s8_v             0      4536               FALL  1       
I__123/O                               Span12Mux_s8_v             795    5331               FALL  1       
I__128/I                               Sp12to4                    0      5331               FALL  1       
I__128/O                               Sp12to4                    848    6179               FALL  1       
I__131/I                               Span4Mux_h                 0      6179               FALL  1       
I__131/O                               Span4Mux_h                 543    6722               FALL  1       
I__132/I                               LocalMux                   0      6722               FALL  1       
I__132/O                               LocalMux                   768    7490               FALL  1       
I__138/I                               InMux                      0      7490               FALL  1       
I__138/O                               InMux                      503    7993               FALL  1       
o_pl_byte_obuf_RNO_5_LC_18_1_1/in0     LogicCell40_SEQ_MODE_0000  0      7993               FALL  1       
o_pl_byte_obuf_RNO_5_LC_18_1_1/lcout   LogicCell40_SEQ_MODE_0000  1285   9278               FALL  1       
I__55/I                                Odrv12                     0      9278               FALL  1       
I__55/O                                Odrv12                     1232   10510              FALL  1       
I__56/I                                Span12Mux_v                0      10510              FALL  1       
I__56/O                                Span12Mux_v                1073   11582              FALL  1       
I__57/I                                Sp12to4                    0      11582              FALL  1       
I__57/O                                Sp12to4                    848    12430              FALL  1       
I__58/I                                Span4Mux_v                 0      12430              FALL  1       
I__58/O                                Span4Mux_v                 649    13079              FALL  1       
I__59/I                                Span4Mux_s3_v              0      13079              FALL  1       
I__59/O                                Span4Mux_s3_v              583    13662              FALL  1       
I__60/I                                IoSpan4Mux                 0      13662              FALL  1       
I__60/O                                IoSpan4Mux                 742    14404              FALL  1       
I__61/I                                LocalMux                   0      14404              FALL  1       
I__61/O                                LocalMux                   768    15172              FALL  1       
I__62/I                                IoInMux                    0      15172              FALL  1       
I__62/O                                IoInMux                    503    15675              FALL  1       
o_pl_byte_obuf_5_preio/DOUT0           PRE_IO_PIN_TYPE_011001     0      15675              FALL  1       
o_pl_byte_obuf_5_preio/PADOUT          PRE_IO_PIN_TYPE_011001     768    16443              FALL  1       
o_pl_byte_obuf_5_iopad/DIN             IO_PAD                     0      16443              FALL  1       
o_pl_byte_obuf_5_iopad/PACKAGEPIN:out  IO_PAD                     2088   18531              FALL  1       
o_pl_byte[5]                           tx_mux                     0      18531              FALL  1       

++++ Path 2 ++++++++++++++++++++++++++++++++++++++++++++++++++++++++++

Output Port      : o_pl_byte[5]
Input Port       : i_send_pl_byte[5]
Pad to Pad Delay : 14359

Pad to Pad Path
pin name                                   model name                 delay  cummulative delay  edge  Fanout  
-----------------------------------------  -------------------------  -----  -----------------  ----  ------  
i_send_pl_byte[5]                          tx_mux                     0      0                  RISE  1       
i_send_pl_byte_ibuf_5_iopad/PACKAGEPIN:in  IO_PAD                     0      0                  RISE  1       
i_send_pl_byte_ibuf_5_iopad/DOUT           IO_PAD                     510    510                RISE  1       
i_send_pl_byte_ibuf_5_preio/PADIN          PRE_IO_PIN_TYPE_000001     0      510                RISE  1       
i_send_pl_byte_ibuf_5_preio/DIN0           PRE_IO_PIN_TYPE_000001     490    1000               RISE  1       
I__67/I                                    Odrv4                      0      1000               RISE  1       
I__67/O                                    Odrv4                      596    1596               RISE  1       
I__68/I                                    Span4Mux_h                 0      1596               RISE  1       
I__68/O                                    Span4Mux_h                 517    2113               RISE  1       
I__69/I                                    LocalMux                   0      2113               RISE  1       
I__69/O                                    LocalMux                   1099   3212               RISE  1       
I__70/I                                    InMux                      0      3212               RISE  1       
I__70/O                                    InMux                      662    3874               RISE  1       
o_pl_byte_obuf_RNO_5_LC_18_1_1/in1         LogicCell40_SEQ_MODE_0000  0      3874               RISE  1       
o_pl_byte_obuf_RNO_5_LC_18_1_1/lcout       LogicCell40_SEQ_MODE_0000  1232   5106               FALL  1       
I__55/I                                    Odrv12                     0      5106               FALL  1       
I__55/O                                    Odrv12                     1232   6338               FALL  1       
I__56/I                                    Span12Mux_v                0      6338               FALL  1       
I__56/O                                    Span12Mux_v                1073   7410               FALL  1       
I__57/I                                    Sp12to4                    0      7410               FALL  1       
I__57/O                                    Sp12to4                    848    8258               FALL  1       
I__58/I                                    Span4Mux_v                 0      8258               FALL  1       
I__58/O                                    Span4Mux_v                 649    8907               FALL  1       
I__59/I                                    Span4Mux_s3_v              0      8907               FALL  1       
I__59/O                                    Span4Mux_s3_v              583    9490               FALL  1       
I__60/I                                    IoSpan4Mux                 0      9490               FALL  1       
I__60/O                                    IoSpan4Mux                 742    10231              FALL  1       
I__61/I                                    LocalMux                   0      10231              FALL  1       
I__61/O                                    LocalMux                   768    11000              FALL  1       
I__62/I                                    IoInMux                    0      11000              FALL  1       
I__62/O                                    IoInMux                    503    11503              FALL  1       
o_pl_byte_obuf_5_preio/DOUT0               PRE_IO_PIN_TYPE_011001     0      11503              FALL  1       
o_pl_byte_obuf_5_preio/PADOUT              PRE_IO_PIN_TYPE_011001     768    12271              FALL  1       
o_pl_byte_obuf_5_iopad/DIN                 IO_PAD                     0      12271              FALL  1       
o_pl_byte_obuf_5_iopad/PACKAGEPIN:out      IO_PAD                     2088   14359              FALL  1       
o_pl_byte[5]                               tx_mux                     0      14359              FALL  1       

++++ Path 3 ++++++++++++++++++++++++++++++++++++++++++++++++++++++++++

Output Port      : o_pl_byte[5]
Input Port       : i_resp_pl_byte[5]
Pad to Pad Delay : 14002

Pad to Pad Path
pin name                                   model name                 delay  cummulative delay  edge  Fanout  
-----------------------------------------  -------------------------  -----  -----------------  ----  ------  
i_resp_pl_byte[5]                          tx_mux                     0      0                  RISE  1       
i_resp_pl_byte_ibuf_5_iopad/PACKAGEPIN:in  IO_PAD                     0      0                  RISE  1       
i_resp_pl_byte_ibuf_5_iopad/DOUT           IO_PAD                     510    510                RISE  1       
i_resp_pl_byte_ibuf_5_preio/PADIN          PRE_IO_PIN_TYPE_000001     0      510                RISE  1       
i_resp_pl_byte_ibuf_5_preio/DIN0           PRE_IO_PIN_TYPE_000001     490    1000               RISE  1       
I__63/I                                    Odrv4                      0      1000               RISE  1       
I__63/O                                    Odrv4                      596    1596               RISE  1       
I__64/I                                    Span4Mux_h                 0      1596               RISE  1       
I__64/O                                    Span4Mux_h                 517    2113               RISE  1       
I__65/I                                    LocalMux                   0      2113               RISE  1       
I__65/O                                    LocalMux                   1099   3212               RISE  1       
I__66/I                                    InMux                      0      3212               RISE  1       
I__66/O                                    InMux                      662    3874               RISE  1       
o_pl_byte_obuf_RNO_5_LC_18_1_1/in3         LogicCell40_SEQ_MODE_0000  0      3874               RISE  1       
o_pl_byte_obuf_RNO_5_LC_18_1_1/lcout       LogicCell40_SEQ_MODE_0000  874    4748               FALL  1       
I__55/I                                    Odrv12                     0      4748               FALL  1       
I__55/O                                    Odrv12                     1232   5980               FALL  1       
I__56/I                                    Span12Mux_v                0      5980               FALL  1       
I__56/O                                    Span12Mux_v                1073   7053               FALL  1       
I__57/I                                    Sp12to4                    0      7053               FALL  1       
I__57/O                                    Sp12to4                    848    7900               FALL  1       
I__58/I                                    Span4Mux_v                 0      7900               FALL  1       
I__58/O                                    Span4Mux_v                 649    8549               FALL  1       
I__59/I                                    Span4Mux_s3_v              0      8549               FALL  1       
I__59/O                                    Span4Mux_s3_v              583    9132               FALL  1       
I__60/I                                    IoSpan4Mux                 0      9132               FALL  1       
I__60/O                                    IoSpan4Mux                 742    9874               FALL  1       
I__61/I                                    LocalMux                   0      9874               FALL  1       
I__61/O                                    LocalMux                   768    10642              FALL  1       
I__62/I                                    IoInMux                    0      10642              FALL  1       
I__62/O                                    IoInMux                    503    11145              FALL  1       
o_pl_byte_obuf_5_preio/DOUT0               PRE_IO_PIN_TYPE_011001     0      11145              FALL  1       
o_pl_byte_obuf_5_preio/PADOUT              PRE_IO_PIN_TYPE_011001     768    11914              FALL  1       
o_pl_byte_obuf_5_iopad/DIN                 IO_PAD                     0      11914              FALL  1       
o_pl_byte_obuf_5_iopad/PACKAGEPIN:out      IO_PAD                     2088   14002              FALL  1       
o_pl_byte[5]                               tx_mux                     0      14002              FALL  1       

6.3.7::Path details for port: o_pl_byte[6]
--------------------------------------------------

++++ Path 1 ++++++++++++++++++++++++++++++++++++++++++++++++++++++++++

Output Port      : o_pl_byte[6]
Input Port       : i_grant_sel
Pad to Pad Delay : 11247

Pad to Pad Path
pin name                               model name                 delay  cummulative delay  edge  Fanout  
-------------------------------------  -------------------------  -----  -----------------  ----  ------  
i_grant_sel                            tx_mux                     0      0                  RISE  1       
i_grant_sel_ibuf_iopad/PACKAGEPIN:in   IO_PAD                     0      0                  RISE  1       
i_grant_sel_ibuf_iopad/DOUT            IO_PAD                     510    510                RISE  1       
i_grant_sel_ibuf_preio/PADIN           PRE_IO_PIN_TYPE_000001     0      510                RISE  1       
i_grant_sel_ibuf_preio/DIN0            PRE_IO_PIN_TYPE_000001     490    1000               RISE  1       
I__115/I                               Odrv4                      0      1000               RISE  1       
I__115/O                               Odrv4                      596    1596               RISE  1       
I__117/I                               IoSpan4Mux                 0      1596               RISE  1       
I__117/O                               IoSpan4Mux                 622    2219               RISE  1       
I__119/I                               Span4Mux_h                 0      2219               RISE  1       
I__119/O                               Span4Mux_h                 517    2735               RISE  1       
I__121/I                               LocalMux                   0      2735               RISE  1       
I__121/O                               LocalMux                   1099   3834               RISE  1       
I__124/I                               InMux                      0      3834               RISE  1       
I__124/O                               InMux                      662    4497               RISE  1       
o_pl_byte_obuf_RNO_6_LC_13_30_0/in3    LogicCell40_SEQ_MODE_0000  0      4497               RISE  1       
o_pl_byte_obuf_RNO_6_LC_13_30_0/lcout  LogicCell40_SEQ_MODE_0000  861    5358               RISE  1       
I__103/I                               Odrv12                     0      5358               RISE  1       
I__103/O                               Odrv12                     1073   6430               RISE  1       
I__104/I                               Span12Mux_s0_v             0      6430               RISE  1       
I__104/O                               Span12Mux_s0_v             199    6629               RISE  1       
I__105/I                               LocalMux                   0      6629               RISE  1       
I__105/O                               LocalMux                   1099   7728               RISE  1       
I__106/I                               IoInMux                    0      7728               RISE  1       
I__106/O                               IoInMux                    662    8390               RISE  1       
o_pl_byte_obuf_6_preio/DOUT0           PRE_IO_PIN_TYPE_011001     0      8390               RISE  1       
o_pl_byte_obuf_6_preio/PADOUT          PRE_IO_PIN_TYPE_011001     768    9159               FALL  1       
o_pl_byte_obuf_6_iopad/DIN             IO_PAD                     0      9159               FALL  1       
o_pl_byte_obuf_6_iopad/PACKAGEPIN:out  IO_PAD                     2088   11247              FALL  1       
o_pl_byte[6]                           tx_mux                     0      11247              FALL  1       

++++ Path 2 ++++++++++++++++++++++++++++++++++++++++++++++++++++++++++

Output Port      : o_pl_byte[6]
Input Port       : i_resp_pl_byte[6]
Pad to Pad Delay : 10942

Pad to Pad Path
pin name                                   model name                 delay  cummulative delay  edge  Fanout  
-----------------------------------------  -------------------------  -----  -----------------  ----  ------  
i_resp_pl_byte[6]                          tx_mux                     0      0                  RISE  1       
i_resp_pl_byte_ibuf_6_iopad/PACKAGEPIN:in  IO_PAD                     0      0                  RISE  1       
i_resp_pl_byte_ibuf_6_iopad/DOUT           IO_PAD                     510    510                RISE  1       
i_resp_pl_byte_ibuf_6_preio/PADIN          PRE_IO_PIN_TYPE_000001     0      510                RISE  1       
i_resp_pl_byte_ibuf_6_preio/DIN0           PRE_IO_PIN_TYPE_000001     490    1000               RISE  1       
I__107/I                                   Odrv4                      0      1000               RISE  1       
I__107/O                                   Odrv4                      596    1596               RISE  1       
I__108/I                                   Span4Mux_h                 0      1596               RISE  1       
I__108/O                                   Span4Mux_h                 517    2113               RISE  1       
I__109/I                                   LocalMux                   0      2113               RISE  1       
I__109/O                                   LocalMux                   1099   3212               RISE  1       
I__110/I                                   InMux                      0      3212               RISE  1       
I__110/O                                   InMux                      662    3874               RISE  1       
o_pl_byte_obuf_RNO_6_LC_13_30_0/in1        LogicCell40_SEQ_MODE_0000  0      3874               RISE  1       
o_pl_byte_obuf_RNO_6_LC_13_30_0/lcout      LogicCell40_SEQ_MODE_0000  1179   5053               RISE  1       
I__103/I                                   Odrv12                     0      5053               RISE  1       
I__103/O                                   Odrv12                     1073   6126               RISE  1       
I__104/I                                   Span12Mux_s0_v             0      6126               RISE  1       
I__104/O                                   Span12Mux_s0_v             199    6324               RISE  1       
I__105/I                                   LocalMux                   0      6324               RISE  1       
I__105/O                                   LocalMux                   1099   7424               RISE  1       
I__106/I                                   IoInMux                    0      7424               RISE  1       
I__106/O                                   IoInMux                    662    8086               RISE  1       
o_pl_byte_obuf_6_preio/DOUT0               PRE_IO_PIN_TYPE_011001     0      8086               RISE  1       
o_pl_byte_obuf_6_preio/PADOUT              PRE_IO_PIN_TYPE_011001     768    8854               FALL  1       
o_pl_byte_obuf_6_iopad/DIN                 IO_PAD                     0      8854               FALL  1       
o_pl_byte_obuf_6_iopad/PACKAGEPIN:out      IO_PAD                     2088   10942              FALL  1       
o_pl_byte[6]                               tx_mux                     0      10942              FALL  1       

++++ Path 3 ++++++++++++++++++++++++++++++++++++++++++++++++++++++++++

Output Port      : o_pl_byte[6]
Input Port       : i_send_pl_byte[6]
Pad to Pad Delay : 9896

Pad to Pad Path
pin name                                   model name                 delay  cummulative delay  edge  Fanout  
-----------------------------------------  -------------------------  -----  -----------------  ----  ------  
i_send_pl_byte[6]                          tx_mux                     0      0                  RISE  1       
i_send_pl_byte_ibuf_6_iopad/PACKAGEPIN:in  IO_PAD                     0      0                  RISE  1       
i_send_pl_byte_ibuf_6_iopad/DOUT           IO_PAD                     510    510                RISE  1       
i_send_pl_byte_ibuf_6_preio/PADIN          PRE_IO_PIN_TYPE_000001     0      510                RISE  1       
i_send_pl_byte_ibuf_6_preio/DIN0           PRE_IO_PIN_TYPE_000001     490    1000               RISE  1       
I__111/I                                   LocalMux                   0      1000               RISE  1       
I__111/O                                   LocalMux                   1099   2099               RISE  1       
I__112/I                                   InMux                      0      2099               RISE  1       
I__112/O                                   InMux                      662    2762               RISE  1       
o_pl_byte_obuf_RNO_6_LC_13_30_0/in0        LogicCell40_SEQ_MODE_0000  0      2762               RISE  1       
o_pl_byte_obuf_RNO_6_LC_13_30_0/lcout      LogicCell40_SEQ_MODE_0000  1245   4007               RISE  1       
I__103/I                                   Odrv12                     0      4007               RISE  1       
I__103/O                                   Odrv12                     1073   5079               RISE  1       
I__104/I                                   Span12Mux_s0_v             0      5079               RISE  1       
I__104/O                                   Span12Mux_s0_v             199    5278               RISE  1       
I__105/I                                   LocalMux                   0      5278               RISE  1       
I__105/O                                   LocalMux                   1099   6377               RISE  1       
I__106/I                                   IoInMux                    0      6377               RISE  1       
I__106/O                                   IoInMux                    662    7040               RISE  1       
o_pl_byte_obuf_6_preio/DOUT0               PRE_IO_PIN_TYPE_011001     0      7040               RISE  1       
o_pl_byte_obuf_6_preio/PADOUT              PRE_IO_PIN_TYPE_011001     768    7808               FALL  1       
o_pl_byte_obuf_6_iopad/DIN                 IO_PAD                     0      7808               FALL  1       
o_pl_byte_obuf_6_iopad/PACKAGEPIN:out      IO_PAD                     2088   9896               FALL  1       
o_pl_byte[6]                               tx_mux                     0      9896               FALL  1       

6.3.8::Path details for port: o_pl_byte[7]
--------------------------------------------------

++++ Path 1 ++++++++++++++++++++++++++++++++++++++++++++++++++++++++++

Output Port      : o_pl_byte[7]
Input Port       : i_grant_sel
Pad to Pad Delay : 11578

Pad to Pad Path
pin name                               model name                 delay  cummulative delay  edge  Fanout  
-------------------------------------  -------------------------  -----  -----------------  ----  ------  
i_grant_sel                            tx_mux                     0      0                  RISE  1       
i_grant_sel_ibuf_iopad/PACKAGEPIN:in   IO_PAD                     0      0                  RISE  1       
i_grant_sel_ibuf_iopad/DOUT            IO_PAD                     510    510                RISE  1       
i_grant_sel_ibuf_preio/PADIN           PRE_IO_PIN_TYPE_000001     0      510                RISE  1       
i_grant_sel_ibuf_preio/DIN0            PRE_IO_PIN_TYPE_000001     490    1000               RISE  1       
I__115/I                               Odrv4                      0      1000               RISE  1       
I__115/O                               Odrv4                      596    1596               RISE  1       
I__117/I                               IoSpan4Mux                 0      1596               RISE  1       
I__117/O                               IoSpan4Mux                 622    2219               RISE  1       
I__119/I                               Span4Mux_h                 0      2219               RISE  1       
I__119/O                               Span4Mux_h                 517    2735               RISE  1       
I__121/I                               LocalMux                   0      2735               RISE  1       
I__121/O                               LocalMux                   1099   3834               RISE  1       
I__125/I                               InMux                      0      3834               RISE  1       
I__125/O                               InMux                      662    4497               RISE  1       
o_pl_byte_obuf_RNO_7_LC_13_30_1/in0    LogicCell40_SEQ_MODE_0000  0      4497               RISE  1       
o_pl_byte_obuf_RNO_7_LC_13_30_1/lcout  LogicCell40_SEQ_MODE_0000  1245   5742               RISE  1       
I__93/I                                Odrv4                      0      5742               RISE  1       
I__93/O                                Odrv4                      596    6338               RISE  1       
I__94/I                                IoSpan4Mux                 0      6338               RISE  1       
I__94/O                                IoSpan4Mux                 622    6960               RISE  1       
I__95/I                                LocalMux                   0      6960               RISE  1       
I__95/O                                LocalMux                   1099   8059               RISE  1       
I__96/I                                IoInMux                    0      8059               RISE  1       
I__96/O                                IoInMux                    662    8722               RISE  1       
o_pl_byte_obuf_7_preio/DOUT0           PRE_IO_PIN_TYPE_011001     0      8722               RISE  1       
o_pl_byte_obuf_7_preio/PADOUT          PRE_IO_PIN_TYPE_011001     768    9490               FALL  1       
o_pl_byte_obuf_7_iopad/DIN             IO_PAD                     0      9490               FALL  1       
o_pl_byte_obuf_7_iopad/PACKAGEPIN:out  IO_PAD                     2088   11578              FALL  1       
o_pl_byte[7]                           tx_mux                     0      11578              FALL  1       

++++ Path 2 ++++++++++++++++++++++++++++++++++++++++++++++++++++++++++

Output Port      : o_pl_byte[7]
Input Port       : i_resp_pl_byte[7]
Pad to Pad Delay : 10571

Pad to Pad Path
pin name                                   model name                 delay  cummulative delay  edge  Fanout  
-----------------------------------------  -------------------------  -----  -----------------  ----  ------  
i_resp_pl_byte[7]                          tx_mux                     0      0                  RISE  1       
i_resp_pl_byte_ibuf_7_iopad/PACKAGEPIN:in  IO_PAD                     0      0                  RISE  1       
i_resp_pl_byte_ibuf_7_iopad/DOUT           IO_PAD                     510    510                RISE  1       
i_resp_pl_byte_ibuf_7_preio/PADIN          PRE_IO_PIN_TYPE_000001     0      510                RISE  1       
i_resp_pl_byte_ibuf_7_preio/DIN0           PRE_IO_PIN_TYPE_000001     490    1000               RISE  1       
I__97/I                                    Odrv4                      0      1000               RISE  1       
I__97/O                                    Odrv4                      596    1596               RISE  1       
I__98/I                                    Span4Mux_h                 0      1596               RISE  1       
I__98/O                                    Span4Mux_h                 517    2113               RISE  1       
I__99/I                                    LocalMux                   0      2113               RISE  1       
I__99/O                                    LocalMux                   1099   3212               RISE  1       
I__100/I                                   InMux                      0      3212               RISE  1       
I__100/O                                   InMux                      662    3874               RISE  1       
o_pl_byte_obuf_RNO_7_LC_13_30_1/in3        LogicCell40_SEQ_MODE_0000  0      3874               RISE  1       
o_pl_byte_obuf_RNO_7_LC_13_30_1/lcout      LogicCell40_SEQ_MODE_0000  861    4735               RISE  1       
I__93/I                                    Odrv4                      0      4735               RISE  1       
I__93/O                                    Odrv4                      596    5331               RISE  1       
I__94/I                                    IoSpan4Mux                 0      5331               RISE  1       
I__94/O                                    IoSpan4Mux                 622    5954               RISE  1       
I__95/I                                    LocalMux                   0      5954               RISE  1       
I__95/O                                    LocalMux                   1099   7053               RISE  1       
I__96/I                                    IoInMux                    0      7053               RISE  1       
I__96/O                                    IoInMux                    662    7715               RISE  1       
o_pl_byte_obuf_7_preio/DOUT0               PRE_IO_PIN_TYPE_011001     0      7715               RISE  1       
o_pl_byte_obuf_7_preio/PADOUT              PRE_IO_PIN_TYPE_011001     768    8483               FALL  1       
o_pl_byte_obuf_7_iopad/DIN                 IO_PAD                     0      8483               FALL  1       
o_pl_byte_obuf_7_iopad/PACKAGEPIN:out      IO_PAD                     2088   10571              FALL  1       
o_pl_byte[7]                               tx_mux                     0      10571              FALL  1       

++++ Path 3 ++++++++++++++++++++++++++++++++++++++++++++++++++++++++++

Output Port      : o_pl_byte[7]
Input Port       : i_send_pl_byte[7]
Pad to Pad Delay : 9777

Pad to Pad Path
pin name                                   model name                 delay  cummulative delay  edge  Fanout  
-----------------------------------------  -------------------------  -----  -----------------  ----  ------  
i_send_pl_byte[7]                          tx_mux                     0      0                  RISE  1       
i_send_pl_byte_ibuf_7_iopad/PACKAGEPIN:in  IO_PAD                     0      0                  RISE  1       
i_send_pl_byte_ibuf_7_iopad/DOUT           IO_PAD                     510    510                RISE  1       
i_send_pl_byte_ibuf_7_preio/PADIN          PRE_IO_PIN_TYPE_000001     0      510                RISE  1       
i_send_pl_byte_ibuf_7_preio/DIN0           PRE_IO_PIN_TYPE_000001     490    1000               RISE  1       
I__101/I                                   LocalMux                   0      1000               RISE  1       
I__101/O                                   LocalMux                   1099   2099               RISE  1       
I__102/I                                   InMux                      0      2099               RISE  1       
I__102/O                                   InMux                      662    2762               RISE  1       
o_pl_byte_obuf_RNO_7_LC_13_30_1/in1        LogicCell40_SEQ_MODE_0000  0      2762               RISE  1       
o_pl_byte_obuf_RNO_7_LC_13_30_1/lcout      LogicCell40_SEQ_MODE_0000  1179   3940               RISE  1       
I__93/I                                    Odrv4                      0      3940               RISE  1       
I__93/O                                    Odrv4                      596    4536               RISE  1       
I__94/I                                    IoSpan4Mux                 0      4536               RISE  1       
I__94/O                                    IoSpan4Mux                 622    5159               RISE  1       
I__95/I                                    LocalMux                   0      5159               RISE  1       
I__95/O                                    LocalMux                   1099   6258               RISE  1       
I__96/I                                    IoInMux                    0      6258               RISE  1       
I__96/O                                    IoInMux                    662    6920               RISE  1       
o_pl_byte_obuf_7_preio/DOUT0               PRE_IO_PIN_TYPE_011001     0      6920               RISE  1       
o_pl_byte_obuf_7_preio/PADOUT              PRE_IO_PIN_TYPE_011001     768    7689               FALL  1       
o_pl_byte_obuf_7_iopad/DIN                 IO_PAD                     0      7689               FALL  1       
o_pl_byte_obuf_7_iopad/PACKAGEPIN:out      IO_PAD                     2088   9777               FALL  1       
o_pl_byte[7]                               tx_mux                     0      9777               FALL  1       

6.3.9::Path details for port: o_pl_valid
--------------------------------------------------

++++ Path 1 ++++++++++++++++++++++++++++++++++++++++++++++++++++++++++

Output Port      : o_pl_valid
Input Port       : i_grant_sel
Pad to Pad Delay : 11816

Pad to Pad Path
pin name                              model name                 delay  cummulative delay  edge  Fanout  
------------------------------------  -------------------------  -----  -----------------  ----  ------  
i_grant_sel                           tx_mux                     0      0                  RISE  1       
i_grant_sel_ibuf_iopad/PACKAGEPIN:in  IO_PAD                     0      0                  RISE  1       
i_grant_sel_ibuf_iopad/DOUT           IO_PAD                     510    510                RISE  1       
i_grant_sel_ibuf_preio/PADIN          PRE_IO_PIN_TYPE_000001     0      510                RISE  1       
i_grant_sel_ibuf_preio/DIN0           PRE_IO_PIN_TYPE_000001     490    1000               RISE  1       
I__115/I                              Odrv4                      0      1000               RISE  1       
I__115/O                              Odrv4                      596    1596               RISE  1       
I__117/I                              IoSpan4Mux                 0      1596               RISE  1       
I__117/O                              IoSpan4Mux                 622    2219               RISE  1       
I__119/I                              Span4Mux_h                 0      2219               RISE  1       
I__119/O                              Span4Mux_h                 517    2735               RISE  1       
I__121/I                              LocalMux                   0      2735               RISE  1       
I__121/O                              LocalMux                   1099   3834               RISE  1       
I__126/I                              InMux                      0      3834               RISE  1       
I__126/O                              InMux                      662    4497               RISE  1       
o_pl_valid_obuf_RNO_LC_13_30_2/in3    LogicCell40_SEQ_MODE_0000  0      4497               RISE  1       
o_pl_valid_obuf_RNO_LC_13_30_2/lcout  LogicCell40_SEQ_MODE_0000  861    5358               RISE  1       
I__82/I                               Odrv4                      0      5358               RISE  1       
I__82/O                               Odrv4                      596    5954               RISE  1       
I__83/I                               IoSpan4Mux                 0      5954               RISE  1       
I__83/O                               IoSpan4Mux                 622    6576               RISE  1       
I__84/I                               IoSpan4Mux                 0      6576               RISE  1       
I__84/O                               IoSpan4Mux                 622    7198               RISE  1       
I__85/I                               LocalMux                   0      7198               RISE  1       
I__85/O                               LocalMux                   1099   8298               RISE  1       
I__86/I                               IoInMux                    0      8298               RISE  1       
I__86/O                               IoInMux                    662    8960               RISE  1       
o_pl_valid_obuf_preio/DOUT0           PRE_IO_PIN_TYPE_011001     0      8960               RISE  1       
o_pl_valid_obuf_preio/PADOUT          PRE_IO_PIN_TYPE_011001     768    9728               FALL  1       
o_pl_valid_obuf_iopad/DIN             IO_PAD                     0      9728               FALL  1       
o_pl_valid_obuf_iopad/PACKAGEPIN:out  IO_PAD                     2088   11816              FALL  1       
o_pl_valid                            tx_mux                     0      11816              FALL  1       

++++ Path 2 ++++++++++++++++++++++++++++++++++++++++++++++++++++++++++

Output Port      : o_pl_valid
Input Port       : i_resp_pl_valid
Pad to Pad Delay : 11578

Pad to Pad Path
pin name                                  model name                 delay  cummulative delay  edge  Fanout  
----------------------------------------  -------------------------  -----  -----------------  ----  ------  
i_resp_pl_valid                           tx_mux                     0      0                  RISE  1       
i_resp_pl_valid_ibuf_iopad/PACKAGEPIN:in  IO_PAD                     0      0                  RISE  1       
i_resp_pl_valid_ibuf_iopad/DOUT           IO_PAD                     510    510                RISE  1       
i_resp_pl_valid_ibuf_preio/PADIN          PRE_IO_PIN_TYPE_000001     0      510                RISE  1       
i_resp_pl_valid_ibuf_preio/DIN0           PRE_IO_PIN_TYPE_000001     490    1000               RISE  1       
I__89/I                                   Odrv4                      0      1000               RISE  1       
I__89/O                                   Odrv4                      596    1596               RISE  1       
I__90/I                                   Span4Mux_h                 0      1596               RISE  1       
I__90/O                                   Span4Mux_h                 517    2113               RISE  1       
I__91/I                                   LocalMux                   0      2113               RISE  1       
I__91/O                                   LocalMux                   1099   3212               RISE  1       
I__92/I                                   InMux                      0      3212               RISE  1       
I__92/O                                   InMux                      662    3874               RISE  1       
o_pl_valid_obuf_RNO_LC_13_30_2/in0        LogicCell40_SEQ_MODE_0000  0      3874               RISE  1       
o_pl_valid_obuf_RNO_LC_13_30_2/lcout      LogicCell40_SEQ_MODE_0000  1245   5119               RISE  1       
I__82/I                                   Odrv4                      0      5119               RISE  1       
I__82/O                                   Odrv4                      596    5715               RISE  1       
I__83/I                                   IoSpan4Mux                 0      5715               RISE  1       
I__83/O                                   IoSpan4Mux                 622    6338               RISE  1       
I__84/I                                   IoSpan4Mux                 0      6338               RISE  1       
I__84/O                                   IoSpan4Mux                 622    6960               RISE  1       
I__85/I                                   LocalMux                   0      6960               RISE  1       
I__85/O                                   LocalMux                   1099   8059               RISE  1       
I__86/I                                   IoInMux                    0      8059               RISE  1       
I__86/O                                   IoInMux                    662    8722               RISE  1       
o_pl_valid_obuf_preio/DOUT0               PRE_IO_PIN_TYPE_011001     0      8722               RISE  1       
o_pl_valid_obuf_preio/PADOUT              PRE_IO_PIN_TYPE_011001     768    9490               FALL  1       
o_pl_valid_obuf_iopad/DIN                 IO_PAD                     0      9490               FALL  1       
o_pl_valid_obuf_iopad/PACKAGEPIN:out      IO_PAD                     2088   11578              FALL  1       
o_pl_valid                                tx_mux                     0      11578              FALL  1       

++++ Path 3 ++++++++++++++++++++++++++++++++++++++++++++++++++++++++++

Output Port      : o_pl_valid
Input Port       : i_send_pl_valid
Pad to Pad Delay : 10399

Pad to Pad Path
pin name                                  model name                 delay  cummulative delay  edge  Fanout  
----------------------------------------  -------------------------  -----  -----------------  ----  ------  
i_send_pl_valid                           tx_mux                     0      0                  RISE  1       
i_send_pl_valid_ibuf_iopad/PACKAGEPIN:in  IO_PAD                     0      0                  RISE  1       
i_send_pl_valid_ibuf_iopad/DOUT           IO_PAD                     510    510                RISE  1       
i_send_pl_valid_ibuf_preio/PADIN          PRE_IO_PIN_TYPE_000001     0      510                RISE  1       
i_send_pl_valid_ibuf_preio/DIN0           PRE_IO_PIN_TYPE_000001     490    1000               RISE  1       
I__87/I                                   LocalMux                   0      1000               RISE  1       
I__87/O                                   LocalMux                   1099   2099               RISE  1       
I__88/I                                   InMux                      0      2099               RISE  1       
I__88/O                                   InMux                      662    2762               RISE  1       
o_pl_valid_obuf_RNO_LC_13_30_2/in1        LogicCell40_SEQ_MODE_0000  0      2762               RISE  1       
o_pl_valid_obuf_RNO_LC_13_30_2/lcout      LogicCell40_SEQ_MODE_0000  1179   3940               RISE  1       
I__82/I                                   Odrv4                      0      3940               RISE  1       
I__82/O                                   Odrv4                      596    4536               RISE  1       
I__83/I                                   IoSpan4Mux                 0      4536               RISE  1       
I__83/O                                   IoSpan4Mux                 622    5159               RISE  1       
I__84/I                                   IoSpan4Mux                 0      5159               RISE  1       
I__84/O                                   IoSpan4Mux                 622    5781               RISE  1       
I__85/I                                   LocalMux                   0      5781               RISE  1       
I__85/O                                   LocalMux                   1099   6881               RISE  1       
I__86/I                                   IoInMux                    0      6881               RISE  1       
I__86/O                                   IoInMux                    662    7543               RISE  1       
o_pl_valid_obuf_preio/DOUT0               PRE_IO_PIN_TYPE_011001     0      7543               RISE  1       
o_pl_valid_obuf_preio/PADOUT              PRE_IO_PIN_TYPE_011001     768    8311               FALL  1       
o_pl_valid_obuf_iopad/DIN                 IO_PAD                     0      8311               FALL  1       
o_pl_valid_obuf_iopad/PACKAGEPIN:out      IO_PAD                     2088   10399              FALL  1       
o_pl_valid                                tx_mux                     0      10399              FALL  1       

6.3.10::Path details for port: o_resp_pl_ready
--------------------------------------------------

++++ Path 1 ++++++++++++++++++++++++++++++++++++++++++++++++++++++++++

Output Port      : o_resp_pl_ready
Input Port       : i_grant_sel
Pad to Pad Delay : 10492

Pad to Pad Path
pin name                                   model name                 delay  cummulative delay  edge  Fanout  
-----------------------------------------  -------------------------  -----  -----------------  ----  ------  
i_grant_sel                                tx_mux                     0      0                  RISE  1       
i_grant_sel_ibuf_iopad/PACKAGEPIN:in       IO_PAD                     0      0                  RISE  1       
i_grant_sel_ibuf_iopad/DOUT                IO_PAD                     510    510                RISE  1       
i_grant_sel_ibuf_preio/PADIN               PRE_IO_PIN_TYPE_000001     0      510                RISE  1       
i_grant_sel_ibuf_preio/DIN0                PRE_IO_PIN_TYPE_000001     490    1000               RISE  1       
I__115/I                                   Odrv4                      0      1000               RISE  1       
I__115/O                                   Odrv4                      596    1596               RISE  1       
I__117/I                                   IoSpan4Mux                 0      1596               RISE  1       
I__117/O                                   IoSpan4Mux                 622    2219               RISE  1       
I__119/I                                   Span4Mux_h                 0      2219               RISE  1       
I__119/O                                   Span4Mux_h                 517    2735               RISE  1       
I__122/I                                   Span4Mux_h                 0      2735               RISE  1       
I__122/O                                   Span4Mux_h                 517    3252               RISE  1       
I__127/I                                   LocalMux                   0      3252               RISE  1       
I__127/O                                   LocalMux                   1099   4351               RISE  1       
I__129/I                                   InMux                      0      4351               RISE  1       
I__129/O                                   InMux                      662    5013               RISE  1       
o_resp_pl_ready_obuf_RNO_LC_18_30_1/in3    LogicCell40_SEQ_MODE_0000  0      5013               RISE  1       
o_resp_pl_ready_obuf_RNO_LC_18_30_1/lcout  LogicCell40_SEQ_MODE_0000  861    5874               RISE  1       
I__142/I                                   LocalMux                   0      5874               RISE  1       
I__142/O                                   LocalMux                   1099   6973               RISE  1       
I__143/I                                   IoInMux                    0      6973               RISE  1       
I__143/O                                   IoInMux                    662    7636               RISE  1       
o_resp_pl_ready_obuf_preio/DOUT0           PRE_IO_PIN_TYPE_011001     0      7636               RISE  1       
o_resp_pl_ready_obuf_preio/PADOUT          PRE_IO_PIN_TYPE_011001     768    8404               FALL  1       
o_resp_pl_ready_obuf_iopad/DIN             IO_PAD                     0      8404               FALL  1       
o_resp_pl_ready_obuf_iopad/PACKAGEPIN:out  IO_PAD                     2088   10492              FALL  1       
o_resp_pl_ready                            tx_mux                     0      10492              FALL  1       

++++ Path 2 ++++++++++++++++++++++++++++++++++++++++++++++++++++++++++

Output Port      : o_resp_pl_ready
Input Port       : i_pl_ready
Pad to Pad Delay : 8624

Pad to Pad Path
pin name                                   model name                 delay  cummulative delay  edge  Fanout  
-----------------------------------------  -------------------------  -----  -----------------  ----  ------  
i_pl_ready                                 tx_mux                     0      0                  RISE  1       
i_pl_ready_ibuf_iopad/PACKAGEPIN:in        IO_PAD                     0      0                  RISE  1       
i_pl_ready_ibuf_iopad/DOUT                 IO_PAD                     510    510                RISE  1       
i_pl_ready_ibuf_preio/PADIN                PRE_IO_PIN_TYPE_000001     0      510                RISE  1       
i_pl_ready_ibuf_preio/DIN0                 PRE_IO_PIN_TYPE_000001     490    1000               RISE  1       
I__139/I                                   LocalMux                   0      1000               RISE  1       
I__139/O                                   LocalMux                   1099   2099               RISE  1       
I__140/I                                   InMux                      0      2099               RISE  1       
I__140/O                                   InMux                      662    2762               RISE  1       
o_resp_pl_ready_obuf_RNO_LC_18_30_1/in0    LogicCell40_SEQ_MODE_0000  0      2762               RISE  1       
o_resp_pl_ready_obuf_RNO_LC_18_30_1/lcout  LogicCell40_SEQ_MODE_0000  1245   4007               RISE  1       
I__142/I                                   LocalMux                   0      4007               RISE  1       
I__142/O                                   LocalMux                   1099   5106               RISE  1       
I__143/I                                   IoInMux                    0      5106               RISE  1       
I__143/O                                   IoInMux                    662    5768               RISE  1       
o_resp_pl_ready_obuf_preio/DOUT0           PRE_IO_PIN_TYPE_011001     0      5768               RISE  1       
o_resp_pl_ready_obuf_preio/PADOUT          PRE_IO_PIN_TYPE_011001     768    6536               FALL  1       
o_resp_pl_ready_obuf_iopad/DIN             IO_PAD                     0      6536               FALL  1       
o_resp_pl_ready_obuf_iopad/PACKAGEPIN:out  IO_PAD                     2088   8624               FALL  1       
o_resp_pl_ready                            tx_mux                     0      8624               FALL  1       

6.3.11::Path details for port: o_send_pl_ready
--------------------------------------------------

++++ Path 1 ++++++++++++++++++++++++++++++++++++++++++++++++++++++++++

Output Port      : o_send_pl_ready
Input Port       : i_grant_sel
Pad to Pad Delay : 10492

Pad to Pad Path
pin name                                   model name                 delay  cummulative delay  edge  Fanout  
-----------------------------------------  -------------------------  -----  -----------------  ----  ------  
i_grant_sel                                tx_mux                     0      0                  RISE  1       
i_grant_sel_ibuf_iopad/PACKAGEPIN:in       IO_PAD                     0      0                  RISE  1       
i_grant_sel_ibuf_iopad/DOUT                IO_PAD                     510    510                RISE  1       
i_grant_sel_ibuf_preio/PADIN               PRE_IO_PIN_TYPE_000001     0      510                RISE  1       
i_grant_sel_ibuf_preio/DIN0                PRE_IO_PIN_TYPE_000001     490    1000               RISE  1       
I__115/I                                   Odrv4                      0      1000               RISE  1       
I__115/O                                   Odrv4                      596    1596               RISE  1       
I__117/I                                   IoSpan4Mux                 0      1596               RISE  1       
I__117/O                                   IoSpan4Mux                 622    2219               RISE  1       
I__119/I                                   Span4Mux_h                 0      2219               RISE  1       
I__119/O                                   Span4Mux_h                 517    2735               RISE  1       
I__122/I                                   Span4Mux_h                 0      2735               RISE  1       
I__122/O                                   Span4Mux_h                 517    3252               RISE  1       
I__127/I                                   LocalMux                   0      3252               RISE  1       
I__127/O                                   LocalMux                   1099   4351               RISE  1       
I__130/I                                   InMux                      0      4351               RISE  1       
I__130/O                                   InMux                      662    5013               RISE  1       
o_send_pl_ready_obuf_RNO_LC_18_30_5/in3    LogicCell40_SEQ_MODE_0000  0      5013               RISE  1       
o_send_pl_ready_obuf_RNO_LC_18_30_5/lcout  LogicCell40_SEQ_MODE_0000  861    5874               RISE  1       
I__113/I                                   LocalMux                   0      5874               RISE  1       
I__113/O                                   LocalMux                   1099   6973               RISE  1       
I__114/I                                   IoInMux                    0      6973               RISE  1       
I__114/O                                   IoInMux                    662    7636               RISE  1       
o_send_pl_ready_obuf_preio/DOUT0           PRE_IO_PIN_TYPE_011001     0      7636               RISE  1       
o_send_pl_ready_obuf_preio/PADOUT          PRE_IO_PIN_TYPE_011001     768    8404               FALL  1       
o_send_pl_ready_obuf_iopad/DIN             IO_PAD                     0      8404               FALL  1       
o_send_pl_ready_obuf_iopad/PACKAGEPIN:out  IO_PAD                     2088   10492              FALL  1       
o_send_pl_ready                            tx_mux                     0      10492              FALL  1       

++++ Path 2 ++++++++++++++++++++++++++++++++++++++++++++++++++++++++++

Output Port      : o_send_pl_ready
Input Port       : i_pl_ready
Pad to Pad Delay : 8624

Pad to Pad Path
pin name                                   model name                 delay  cummulative delay  edge  Fanout  
-----------------------------------------  -------------------------  -----  -----------------  ----  ------  
i_pl_ready                                 tx_mux                     0      0                  RISE  1       
i_pl_ready_ibuf_iopad/PACKAGEPIN:in        IO_PAD                     0      0                  RISE  1       
i_pl_ready_ibuf_iopad/DOUT                 IO_PAD                     510    510                RISE  1       
i_pl_ready_ibuf_preio/PADIN                PRE_IO_PIN_TYPE_000001     0      510                RISE  1       
i_pl_ready_ibuf_preio/DIN0                 PRE_IO_PIN_TYPE_000001     490    1000               RISE  1       
I__139/I                                   LocalMux                   0      1000               RISE  1       
I__139/O                                   LocalMux                   1099   2099               RISE  1       
I__141/I                                   InMux                      0      2099               RISE  1       
I__141/O                                   InMux                      662    2762               RISE  1       
o_send_pl_ready_obuf_RNO_LC_18_30_5/in0    LogicCell40_SEQ_MODE_0000  0      2762               RISE  1       
o_send_pl_ready_obuf_RNO_LC_18_30_5/lcout  LogicCell40_SEQ_MODE_0000  1245   4007               RISE  1       
I__113/I                                   LocalMux                   0      4007               RISE  1       
I__113/O                                   LocalMux                   1099   5106               RISE  1       
I__114/I                                   IoInMux                    0      5106               RISE  1       
I__114/O                                   IoInMux                    662    5768               RISE  1       
o_send_pl_ready_obuf_preio/DOUT0           PRE_IO_PIN_TYPE_011001     0      5768               RISE  1       
o_send_pl_ready_obuf_preio/PADOUT          PRE_IO_PIN_TYPE_011001     768    6536               FALL  1       
o_send_pl_ready_obuf_iopad/DIN             IO_PAD                     0      6536               FALL  1       
o_send_pl_ready_obuf_iopad/PACKAGEPIN:out  IO_PAD                     2088   8624               FALL  1       
o_send_pl_ready                            tx_mux                     0      8624               FALL  1       

6.6::Min PI to PO Path Details          
--------------------------------------------------

6.6.1::Path details for port: o_pl_byte[0]
--------------------------------------------------

++++ Path 1 ++++++++++++++++++++++++++++++++++++++++++++++++++++++++++

Output Port      : o_pl_byte[0]
Input Port       : i_send_pl_byte[0]
Pad to Pad Delay : 8387

Pad to Pad Path
pin name                                   model name                 delay  cummulative delay  edge  Fanout  
-----------------------------------------  -------------------------  -----  -----------------  ----  ------  
i_send_pl_byte[0]                          tx_mux                     0      0                  FALL  1       
i_send_pl_byte_ibuf_0_iopad/PACKAGEPIN:in  IO_PAD                     0      0                  FALL  1       
i_send_pl_byte_ibuf_0_iopad/DOUT           IO_PAD                     460    460                FALL  1       
i_send_pl_byte_ibuf_0_preio/PADIN          PRE_IO_PIN_TYPE_000001     0      460                FALL  1       
i_send_pl_byte_ibuf_0_preio/DIN0           PRE_IO_PIN_TYPE_000001     490    950                FALL  1       
I__75/I                                    LocalMux                   0      950                FALL  1       
I__75/O                                    LocalMux                   768    1718               FALL  1       
I__76/I                                    InMux                      0      1718               FALL  1       
I__76/O                                    InMux                      503    2222               FALL  1       
o_pl_byte_obuf_RNO_0_LC_18_1_0/in1         LogicCell40_SEQ_MODE_0000  0      2222               FALL  1       
o_pl_byte_obuf_RNO_0_LC_18_1_0/lcout       LogicCell40_SEQ_MODE_0000  1232   3453               FALL  1       
I__71/I                                    Odrv4                      0      3453               FALL  1       
I__71/O                                    Odrv4                      649    4102               FALL  1       
I__72/I                                    Span4Mux_s0_v              0      4102               FALL  1       
I__72/O                                    Span4Mux_s0_v              344    4447               FALL  1       
I__73/I                                    LocalMux                   0      4447               FALL  1       
I__73/O                                    LocalMux                   768    5215               FALL  1       
I__74/I                                    IoInMux                    0      5215               FALL  1       
I__74/O                                    IoInMux                    503    5718               FALL  1       
o_pl_byte_obuf_0_preio/DOUT0               PRE_IO_PIN_TYPE_011001     0      5718               FALL  1       
o_pl_byte_obuf_0_preio/PADOUT              PRE_IO_PIN_TYPE_011001     755    6473               RISE  1       
o_pl_byte_obuf_0_iopad/DIN                 IO_PAD                     0      6473               RISE  1       
o_pl_byte_obuf_0_iopad/PACKAGEPIN:out      IO_PAD                     1914   8387               RISE  1       
o_pl_byte[0]                               tx_mux                     0      8387               RISE  1       

++++ Path 2 ++++++++++++++++++++++++++++++++++++++++++++++++++++++++++

Output Port      : o_pl_byte[0]
Input Port       : i_resp_pl_byte[0]
Pad to Pad Delay : 11672

Pad to Pad Path
pin name                                   model name                 delay  cummulative delay  edge  Fanout  
-----------------------------------------  -------------------------  -----  -----------------  ----  ------  
i_resp_pl_byte[0]                          tx_mux                     0      0                  FALL  1       
i_resp_pl_byte_ibuf_0_iopad/PACKAGEPIN:in  IO_PAD                     0      0                  FALL  1       
i_resp_pl_byte_ibuf_0_iopad/DOUT           IO_PAD                     460    460                FALL  1       
i_resp_pl_byte_ibuf_0_preio/PADIN          PRE_IO_PIN_TYPE_000001     0      460                FALL  1       
i_resp_pl_byte_ibuf_0_preio/DIN0           PRE_IO_PIN_TYPE_000001     490    950                RISE  1       
I__77/I                                    Odrv12                     0      950                RISE  1       
I__77/O                                    Odrv12                     1073   2023               RISE  1       
I__78/I                                    Span12Mux_h                0      2023               RISE  1       
I__78/O                                    Span12Mux_h                1073   3096               RISE  1       
I__79/I                                    Sp12to4                    0      3096               RISE  1       
I__79/O                                    Sp12to4                    596    3692               RISE  1       
I__80/I                                    LocalMux                   0      3692               RISE  1       
I__80/O                                    LocalMux                   1099   4791               RISE  1       
I__81/I                                    InMux                      0      4791               RISE  1       
I__81/O                                    InMux                      662    5453               RISE  1       
o_pl_byte_obuf_RNO_0_LC_18_1_0/in0         LogicCell40_SEQ_MODE_0000  0      5453               RISE  1       
o_pl_byte_obuf_RNO_0_LC_18_1_0/lcout       LogicCell40_SEQ_MODE_0000  1285   6738               FALL  1       
I__71/I                                    Odrv4                      0      6738               FALL  1       
I__71/O                                    Odrv4                      649    7387               FALL  1       
I__72/I                                    Span4Mux_s0_v              0      7387               FALL  1       
I__72/O                                    Span4Mux_s0_v              344    7731               FALL  1       
I__73/I                                    LocalMux                   0      7731               FALL  1       
I__73/O                                    LocalMux                   768    8499               FALL  1       
I__74/I                                    IoInMux                    0      8499               FALL  1       
I__74/O                                    IoInMux                    503    9003               FALL  1       
o_pl_byte_obuf_0_preio/DOUT0               PRE_IO_PIN_TYPE_011001     0      9003               FALL  1       
o_pl_byte_obuf_0_preio/PADOUT              PRE_IO_PIN_TYPE_011001     755    9758               RISE  1       
o_pl_byte_obuf_0_iopad/DIN                 IO_PAD                     0      9758               RISE  1       
o_pl_byte_obuf_0_iopad/PACKAGEPIN:out      IO_PAD                     1914   11672              RISE  1       
o_pl_byte[0]                               tx_mux                     0      11672              RISE  1       

++++ Path 3 ++++++++++++++++++++++++++++++++++++++++++++++++++++++++++

Output Port      : o_pl_byte[0]
Input Port       : i_grant_sel
Pad to Pad Delay : 13473

Pad to Pad Path
pin name                               model name                 delay  cummulative delay  edge  Fanout  
-------------------------------------  -------------------------  -----  -----------------  ----  ------  
i_grant_sel                            tx_mux                     0      0                  FALL  1       
i_grant_sel_ibuf_iopad/PACKAGEPIN:in   IO_PAD                     0      0                  FALL  1       
i_grant_sel_ibuf_iopad/DOUT            IO_PAD                     460    460                FALL  1       
i_grant_sel_ibuf_preio/PADIN           PRE_IO_PIN_TYPE_000001     0      460                FALL  1       
i_grant_sel_ibuf_preio/DIN0            PRE_IO_PIN_TYPE_000001     490    950                RISE  1       
I__116/I                               Odrv12                     0      950                RISE  1       
I__116/O                               Odrv12                     1073   2023               RISE  1       
I__118/I                               Span12Mux_v                0      2023               RISE  1       
I__118/O                               Span12Mux_v                980    3003               RISE  1       
I__120/I                               Span12Mux_h                0      3003               RISE  1       
I__120/O                               Span12Mux_h                1073   4076               RISE  1       
I__123/I                               Span12Mux_s8_v             0      4076               RISE  1       
I__123/O                               Span12Mux_s8_v             715    4791               RISE  1       
I__128/I                               Sp12to4                    0      4791               RISE  1       
I__128/O                               Sp12to4                    596    5387               RISE  1       
I__131/I                               Span4Mux_h                 0      5387               RISE  1       
I__131/O                               Span4Mux_h                 517    5904               RISE  1       
I__132/I                               LocalMux                   0      5904               RISE  1       
I__132/O                               LocalMux                   1099   7003               RISE  1       
I__133/I                               InMux                      0      7003               RISE  1       
I__133/O                               InMux                      662    7665               RISE  1       
o_pl_byte_obuf_RNO_0_LC_18_1_0/in3     LogicCell40_SEQ_MODE_0000  0      7665               RISE  1       
o_pl_byte_obuf_RNO_0_LC_18_1_0/lcout   LogicCell40_SEQ_MODE_0000  874    8539               FALL  1       
I__71/I                                Odrv4                      0      8539               FALL  1       
I__71/O                                Odrv4                      649    9188               FALL  1       
I__72/I                                Span4Mux_s0_v              0      9188               FALL  1       
I__72/O                                Span4Mux_s0_v              344    9533               FALL  1       
I__73/I                                LocalMux                   0      9533               FALL  1       
I__73/O                                LocalMux                   768    10301              FALL  1       
I__74/I                                IoInMux                    0      10301              FALL  1       
I__74/O                                IoInMux                    503    10804              FALL  1       
o_pl_byte_obuf_0_preio/DOUT0           PRE_IO_PIN_TYPE_011001     0      10804              FALL  1       
o_pl_byte_obuf_0_preio/PADOUT          PRE_IO_PIN_TYPE_011001     755    11559              RISE  1       
o_pl_byte_obuf_0_iopad/DIN             IO_PAD                     0      11559              RISE  1       
o_pl_byte_obuf_0_iopad/PACKAGEPIN:out  IO_PAD                     1914   13473              RISE  1       
o_pl_byte[0]                           tx_mux                     0      13473              RISE  1       

6.6.2::Path details for port: o_pl_byte[1]
--------------------------------------------------

++++ Path 1 ++++++++++++++++++++++++++++++++++++++++++++++++++++++++++

Output Port      : o_pl_byte[1]
Input Port       : i_send_pl_byte[1]
Pad to Pad Delay : 8824

Pad to Pad Path
pin name                                   model name                 delay  cummulative delay  edge  Fanout  
-----------------------------------------  -------------------------  -----  -----------------  ----  ------  
i_send_pl_byte[1]                          tx_mux                     0      0                  FALL  1       
i_send_pl_byte_ibuf_1_iopad/PACKAGEPIN:in  IO_PAD                     0      0                  FALL  1       
i_send_pl_byte_ibuf_1_iopad/DOUT           IO_PAD                     460    460                FALL  1       
i_send_pl_byte_ibuf_1_preio/PADIN          PRE_IO_PIN_TYPE_000001     0      460                FALL  1       
i_send_pl_byte_ibuf_1_preio/DIN0           PRE_IO_PIN_TYPE_000001     490    950                FALL  1       
I__53/I                                    LocalMux                   0      950                FALL  1       
I__53/O                                    LocalMux                   768    1718               FALL  1       
I__54/I                                    InMux                      0      1718               FALL  1       
I__54/O                                    InMux                      503    2222               FALL  1       
o_pl_byte_obuf_RNO_1_LC_18_1_3/in1         LogicCell40_SEQ_MODE_0000  0      2222               FALL  1       
o_pl_byte_obuf_RNO_1_LC_18_1_3/lcout       LogicCell40_SEQ_MODE_0000  1232   3453               FALL  1       
I__45/I                                    Odrv12                     0      3453               FALL  1       
I__45/O                                    Odrv12                     1232   4685               FALL  1       
I__46/I                                    Span12Mux_s0_v             0      4685               FALL  1       
I__46/O                                    Span12Mux_s0_v             199    4884               FALL  1       
I__47/I                                    LocalMux                   0      4884               FALL  1       
I__47/O                                    LocalMux                   768    5652               FALL  1       
I__48/I                                    IoInMux                    0      5652               FALL  1       
I__48/O                                    IoInMux                    503    6155               FALL  1       
o_pl_byte_obuf_1_preio/DOUT0               PRE_IO_PIN_TYPE_011001     0      6155               FALL  1       
o_pl_byte_obuf_1_preio/PADOUT              PRE_IO_PIN_TYPE_011001     755    6910               RISE  1       
o_pl_byte_obuf_1_iopad/DIN                 IO_PAD                     0      6910               RISE  1       
o_pl_byte_obuf_1_iopad/PACKAGEPIN:out      IO_PAD                     1914   8824               RISE  1       
o_pl_byte[1]                               tx_mux                     0      8824               RISE  1       

++++ Path 2 ++++++++++++++++++++++++++++++++++++++++++++++++++++++++++

Output Port      : o_pl_byte[1]
Input Port       : i_resp_pl_byte[1]
Pad to Pad Delay : 10930

Pad to Pad Path
pin name                                   model name                 delay  cummulative delay  edge  Fanout  
-----------------------------------------  -------------------------  -----  -----------------  ----  ------  
i_resp_pl_byte[1]                          tx_mux                     0      0                  FALL  1       
i_resp_pl_byte_ibuf_1_iopad/PACKAGEPIN:in  IO_PAD                     0      0                  FALL  1       
i_resp_pl_byte_ibuf_1_iopad/DOUT           IO_PAD                     460    460                FALL  1       
i_resp_pl_byte_ibuf_1_preio/PADIN          PRE_IO_PIN_TYPE_000001     0      460                FALL  1       
i_resp_pl_byte_ibuf_1_preio/DIN0           PRE_IO_PIN_TYPE_000001     490    950                FALL  1       
I__49/I                                    Odrv12                     0      950                FALL  1       
I__49/O                                    Odrv12                     1232   2182               FALL  1       
I__50/I                                    Span12Mux_h                0      2182               FALL  1       
I__50/O                                    Span12Mux_h                1232   3414               FALL  1       
I__51/I                                    LocalMux                   0      3414               FALL  1       
I__51/O                                    LocalMux                   768    4182               FALL  1       
I__52/I                                    InMux                      0      4182               FALL  1       
I__52/O                                    InMux                      503    4685               FALL  1       
o_pl_byte_obuf_RNO_1_LC_18_1_3/in3         LogicCell40_SEQ_MODE_0000  0      4685               FALL  1       
o_pl_byte_obuf_RNO_1_LC_18_1_3/lcout       LogicCell40_SEQ_MODE_0000  874    5559               FALL  1       
I__45/I                                    Odrv12                     0      5559               FALL  1       
I__45/O                                    Odrv12                     1232   6791               FALL  1       
I__46/I                                    Span12Mux_s0_v             0      6791               FALL  1       
I__46/O                                    Span12Mux_s0_v             199    6990               FALL  1       
I__47/I                                    LocalMux                   0      6990               FALL  1       
I__47/O                                    LocalMux                   768    7758               FALL  1       
I__48/I                                    IoInMux                    0      7758               FALL  1       
I__48/O                                    IoInMux                    503    8261               FALL  1       
o_pl_byte_obuf_1_preio/DOUT0               PRE_IO_PIN_TYPE_011001     0      8261               FALL  1       
o_pl_byte_obuf_1_preio/PADOUT              PRE_IO_PIN_TYPE_011001     755    9016               RISE  1       
o_pl_byte_obuf_1_iopad/DIN                 IO_PAD                     0      9016               RISE  1       
o_pl_byte_obuf_1_iopad/PACKAGEPIN:out      IO_PAD                     1914   10930              RISE  1       
o_pl_byte[1]                               tx_mux                     0      10930              RISE  1       

++++ Path 3 ++++++++++++++++++++++++++++++++++++++++++++++++++++++++++

Output Port      : o_pl_byte[1]
Input Port       : i_grant_sel
Pad to Pad Delay : 14321

Pad to Pad Path
pin name                               model name                 delay  cummulative delay  edge  Fanout  
-------------------------------------  -------------------------  -----  -----------------  ----  ------  
i_grant_sel                            tx_mux                     0      0                  FALL  1       
i_grant_sel_ibuf_iopad/PACKAGEPIN:in   IO_PAD                     0      0                  FALL  1       
i_grant_sel_ibuf_iopad/DOUT            IO_PAD                     460    460                FALL  1       
i_grant_sel_ibuf_preio/PADIN           PRE_IO_PIN_TYPE_000001     0      460                FALL  1       
i_grant_sel_ibuf_preio/DIN0            PRE_IO_PIN_TYPE_000001     490    950                RISE  1       
I__116/I                               Odrv12                     0      950                RISE  1       
I__116/O                               Odrv12                     1073   2023               RISE  1       
I__118/I                               Span12Mux_v                0      2023               RISE  1       
I__118/O                               Span12Mux_v                980    3003               RISE  1       
I__120/I                               Span12Mux_h                0      3003               RISE  1       
I__120/O                               Span12Mux_h                1073   4076               RISE  1       
I__123/I                               Span12Mux_s8_v             0      4076               RISE  1       
I__123/O                               Span12Mux_s8_v             715    4791               RISE  1       
I__128/I                               Sp12to4                    0      4791               RISE  1       
I__128/O                               Sp12to4                    596    5387               RISE  1       
I__131/I                               Span4Mux_h                 0      5387               RISE  1       
I__131/O                               Span4Mux_h                 517    5904               RISE  1       
I__132/I                               LocalMux                   0      5904               RISE  1       
I__132/O                               LocalMux                   1099   7003               RISE  1       
I__134/I                               InMux                      0      7003               RISE  1       
I__134/O                               InMux                      662    7665               RISE  1       
o_pl_byte_obuf_RNO_1_LC_18_1_3/in0     LogicCell40_SEQ_MODE_0000  0      7665               RISE  1       
o_pl_byte_obuf_RNO_1_LC_18_1_3/lcout   LogicCell40_SEQ_MODE_0000  1285   8950               FALL  1       
I__45/I                                Odrv12                     0      8950               FALL  1       
I__45/O                                Odrv12                     1232   10181              FALL  1       
I__46/I                                Span12Mux_s0_v             0      10181              FALL  1       
I__46/O                                Span12Mux_s0_v             199    10380              FALL  1       
I__47/I                                LocalMux                   0      10380              FALL  1       
I__47/O                                LocalMux                   768    11148              FALL  1       
I__48/I                                IoInMux                    0      11148              FALL  1       
I__48/O                                IoInMux                    503    11652              FALL  1       
o_pl_byte_obuf_1_preio/DOUT0           PRE_IO_PIN_TYPE_011001     0      11652              FALL  1       
o_pl_byte_obuf_1_preio/PADOUT          PRE_IO_PIN_TYPE_011001     755    12407              RISE  1       
o_pl_byte_obuf_1_iopad/DIN             IO_PAD                     0      12407              RISE  1       
o_pl_byte_obuf_1_iopad/PACKAGEPIN:out  IO_PAD                     1914   14321              RISE  1       
o_pl_byte[1]                           tx_mux                     0      14321              RISE  1       

6.6.3::Path details for port: o_pl_byte[2]
--------------------------------------------------

++++ Path 1 ++++++++++++++++++++++++++++++++++++++++++++++++++++++++++

Output Port      : o_pl_byte[2]
Input Port       : i_send_pl_byte[2]
Pad to Pad Delay : 9870

Pad to Pad Path
pin name                                   model name                 delay  cummulative delay  edge  Fanout  
-----------------------------------------  -------------------------  -----  -----------------  ----  ------  
i_send_pl_byte[2]                          tx_mux                     0      0                  FALL  1       
i_send_pl_byte_ibuf_2_iopad/PACKAGEPIN:in  IO_PAD                     0      0                  FALL  1       
i_send_pl_byte_ibuf_2_iopad/DOUT           IO_PAD                     460    460                FALL  1       
i_send_pl_byte_ibuf_2_preio/PADIN          PRE_IO_PIN_TYPE_000001     0      460                FALL  1       
i_send_pl_byte_ibuf_2_preio/DIN0           PRE_IO_PIN_TYPE_000001     490    950                FALL  1       
I__178/I                                   LocalMux                   0      950                FALL  1       
I__178/O                                   LocalMux                   768    1718               FALL  1       
I__179/I                                   InMux                      0      1718               FALL  1       
I__179/O                                   InMux                      503    2222               FALL  1       
o_pl_byte_obuf_RNO_2_LC_18_1_4/in0         LogicCell40_SEQ_MODE_0000  0      2222               FALL  1       
o_pl_byte_obuf_RNO_2_LC_18_1_4/lcout       LogicCell40_SEQ_MODE_0000  1285   3506               FALL  1       
I__167/I                                   Odrv12                     0      3506               FALL  1       
I__167/O                                   Odrv12                     1232   4738               FALL  1       
I__168/I                                   Sp12to4                    0      4738               FALL  1       
I__168/O                                   Sp12to4                    848    5586               FALL  1       
I__169/I                                   Span4Mux_s0_v              0      5586               FALL  1       
I__169/O                                   Span4Mux_s0_v              344    5930               FALL  1       
I__170/I                                   LocalMux                   0      5930               FALL  1       
I__170/O                                   LocalMux                   768    6698               FALL  1       
I__171/I                                   IoInMux                    0      6698               FALL  1       
I__171/O                                   IoInMux                    503    7201               FALL  1       
o_pl_byte_obuf_2_preio/DOUT0               PRE_IO_PIN_TYPE_011001     0      7201               FALL  1       
o_pl_byte_obuf_2_preio/PADOUT              PRE_IO_PIN_TYPE_011001     755    7956               RISE  1       
o_pl_byte_obuf_2_iopad/DIN                 IO_PAD                     0      7956               RISE  1       
o_pl_byte_obuf_2_iopad/PACKAGEPIN:out      IO_PAD                     1914   9870               RISE  1       
o_pl_byte[2]                               tx_mux                     0      9870               RISE  1       

++++ Path 2 ++++++++++++++++++++++++++++++++++++++++++++++++++++++++++

Output Port      : o_pl_byte[2]
Input Port       : i_resp_pl_byte[2]
Pad to Pad Delay : 13486

Pad to Pad Path
pin name                                   model name                 delay  cummulative delay  edge  Fanout  
-----------------------------------------  -------------------------  -----  -----------------  ----  ------  
i_resp_pl_byte[2]                          tx_mux                     0      0                  FALL  1       
i_resp_pl_byte_ibuf_2_iopad/PACKAGEPIN:in  IO_PAD                     0      0                  FALL  1       
i_resp_pl_byte_ibuf_2_iopad/DOUT           IO_PAD                     460    460                FALL  1       
i_resp_pl_byte_ibuf_2_preio/PADIN          PRE_IO_PIN_TYPE_000001     0      460                FALL  1       
i_resp_pl_byte_ibuf_2_preio/DIN0           PRE_IO_PIN_TYPE_000001     490    950                RISE  1       
I__172/I                                   Odrv12                     0      950                RISE  1       
I__172/O                                   Odrv12                     1073   2023               RISE  1       
I__173/I                                   Span12Mux_h                0      2023               RISE  1       
I__173/O                                   Span12Mux_h                1073   3096               RISE  1       
I__174/I                                   Sp12to4                    0      3096               RISE  1       
I__174/O                                   Sp12to4                    596    3692               RISE  1       
I__175/I                                   Span4Mux_s2_v              0      3692               RISE  1       
I__175/O                                   Span4Mux_s2_v              437    4129               RISE  1       
I__176/I                                   LocalMux                   0      4129               RISE  1       
I__176/O                                   LocalMux                   1099   5228               RISE  1       
I__177/I                                   InMux                      0      5228               RISE  1       
I__177/O                                   InMux                      662    5890               RISE  1       
o_pl_byte_obuf_RNO_2_LC_18_1_4/in1         LogicCell40_SEQ_MODE_0000  0      5890               RISE  1       
o_pl_byte_obuf_RNO_2_LC_18_1_4/lcout       LogicCell40_SEQ_MODE_0000  1232   7122               FALL  1       
I__167/I                                   Odrv12                     0      7122               FALL  1       
I__167/O                                   Odrv12                     1232   8354               FALL  1       
I__168/I                                   Sp12to4                    0      8354               FALL  1       
I__168/O                                   Sp12to4                    848    9201               FALL  1       
I__169/I                                   Span4Mux_s0_v              0      9201               FALL  1       
I__169/O                                   Span4Mux_s0_v              344    9546               FALL  1       
I__170/I                                   LocalMux                   0      9546               FALL  1       
I__170/O                                   LocalMux                   768    10314              FALL  1       
I__171/I                                   IoInMux                    0      10314              FALL  1       
I__171/O                                   IoInMux                    503    10817              FALL  1       
o_pl_byte_obuf_2_preio/DOUT0               PRE_IO_PIN_TYPE_011001     0      10817              FALL  1       
o_pl_byte_obuf_2_preio/PADOUT              PRE_IO_PIN_TYPE_011001     755    11572              RISE  1       
o_pl_byte_obuf_2_iopad/DIN                 IO_PAD                     0      11572              RISE  1       
o_pl_byte_obuf_2_iopad/PACKAGEPIN:out      IO_PAD                     1914   13486              RISE  1       
o_pl_byte[2]                               tx_mux                     0      13486              RISE  1       

++++ Path 3 ++++++++++++++++++++++++++++++++++++++++++++++++++++++++++

Output Port      : o_pl_byte[2]
Input Port       : i_grant_sel
Pad to Pad Delay : 14903

Pad to Pad Path
pin name                               model name                 delay  cummulative delay  edge  Fanout  
-------------------------------------  -------------------------  -----  -----------------  ----  ------  
i_grant_sel                            tx_mux                     0      0                  FALL  1       
i_grant_sel_ibuf_iopad/PACKAGEPIN:in   IO_PAD                     0      0                  FALL  1       
i_grant_sel_ibuf_iopad/DOUT            IO_PAD                     460    460                FALL  1       
i_grant_sel_ibuf_preio/PADIN           PRE_IO_PIN_TYPE_000001     0      460                FALL  1       
i_grant_sel_ibuf_preio/DIN0            PRE_IO_PIN_TYPE_000001     490    950                RISE  1       
I__116/I                               Odrv12                     0      950                RISE  1       
I__116/O                               Odrv12                     1073   2023               RISE  1       
I__118/I                               Span12Mux_v                0      2023               RISE  1       
I__118/O                               Span12Mux_v                980    3003               RISE  1       
I__120/I                               Span12Mux_h                0      3003               RISE  1       
I__120/O                               Span12Mux_h                1073   4076               RISE  1       
I__123/I                               Span12Mux_s8_v             0      4076               RISE  1       
I__123/O                               Span12Mux_s8_v             715    4791               RISE  1       
I__128/I                               Sp12to4                    0      4791               RISE  1       
I__128/O                               Sp12to4                    596    5387               RISE  1       
I__131/I                               Span4Mux_h                 0      5387               RISE  1       
I__131/O                               Span4Mux_h                 517    5904               RISE  1       
I__132/I                               LocalMux                   0      5904               RISE  1       
I__132/O                               LocalMux                   1099   7003               RISE  1       
I__135/I                               InMux                      0      7003               RISE  1       
I__135/O                               InMux                      662    7665               RISE  1       
o_pl_byte_obuf_RNO_2_LC_18_1_4/in3     LogicCell40_SEQ_MODE_0000  0      7665               RISE  1       
o_pl_byte_obuf_RNO_2_LC_18_1_4/lcout   LogicCell40_SEQ_MODE_0000  874    8539               FALL  1       
I__167/I                               Odrv12                     0      8539               FALL  1       
I__167/O                               Odrv12                     1232   9771               FALL  1       
I__168/I                               Sp12to4                    0      9771               FALL  1       
I__168/O                               Sp12to4                    848    10619              FALL  1       
I__169/I                               Span4Mux_s0_v              0      10619              FALL  1       
I__169/O                               Span4Mux_s0_v              344    10963              FALL  1       
I__170/I                               LocalMux                   0      10963              FALL  1       
I__170/O                               LocalMux                   768    11731              FALL  1       
I__171/I                               IoInMux                    0      11731              FALL  1       
I__171/O                               IoInMux                    503    12234              FALL  1       
o_pl_byte_obuf_2_preio/DOUT0           PRE_IO_PIN_TYPE_011001     0      12234              FALL  1       
o_pl_byte_obuf_2_preio/PADOUT          PRE_IO_PIN_TYPE_011001     755    12989              RISE  1       
o_pl_byte_obuf_2_iopad/DIN             IO_PAD                     0      12989              RISE  1       
o_pl_byte_obuf_2_iopad/PACKAGEPIN:out  IO_PAD                     1914   14903              RISE  1       
o_pl_byte[2]                           tx_mux                     0      14903              RISE  1       

6.6.4::Path details for port: o_pl_byte[3]
--------------------------------------------------

++++ Path 1 ++++++++++++++++++++++++++++++++++++++++++++++++++++++++++

Output Port      : o_pl_byte[3]
Input Port       : i_send_pl_byte[3]
Pad to Pad Delay : 8930

Pad to Pad Path
pin name                                   model name                 delay  cummulative delay  edge  Fanout  
-----------------------------------------  -------------------------  -----  -----------------  ----  ------  
i_send_pl_byte[3]                          tx_mux                     0      0                  FALL  1       
i_send_pl_byte_ibuf_3_iopad/PACKAGEPIN:in  IO_PAD                     0      0                  FALL  1       
i_send_pl_byte_ibuf_3_iopad/DOUT           IO_PAD                     460    460                FALL  1       
i_send_pl_byte_ibuf_3_preio/PADIN          PRE_IO_PIN_TYPE_000001     0      460                FALL  1       
i_send_pl_byte_ibuf_3_preio/DIN0           PRE_IO_PIN_TYPE_000001     490    950                FALL  1       
I__165/I                                   LocalMux                   0      950                FALL  1       
I__165/O                                   LocalMux                   768    1718               FALL  1       
I__166/I                                   InMux                      0      1718               FALL  1       
I__166/O                                   InMux                      503    2222               FALL  1       
o_pl_byte_obuf_RNO_3_LC_18_1_5/in1         LogicCell40_SEQ_MODE_0000  0      2222               FALL  1       
o_pl_byte_obuf_RNO_3_LC_18_1_5/lcout       LogicCell40_SEQ_MODE_0000  1232   3453               FALL  1       
I__155/I                                   Odrv4                      0      3453               FALL  1       
I__155/O                                   Odrv4                      649    4102               FALL  1       
I__156/I                                   Span4Mux_h                 0      4102               FALL  1       
I__156/O                                   Span4Mux_h                 543    4645               FALL  1       
I__157/I                                   Span4Mux_s0_v              0      4645               FALL  1       
I__157/O                                   Span4Mux_s0_v              344    4990               FALL  1       
I__158/I                                   LocalMux                   0      4990               FALL  1       
I__158/O                                   LocalMux                   768    5758               FALL  1       
I__159/I                                   IoInMux                    0      5758               FALL  1       
I__159/O                                   IoInMux                    503    6261               FALL  1       
o_pl_byte_obuf_3_preio/DOUT0               PRE_IO_PIN_TYPE_011001     0      6261               FALL  1       
o_pl_byte_obuf_3_preio/PADOUT              PRE_IO_PIN_TYPE_011001     755    7016               RISE  1       
o_pl_byte_obuf_3_iopad/DIN                 IO_PAD                     0      7016               RISE  1       
o_pl_byte_obuf_3_iopad/PACKAGEPIN:out      IO_PAD                     1914   8930               RISE  1       
o_pl_byte[3]                               tx_mux                     0      8930               RISE  1       

++++ Path 2 ++++++++++++++++++++++++++++++++++++++++++++++++++++++++++

Output Port      : o_pl_byte[3]
Input Port       : i_resp_pl_byte[3]
Pad to Pad Delay : 10307

Pad to Pad Path
pin name                                   model name                 delay  cummulative delay  edge  Fanout  
-----------------------------------------  -------------------------  -----  -----------------  ----  ------  
i_resp_pl_byte[3]                          tx_mux                     0      0                  FALL  1       
i_resp_pl_byte_ibuf_3_iopad/PACKAGEPIN:in  IO_PAD                     0      0                  FALL  1       
i_resp_pl_byte_ibuf_3_iopad/DOUT           IO_PAD                     460    460                FALL  1       
i_resp_pl_byte_ibuf_3_preio/PADIN          PRE_IO_PIN_TYPE_000001     0      460                FALL  1       
i_resp_pl_byte_ibuf_3_preio/DIN0           PRE_IO_PIN_TYPE_000001     490    950                FALL  1       
I__160/I                                   Odrv4                      0      950                FALL  1       
I__160/O                                   Odrv4                      649    1599               FALL  1       
I__161/I                                   Span4Mux_h                 0      1599               FALL  1       
I__161/O                                   Span4Mux_h                 543    2142               FALL  1       
I__162/I                                   Span4Mux_h                 0      2142               FALL  1       
I__162/O                                   Span4Mux_h                 543    2685               FALL  1       
I__163/I                                   LocalMux                   0      2685               FALL  1       
I__163/O                                   LocalMux                   768    3453               FALL  1       
I__164/I                                   InMux                      0      3453               FALL  1       
I__164/O                                   InMux                      503    3957               FALL  1       
o_pl_byte_obuf_RNO_3_LC_18_1_5/in3         LogicCell40_SEQ_MODE_0000  0      3957               FALL  1       
o_pl_byte_obuf_RNO_3_LC_18_1_5/lcout       LogicCell40_SEQ_MODE_0000  874    4831               FALL  1       
I__155/I                                   Odrv4                      0      4831               FALL  1       
I__155/O                                   Odrv4                      649    5480               FALL  1       
I__156/I                                   Span4Mux_h                 0      5480               FALL  1       
I__156/O                                   Span4Mux_h                 543    6023               FALL  1       
I__157/I                                   Span4Mux_s0_v              0      6023               FALL  1       
I__157/O                                   Span4Mux_s0_v              344    6367               FALL  1       
I__158/I                                   LocalMux                   0      6367               FALL  1       
I__158/O                                   LocalMux                   768    7135               FALL  1       
I__159/I                                   IoInMux                    0      7135               FALL  1       
I__159/O                                   IoInMux                    503    7639               FALL  1       
o_pl_byte_obuf_3_preio/DOUT0               PRE_IO_PIN_TYPE_011001     0      7639               FALL  1       
o_pl_byte_obuf_3_preio/PADOUT              PRE_IO_PIN_TYPE_011001     755    8393               RISE  1       
o_pl_byte_obuf_3_iopad/DIN                 IO_PAD                     0      8393               RISE  1       
o_pl_byte_obuf_3_iopad/PACKAGEPIN:out      IO_PAD                     1914   10307              RISE  1       
o_pl_byte[3]                               tx_mux                     0      10307              RISE  1       

++++ Path 3 ++++++++++++++++++++++++++++++++++++++++++++++++++++++++++

Output Port      : o_pl_byte[3]
Input Port       : i_grant_sel
Pad to Pad Delay : 14427

Pad to Pad Path
pin name                               model name                 delay  cummulative delay  edge  Fanout  
-------------------------------------  -------------------------  -----  -----------------  ----  ------  
i_grant_sel                            tx_mux                     0      0                  FALL  1       
i_grant_sel_ibuf_iopad/PACKAGEPIN:in   IO_PAD                     0      0                  FALL  1       
i_grant_sel_ibuf_iopad/DOUT            IO_PAD                     460    460                FALL  1       
i_grant_sel_ibuf_preio/PADIN           PRE_IO_PIN_TYPE_000001     0      460                FALL  1       
i_grant_sel_ibuf_preio/DIN0            PRE_IO_PIN_TYPE_000001     490    950                RISE  1       
I__116/I                               Odrv12                     0      950                RISE  1       
I__116/O                               Odrv12                     1073   2023               RISE  1       
I__118/I                               Span12Mux_v                0      2023               RISE  1       
I__118/O                               Span12Mux_v                980    3003               RISE  1       
I__120/I                               Span12Mux_h                0      3003               RISE  1       
I__120/O                               Span12Mux_h                1073   4076               RISE  1       
I__123/I                               Span12Mux_s8_v             0      4076               RISE  1       
I__123/O                               Span12Mux_s8_v             715    4791               RISE  1       
I__128/I                               Sp12to4                    0      4791               RISE  1       
I__128/O                               Sp12to4                    596    5387               RISE  1       
I__131/I                               Span4Mux_h                 0      5387               RISE  1       
I__131/O                               Span4Mux_h                 517    5904               RISE  1       
I__132/I                               LocalMux                   0      5904               RISE  1       
I__132/O                               LocalMux                   1099   7003               RISE  1       
I__136/I                               InMux                      0      7003               RISE  1       
I__136/O                               InMux                      662    7665               RISE  1       
o_pl_byte_obuf_RNO_3_LC_18_1_5/in0     LogicCell40_SEQ_MODE_0000  0      7665               RISE  1       
o_pl_byte_obuf_RNO_3_LC_18_1_5/lcout   LogicCell40_SEQ_MODE_0000  1285   8950               FALL  1       
I__155/I                               Odrv4                      0      8950               FALL  1       
I__155/O                               Odrv4                      649    9599               FALL  1       
I__156/I                               Span4Mux_h                 0      9599               FALL  1       
I__156/O                               Span4Mux_h                 543    10142              FALL  1       
I__157/I                               Span4Mux_s0_v              0      10142              FALL  1       
I__157/O                               Span4Mux_s0_v              344    10486              FALL  1       
I__158/I                               LocalMux                   0      10486              FALL  1       
I__158/O                               LocalMux                   768    11254              FALL  1       
I__159/I                               IoInMux                    0      11254              FALL  1       
I__159/O                               IoInMux                    503    11758              FALL  1       
o_pl_byte_obuf_3_preio/DOUT0           PRE_IO_PIN_TYPE_011001     0      11758              FALL  1       
o_pl_byte_obuf_3_preio/PADOUT          PRE_IO_PIN_TYPE_011001     755    12513              RISE  1       
o_pl_byte_obuf_3_iopad/DIN             IO_PAD                     0      12513              RISE  1       
o_pl_byte_obuf_3_iopad/PACKAGEPIN:out  IO_PAD                     1914   14427              RISE  1       
o_pl_byte[3]                           tx_mux                     0      14427              RISE  1       

6.6.5::Path details for port: o_pl_byte[4]
--------------------------------------------------

++++ Path 1 ++++++++++++++++++++++++++++++++++++++++++++++++++++++++++

Output Port      : o_pl_byte[4]
Input Port       : i_send_pl_byte[4]
Pad to Pad Delay : 9129

Pad to Pad Path
pin name                                   model name                 delay  cummulative delay  edge  Fanout  
-----------------------------------------  -------------------------  -----  -----------------  ----  ------  
i_send_pl_byte[4]                          tx_mux                     0      0                  FALL  1       
i_send_pl_byte_ibuf_4_iopad/PACKAGEPIN:in  IO_PAD                     0      0                  FALL  1       
i_send_pl_byte_ibuf_4_iopad/DOUT           IO_PAD                     460    460                FALL  1       
i_send_pl_byte_ibuf_4_preio/PADIN          PRE_IO_PIN_TYPE_000001     0      460                FALL  1       
i_send_pl_byte_ibuf_4_preio/DIN0           PRE_IO_PIN_TYPE_000001     490    950                FALL  1       
I__149/I                                   LocalMux                   0      950                FALL  1       
I__149/O                                   LocalMux                   768    1718               FALL  1       
I__150/I                                   InMux                      0      1718               FALL  1       
I__150/O                                   InMux                      503    2222               FALL  1       
o_pl_byte_obuf_RNO_4_LC_18_1_6/in1         LogicCell40_SEQ_MODE_0000  0      2222               FALL  1       
o_pl_byte_obuf_RNO_4_LC_18_1_6/lcout       LogicCell40_SEQ_MODE_0000  1232   3453               FALL  1       
I__144/I                                   Odrv4                      0      3453               FALL  1       
I__144/O                                   Odrv4                      649    4102               FALL  1       
I__145/I                                   Span4Mux_s0_v              0      4102               FALL  1       
I__145/O                                   Span4Mux_s0_v              344    4447               FALL  1       
I__146/I                                   IoSpan4Mux                 0      4447               FALL  1       
I__146/O                                   IoSpan4Mux                 742    5188               FALL  1       
I__147/I                                   LocalMux                   0      5188               FALL  1       
I__147/O                                   LocalMux                   768    5956               FALL  1       
I__148/I                                   IoInMux                    0      5956               FALL  1       
I__148/O                                   IoInMux                    503    6460               FALL  1       
o_pl_byte_obuf_4_preio/DOUT0               PRE_IO_PIN_TYPE_011001     0      6460               FALL  1       
o_pl_byte_obuf_4_preio/PADOUT              PRE_IO_PIN_TYPE_011001     755    7215               RISE  1       
o_pl_byte_obuf_4_iopad/DIN                 IO_PAD                     0      7215               RISE  1       
o_pl_byte_obuf_4_iopad/PACKAGEPIN:out      IO_PAD                     1914   9129               RISE  1       
o_pl_byte[4]                               tx_mux                     0      9129               RISE  1       

++++ Path 2 ++++++++++++++++++++++++++++++++++++++++++++++++++++++++++

Output Port      : o_pl_byte[4]
Input Port       : i_resp_pl_byte[4]
Pad to Pad Delay : 10374

Pad to Pad Path
pin name                                   model name                 delay  cummulative delay  edge  Fanout  
-----------------------------------------  -------------------------  -----  -----------------  ----  ------  
i_resp_pl_byte[4]                          tx_mux                     0      0                  FALL  1       
i_resp_pl_byte_ibuf_4_iopad/PACKAGEPIN:in  IO_PAD                     0      0                  FALL  1       
i_resp_pl_byte_ibuf_4_iopad/DOUT           IO_PAD                     460    460                FALL  1       
i_resp_pl_byte_ibuf_4_preio/PADIN          PRE_IO_PIN_TYPE_000001     0      460                FALL  1       
i_resp_pl_byte_ibuf_4_preio/DIN0           PRE_IO_PIN_TYPE_000001     490    950                FALL  1       
I__151/I                                   Odrv4                      0      950                FALL  1       
I__151/O                                   Odrv4                      649    1599               FALL  1       
I__152/I                                   Span4Mux_h                 0      1599               FALL  1       
I__152/O                                   Span4Mux_h                 543    2142               FALL  1       
I__153/I                                   LocalMux                   0      2142               FALL  1       
I__153/O                                   LocalMux                   768    2910               FALL  1       
I__154/I                                   InMux                      0      2910               FALL  1       
I__154/O                                   InMux                      503    3414               FALL  1       
o_pl_byte_obuf_RNO_4_LC_18_1_6/in0         LogicCell40_SEQ_MODE_0000  0      3414               FALL  1       
o_pl_byte_obuf_RNO_4_LC_18_1_6/lcout       LogicCell40_SEQ_MODE_0000  1285   4698               FALL  1       
I__144/I                                   Odrv4                      0      4698               FALL  1       
I__144/O                                   Odrv4                      649    5347               FALL  1       
I__145/I                                   Span4Mux_s0_v              0      5347               FALL  1       
I__145/O                                   Span4Mux_s0_v              344    5692               FALL  1       
I__146/I                                   IoSpan4Mux                 0      5692               FALL  1       
I__146/O                                   IoSpan4Mux                 742    6433               FALL  1       
I__147/I                                   LocalMux                   0      6433               FALL  1       
I__147/O                                   LocalMux                   768    7201               FALL  1       
I__148/I                                   IoInMux                    0      7201               FALL  1       
I__148/O                                   IoInMux                    503    7705               FALL  1       
o_pl_byte_obuf_4_preio/DOUT0               PRE_IO_PIN_TYPE_011001     0      7705               FALL  1       
o_pl_byte_obuf_4_preio/PADOUT              PRE_IO_PIN_TYPE_011001     755    8460               RISE  1       
o_pl_byte_obuf_4_iopad/DIN                 IO_PAD                     0      8460               RISE  1       
o_pl_byte_obuf_4_iopad/PACKAGEPIN:out      IO_PAD                     1914   10374              RISE  1       
o_pl_byte[4]                               tx_mux                     0      10374              RISE  1       

++++ Path 3 ++++++++++++++++++++++++++++++++++++++++++++++++++++++++++

Output Port      : o_pl_byte[4]
Input Port       : i_grant_sel
Pad to Pad Delay : 14215

Pad to Pad Path
pin name                               model name                 delay  cummulative delay  edge  Fanout  
-------------------------------------  -------------------------  -----  -----------------  ----  ------  
i_grant_sel                            tx_mux                     0      0                  FALL  1       
i_grant_sel_ibuf_iopad/PACKAGEPIN:in   IO_PAD                     0      0                  FALL  1       
i_grant_sel_ibuf_iopad/DOUT            IO_PAD                     460    460                FALL  1       
i_grant_sel_ibuf_preio/PADIN           PRE_IO_PIN_TYPE_000001     0      460                FALL  1       
i_grant_sel_ibuf_preio/DIN0            PRE_IO_PIN_TYPE_000001     490    950                RISE  1       
I__116/I                               Odrv12                     0      950                RISE  1       
I__116/O                               Odrv12                     1073   2023               RISE  1       
I__118/I                               Span12Mux_v                0      2023               RISE  1       
I__118/O                               Span12Mux_v                980    3003               RISE  1       
I__120/I                               Span12Mux_h                0      3003               RISE  1       
I__120/O                               Span12Mux_h                1073   4076               RISE  1       
I__123/I                               Span12Mux_s8_v             0      4076               RISE  1       
I__123/O                               Span12Mux_s8_v             715    4791               RISE  1       
I__128/I                               Sp12to4                    0      4791               RISE  1       
I__128/O                               Sp12to4                    596    5387               RISE  1       
I__131/I                               Span4Mux_h                 0      5387               RISE  1       
I__131/O                               Span4Mux_h                 517    5904               RISE  1       
I__132/I                               LocalMux                   0      5904               RISE  1       
I__132/O                               LocalMux                   1099   7003               RISE  1       
I__137/I                               InMux                      0      7003               RISE  1       
I__137/O                               InMux                      662    7665               RISE  1       
o_pl_byte_obuf_RNO_4_LC_18_1_6/in3     LogicCell40_SEQ_MODE_0000  0      7665               RISE  1       
o_pl_byte_obuf_RNO_4_LC_18_1_6/lcout   LogicCell40_SEQ_MODE_0000  874    8539               FALL  1       
I__144/I                               Odrv4                      0      8539               FALL  1       
I__144/O                               Odrv4                      649    9188               FALL  1       
I__145/I                               Span4Mux_s0_v              0      9188               FALL  1       
I__145/O                               Span4Mux_s0_v              344    9533               FALL  1       
I__146/I                               IoSpan4Mux                 0      9533               FALL  1       
I__146/O                               IoSpan4Mux                 742    10274              FALL  1       
I__147/I                               LocalMux                   0      10274              FALL  1       
I__147/O                               LocalMux                   768    11042              FALL  1       
I__148/I                               IoInMux                    0      11042              FALL  1       
I__148/O                               IoInMux                    503    11546              FALL  1       
o_pl_byte_obuf_4_preio/DOUT0           PRE_IO_PIN_TYPE_011001     0      11546              FALL  1       
o_pl_byte_obuf_4_preio/PADOUT          PRE_IO_PIN_TYPE_011001     755    12301              RISE  1       
o_pl_byte_obuf_4_iopad/DIN             IO_PAD                     0      12301              RISE  1       
o_pl_byte_obuf_4_iopad/PACKAGEPIN:out  IO_PAD                     1914   14215              RISE  1       
o_pl_byte[4]                           tx_mux                     0      14215              RISE  1       

6.6.6::Path details for port: o_pl_byte[5]
--------------------------------------------------

++++ Path 1 ++++++++++++++++++++++++++++++++++++++++++++++++++++++++++

Output Port      : o_pl_byte[5]
Input Port       : i_resp_pl_byte[5]
Pad to Pad Delay : 13115

Pad to Pad Path
pin name                                   model name                 delay  cummulative delay  edge  Fanout  
-----------------------------------------  -------------------------  -----  -----------------  ----  ------  
i_resp_pl_byte[5]                          tx_mux                     0      0                  FALL  1       
i_resp_pl_byte_ibuf_5_iopad/PACKAGEPIN:in  IO_PAD                     0      0                  FALL  1       
i_resp_pl_byte_ibuf_5_iopad/DOUT           IO_PAD                     460    460                FALL  1       
i_resp_pl_byte_ibuf_5_preio/PADIN          PRE_IO_PIN_TYPE_000001     0      460                FALL  1       
i_resp_pl_byte_ibuf_5_preio/DIN0           PRE_IO_PIN_TYPE_000001     490    950                FALL  1       
I__63/I                                    Odrv4                      0      950                FALL  1       
I__63/O                                    Odrv4                      649    1599               FALL  1       
I__64/I                                    Span4Mux_h                 0      1599               FALL  1       
I__64/O                                    Span4Mux_h                 543    2142               FALL  1       
I__65/I                                    LocalMux                   0      2142               FALL  1       
I__65/O                                    LocalMux                   768    2910               FALL  1       
I__66/I                                    InMux                      0      2910               FALL  1       
I__66/O                                    InMux                      503    3414               FALL  1       
o_pl_byte_obuf_RNO_5_LC_18_1_1/in3         LogicCell40_SEQ_MODE_0000  0      3414               FALL  1       
o_pl_byte_obuf_RNO_5_LC_18_1_1/lcout       LogicCell40_SEQ_MODE_0000  861    4274               RISE  1       
I__55/I                                    Odrv12                     0      4274               RISE  1       
I__55/O                                    Odrv12                     1073   5347               RISE  1       
I__56/I                                    Span12Mux_v                0      5347               RISE  1       
I__56/O                                    Span12Mux_v                980    6327               RISE  1       
I__57/I                                    Sp12to4                    0      6327               RISE  1       
I__57/O                                    Sp12to4                    596    6923               RISE  1       
I__58/I                                    Span4Mux_v                 0      6923               RISE  1       
I__58/O                                    Span4Mux_v                 596    7519               RISE  1       
I__59/I                                    Span4Mux_s3_v              0      7519               RISE  1       
I__59/O                                    Span4Mux_s3_v              543    8062               RISE  1       
I__60/I                                    IoSpan4Mux                 0      8062               RISE  1       
I__60/O                                    IoSpan4Mux                 622    8685               RISE  1       
I__61/I                                    LocalMux                   0      8685               RISE  1       
I__61/O                                    LocalMux                   1099   9784               RISE  1       
I__62/I                                    IoInMux                    0      9784               RISE  1       
I__62/O                                    IoInMux                    662    10446              RISE  1       
o_pl_byte_obuf_5_preio/DOUT0               PRE_IO_PIN_TYPE_011001     0      10446              RISE  1       
o_pl_byte_obuf_5_preio/PADOUT              PRE_IO_PIN_TYPE_011001     755    11201              RISE  1       
o_pl_byte_obuf_5_iopad/DIN                 IO_PAD                     0      11201              RISE  1       
o_pl_byte_obuf_5_iopad/PACKAGEPIN:out      IO_PAD                     1914   13115              RISE  1       
o_pl_byte[5]                               tx_mux                     0      13115              RISE  1       

++++ Path 2 ++++++++++++++++++++++++++++++++++++++++++++++++++++++++++

Output Port      : o_pl_byte[5]
Input Port       : i_send_pl_byte[5]
Pad to Pad Delay : 13433

Pad to Pad Path
pin name                                   model name                 delay  cummulative delay  edge  Fanout  
-----------------------------------------  -------------------------  -----  -----------------  ----  ------  
i_send_pl_byte[5]                          tx_mux                     0      0                  FALL  1       
i_send_pl_byte_ibuf_5_iopad/PACKAGEPIN:in  IO_PAD                     0      0                  FALL  1       
i_send_pl_byte_ibuf_5_iopad/DOUT           IO_PAD                     460    460                FALL  1       
i_send_pl_byte_ibuf_5_preio/PADIN          PRE_IO_PIN_TYPE_000001     0      460                FALL  1       
i_send_pl_byte_ibuf_5_preio/DIN0           PRE_IO_PIN_TYPE_000001     490    950                FALL  1       
I__67/I                                    Odrv4                      0      950                FALL  1       
I__67/O                                    Odrv4                      649    1599               FALL  1       
I__68/I                                    Span4Mux_h                 0      1599               FALL  1       
I__68/O                                    Span4Mux_h                 543    2142               FALL  1       
I__69/I                                    LocalMux                   0      2142               FALL  1       
I__69/O                                    LocalMux                   768    2910               FALL  1       
I__70/I                                    InMux                      0      2910               FALL  1       
I__70/O                                    InMux                      503    3414               FALL  1       
o_pl_byte_obuf_RNO_5_LC_18_1_1/in1         LogicCell40_SEQ_MODE_0000  0      3414               FALL  1       
o_pl_byte_obuf_RNO_5_LC_18_1_1/lcout       LogicCell40_SEQ_MODE_0000  1179   4592               RISE  1       
I__55/I                                    Odrv12                     0      4592               RISE  1       
I__55/O                                    Odrv12                     1073   5665               RISE  1       
I__56/I                                    Span12Mux_v                0      5665               RISE  1       
I__56/O                                    Span12Mux_v                980    6645               RISE  1       
I__57/I                                    Sp12to4                    0      6645               RISE  1       
I__57/O                                    Sp12to4                    596    7241               RISE  1       
I__58/I                                    Span4Mux_v                 0      7241               RISE  1       
I__58/O                                    Span4Mux_v                 596    7837               RISE  1       
I__59/I                                    Span4Mux_s3_v              0      7837               RISE  1       
I__59/O                                    Span4Mux_s3_v              543    8380               RISE  1       
I__60/I                                    IoSpan4Mux                 0      8380               RISE  1       
I__60/O                                    IoSpan4Mux                 622    9003               RISE  1       
I__61/I                                    LocalMux                   0      9003               RISE  1       
I__61/O                                    LocalMux                   1099   10102              RISE  1       
I__62/I                                    IoInMux                    0      10102              RISE  1       
I__62/O                                    IoInMux                    662    10764              RISE  1       
o_pl_byte_obuf_5_preio/DOUT0               PRE_IO_PIN_TYPE_011001     0      10764              RISE  1       
o_pl_byte_obuf_5_preio/PADOUT              PRE_IO_PIN_TYPE_011001     755    11519              RISE  1       
o_pl_byte_obuf_5_iopad/DIN                 IO_PAD                     0      11519              RISE  1       
o_pl_byte_obuf_5_iopad/PACKAGEPIN:out      IO_PAD                     1914   13433              RISE  1       
o_pl_byte[5]                               tx_mux                     0      13433              RISE  1       

++++ Path 3 ++++++++++++++++++++++++++++++++++++++++++++++++++++++++++

Output Port      : o_pl_byte[5]
Input Port       : i_grant_sel
Pad to Pad Delay : 17751

Pad to Pad Path
pin name                               model name                 delay  cummulative delay  edge  Fanout  
-------------------------------------  -------------------------  -----  -----------------  ----  ------  
i_grant_sel                            tx_mux                     0      0                  FALL  1       
i_grant_sel_ibuf_iopad/PACKAGEPIN:in   IO_PAD                     0      0                  FALL  1       
i_grant_sel_ibuf_iopad/DOUT            IO_PAD                     460    460                FALL  1       
i_grant_sel_ibuf_preio/PADIN           PRE_IO_PIN_TYPE_000001     0      460                FALL  1       
i_grant_sel_ibuf_preio/DIN0            PRE_IO_PIN_TYPE_000001     490    950                RISE  1       
I__116/I                               Odrv12                     0      950                RISE  1       
I__116/O                               Odrv12                     1073   2023               RISE  1       
I__118/I                               Span12Mux_v                0      2023               RISE  1       
I__118/O                               Span12Mux_v                980    3003               RISE  1       
I__120/I                               Span12Mux_h                0      3003               RISE  1       
I__120/O                               Span12Mux_h                1073   4076               RISE  1       
I__123/I                               Span12Mux_s8_v             0      4076               RISE  1       
I__123/O                               Span12Mux_s8_v             715    4791               RISE  1       
I__128/I                               Sp12to4                    0      4791               RISE  1       
I__128/O                               Sp12to4                    596    5387               RISE  1       
I__131/I                               Span4Mux_h                 0      5387               RISE  1       
I__131/O                               Span4Mux_h                 517    5904               RISE  1       
I__132/I                               LocalMux                   0      5904               RISE  1       
I__132/O                               LocalMux                   1099   7003               RISE  1       
I__138/I                               InMux                      0      7003               RISE  1       
I__138/O                               InMux                      662    7665               RISE  1       
o_pl_byte_obuf_RNO_5_LC_18_1_1/in0     LogicCell40_SEQ_MODE_0000  0      7665               RISE  1       
o_pl_byte_obuf_RNO_5_LC_18_1_1/lcout   LogicCell40_SEQ_MODE_0000  1245   8910               RISE  1       
I__55/I                                Odrv12                     0      8910               RISE  1       
I__55/O                                Odrv12                     1073   9983               RISE  1       
I__56/I                                Span12Mux_v                0      9983               RISE  1       
I__56/O                                Span12Mux_v                980    10963              RISE  1       
I__57/I                                Sp12to4                    0      10963              RISE  1       
I__57/O                                Sp12to4                    596    11559              RISE  1       
I__58/I                                Span4Mux_v                 0      11559              RISE  1       
I__58/O                                Span4Mux_v                 596    12155              RISE  1       
I__59/I                                Span4Mux_s3_v              0      12155              RISE  1       
I__59/O                                Span4Mux_s3_v              543    12698              RISE  1       
I__60/I                                IoSpan4Mux                 0      12698              RISE  1       
I__60/O                                IoSpan4Mux                 622    13320              RISE  1       
I__61/I                                LocalMux                   0      13320              RISE  1       
I__61/O                                LocalMux                   1099   14420              RISE  1       
I__62/I                                IoInMux                    0      14420              RISE  1       
I__62/O                                IoInMux                    662    15082              RISE  1       
o_pl_byte_obuf_5_preio/DOUT0           PRE_IO_PIN_TYPE_011001     0      15082              RISE  1       
o_pl_byte_obuf_5_preio/PADOUT          PRE_IO_PIN_TYPE_011001     755    15837              RISE  1       
o_pl_byte_obuf_5_iopad/DIN             IO_PAD                     0      15837              RISE  1       
o_pl_byte_obuf_5_iopad/PACKAGEPIN:out  IO_PAD                     1914   17751              RISE  1       
o_pl_byte[5]                           tx_mux                     0      17751              RISE  1       

6.6.7::Path details for port: o_pl_byte[6]
--------------------------------------------------

++++ Path 1 ++++++++++++++++++++++++++++++++++++++++++++++++++++++++++

Output Port      : o_pl_byte[6]
Input Port       : i_send_pl_byte[6]
Pad to Pad Delay : 8877

Pad to Pad Path
pin name                                   model name                 delay  cummulative delay  edge  Fanout  
-----------------------------------------  -------------------------  -----  -----------------  ----  ------  
i_send_pl_byte[6]                          tx_mux                     0      0                  FALL  1       
i_send_pl_byte_ibuf_6_iopad/PACKAGEPIN:in  IO_PAD                     0      0                  FALL  1       
i_send_pl_byte_ibuf_6_iopad/DOUT           IO_PAD                     460    460                FALL  1       
i_send_pl_byte_ibuf_6_preio/PADIN          PRE_IO_PIN_TYPE_000001     0      460                FALL  1       
i_send_pl_byte_ibuf_6_preio/DIN0           PRE_IO_PIN_TYPE_000001     490    950                FALL  1       
I__111/I                                   LocalMux                   0      950                FALL  1       
I__111/O                                   LocalMux                   768    1718               FALL  1       
I__112/I                                   InMux                      0      1718               FALL  1       
I__112/O                                   InMux                      503    2222               FALL  1       
o_pl_byte_obuf_RNO_6_LC_13_30_0/in0        LogicCell40_SEQ_MODE_0000  0      2222               FALL  1       
o_pl_byte_obuf_RNO_6_LC_13_30_0/lcout      LogicCell40_SEQ_MODE_0000  1285   3506               FALL  1       
I__103/I                                   Odrv12                     0      3506               FALL  1       
I__103/O                                   Odrv12                     1232   4738               FALL  1       
I__104/I                                   Span12Mux_s0_v             0      4738               FALL  1       
I__104/O                                   Span12Mux_s0_v             199    4937               FALL  1       
I__105/I                                   LocalMux                   0      4937               FALL  1       
I__105/O                                   LocalMux                   768    5705               FALL  1       
I__106/I                                   IoInMux                    0      5705               FALL  1       
I__106/O                                   IoInMux                    503    6208               FALL  1       
o_pl_byte_obuf_6_preio/DOUT0               PRE_IO_PIN_TYPE_011001     0      6208               FALL  1       
o_pl_byte_obuf_6_preio/PADOUT              PRE_IO_PIN_TYPE_011001     755    6963               RISE  1       
o_pl_byte_obuf_6_iopad/DIN                 IO_PAD                     0      6963               RISE  1       
o_pl_byte_obuf_6_iopad/PACKAGEPIN:out      IO_PAD                     1914   8877               RISE  1       
o_pl_byte[6]                               tx_mux                     0      8877               RISE  1       

++++ Path 2 ++++++++++++++++++++++++++++++++++++++++++++++++++++++++++

Output Port      : o_pl_byte[6]
Input Port       : i_resp_pl_byte[6]
Pad to Pad Delay : 10016

Pad to Pad Path
pin name                                   model name                 delay  cummulative delay  edge  Fanout  
-----------------------------------------  -------------------------  -----  -----------------  ----  ------  
i_resp_pl_byte[6]                          tx_mux                     0      0                  FALL  1       
i_resp_pl_byte_ibuf_6_iopad/PACKAGEPIN:in  IO_PAD                     0      0                  FALL  1       
i_resp_pl_byte_ibuf_6_iopad/DOUT           IO_PAD                     460    460                FALL  1       
i_resp_pl_byte_ibuf_6_preio/PADIN          PRE_IO_PIN_TYPE_000001     0      460                FALL  1       
i_resp_pl_byte_ibuf_6_preio/DIN0           PRE_IO_PIN_TYPE_000001     490    950                FALL  1       
I__107/I                                   Odrv4                      0      950                FALL  1       
I__107/O                                   Odrv4                      649    1599               FALL  1       
I__108/I                                   Span4Mux_h                 0      1599               FALL  1       
I__108/O                                   Span4Mux_h                 543    2142               FALL  1       
I__109/I                                   LocalMux                   0      2142               FALL  1       
I__109/O                                   LocalMux                   768    2910               FALL  1       
I__110/I                                   InMux                      0      2910               FALL  1       
I__110/O                                   InMux                      503    3414               FALL  1       
o_pl_byte_obuf_RNO_6_LC_13_30_0/in1        LogicCell40_SEQ_MODE_0000  0      3414               FALL  1       
o_pl_byte_obuf_RNO_6_LC_13_30_0/lcout      LogicCell40_SEQ_MODE_0000  1232   4645               FALL  1       
I__103/I                                   Odrv12                     0      4645               FALL  1       
I__103/O                                   Odrv12                     1232   5877               FALL  1       
I__104/I                                   Span12Mux_s0_v             0      5877               FALL  1       
I__104/O                                   Span12Mux_s0_v             199    6076               FALL  1       
I__105/I                                   LocalMux                   0      6076               FALL  1       
I__105/O                                   LocalMux                   768    6844               FALL  1       
I__106/I                                   IoInMux                    0      6844               FALL  1       
I__106/O                                   IoInMux                    503    7347               FALL  1       
o_pl_byte_obuf_6_preio/DOUT0               PRE_IO_PIN_TYPE_011001     0      7347               FALL  1       
o_pl_byte_obuf_6_preio/PADOUT              PRE_IO_PIN_TYPE_011001     755    8102               RISE  1       
o_pl_byte_obuf_6_iopad/DIN                 IO_PAD                     0      8102               RISE  1       
o_pl_byte_obuf_6_iopad/PACKAGEPIN:out      IO_PAD                     1914   10016              RISE  1       
o_pl_byte[6]                               tx_mux                     0      10016              RISE  1       

++++ Path 3 ++++++++++++++++++++++++++++++++++++++++++++++++++++++++++

Output Port      : o_pl_byte[6]
Input Port       : i_grant_sel
Pad to Pad Delay : 10400

Pad to Pad Path
pin name                               model name                 delay  cummulative delay  edge  Fanout  
-------------------------------------  -------------------------  -----  -----------------  ----  ------  
i_grant_sel                            tx_mux                     0      0                  FALL  1       
i_grant_sel_ibuf_iopad/PACKAGEPIN:in   IO_PAD                     0      0                  FALL  1       
i_grant_sel_ibuf_iopad/DOUT            IO_PAD                     460    460                FALL  1       
i_grant_sel_ibuf_preio/PADIN           PRE_IO_PIN_TYPE_000001     0      460                FALL  1       
i_grant_sel_ibuf_preio/DIN0            PRE_IO_PIN_TYPE_000001     490    950                FALL  1       
I__115/I                               Odrv4                      0      950                FALL  1       
I__115/O                               Odrv4                      649    1599               FALL  1       
I__117/I                               IoSpan4Mux                 0      1599               FALL  1       
I__117/O                               IoSpan4Mux                 742    2341               FALL  1       
I__119/I                               Span4Mux_h                 0      2341               FALL  1       
I__119/O                               Span4Mux_h                 543    2884               FALL  1       
I__121/I                               LocalMux                   0      2884               FALL  1       
I__121/O                               LocalMux                   768    3652               FALL  1       
I__124/I                               InMux                      0      3652               FALL  1       
I__124/O                               InMux                      503    4155               FALL  1       
o_pl_byte_obuf_RNO_6_LC_13_30_0/in3    LogicCell40_SEQ_MODE_0000  0      4155               FALL  1       
o_pl_byte_obuf_RNO_6_LC_13_30_0/lcout  LogicCell40_SEQ_MODE_0000  874    5029               FALL  1       
I__103/I                               Odrv12                     0      5029               FALL  1       
I__103/O                               Odrv12                     1232   6261               FALL  1       
I__104/I                               Span12Mux_s0_v             0      6261               FALL  1       
I__104/O                               Span12Mux_s0_v             199    6460               FALL  1       
I__105/I                               LocalMux                   0      6460               FALL  1       
I__105/O                               LocalMux                   768    7228               FALL  1       
I__106/I                               IoInMux                    0      7228               FALL  1       
I__106/O                               IoInMux                    503    7731               FALL  1       
o_pl_byte_obuf_6_preio/DOUT0           PRE_IO_PIN_TYPE_011001     0      7731               FALL  1       
o_pl_byte_obuf_6_preio/PADOUT          PRE_IO_PIN_TYPE_011001     755    8486               RISE  1       
o_pl_byte_obuf_6_iopad/DIN             IO_PAD                     0      8486               RISE  1       
o_pl_byte_obuf_6_iopad/PACKAGEPIN:out  IO_PAD                     1914   10400              RISE  1       
o_pl_byte[6]                           tx_mux                     0      10400              RISE  1       

6.6.8::Path details for port: o_pl_byte[7]
--------------------------------------------------

++++ Path 1 ++++++++++++++++++++++++++++++++++++++++++++++++++++++++++

Output Port      : o_pl_byte[7]
Input Port       : i_send_pl_byte[7]
Pad to Pad Delay : 8784

Pad to Pad Path
pin name                                   model name                 delay  cummulative delay  edge  Fanout  
-----------------------------------------  -------------------------  -----  -----------------  ----  ------  
i_send_pl_byte[7]                          tx_mux                     0      0                  FALL  1       
i_send_pl_byte_ibuf_7_iopad/PACKAGEPIN:in  IO_PAD                     0      0                  FALL  1       
i_send_pl_byte_ibuf_7_iopad/DOUT           IO_PAD                     460    460                FALL  1       
i_send_pl_byte_ibuf_7_preio/PADIN          PRE_IO_PIN_TYPE_000001     0      460                FALL  1       
i_send_pl_byte_ibuf_7_preio/DIN0           PRE_IO_PIN_TYPE_000001     490    950                FALL  1       
I__101/I                                   LocalMux                   0      950                FALL  1       
I__101/O                                   LocalMux                   768    1718               FALL  1       
I__102/I                                   InMux                      0      1718               FALL  1       
I__102/O                                   InMux                      503    2222               FALL  1       
o_pl_byte_obuf_RNO_7_LC_13_30_1/in1        LogicCell40_SEQ_MODE_0000  0      2222               FALL  1       
o_pl_byte_obuf_RNO_7_LC_13_30_1/lcout      LogicCell40_SEQ_MODE_0000  1232   3453               FALL  1       
I__93/I                                    Odrv4                      0      3453               FALL  1       
I__93/O                                    Odrv4                      649    4102               FALL  1       
I__94/I                                    IoSpan4Mux                 0      4102               FALL  1       
I__94/O                                    IoSpan4Mux                 742    4844               FALL  1       
I__95/I                                    LocalMux                   0      4844               FALL  1       
I__95/O                                    LocalMux                   768    5612               FALL  1       
I__96/I                                    IoInMux                    0      5612               FALL  1       
I__96/O                                    IoInMux                    503    6115               FALL  1       
o_pl_byte_obuf_7_preio/DOUT0               PRE_IO_PIN_TYPE_011001     0      6115               FALL  1       
o_pl_byte_obuf_7_preio/PADOUT              PRE_IO_PIN_TYPE_011001     755    6870               RISE  1       
o_pl_byte_obuf_7_iopad/DIN                 IO_PAD                     0      6870               RISE  1       
o_pl_byte_obuf_7_iopad/PACKAGEPIN:out      IO_PAD                     1914   8784               RISE  1       
o_pl_byte[7]                               tx_mux                     0      8784               RISE  1       

++++ Path 2 ++++++++++++++++++++++++++++++++++++++++++++++++++++++++++

Output Port      : o_pl_byte[7]
Input Port       : i_resp_pl_byte[7]
Pad to Pad Delay : 9619

Pad to Pad Path
pin name                                   model name                 delay  cummulative delay  edge  Fanout  
-----------------------------------------  -------------------------  -----  -----------------  ----  ------  
i_resp_pl_byte[7]                          tx_mux                     0      0                  FALL  1       
i_resp_pl_byte_ibuf_7_iopad/PACKAGEPIN:in  IO_PAD                     0      0                  FALL  1       
i_resp_pl_byte_ibuf_7_iopad/DOUT           IO_PAD                     460    460                FALL  1       
i_resp_pl_byte_ibuf_7_preio/PADIN          PRE_IO_PIN_TYPE_000001     0      460                FALL  1       
i_resp_pl_byte_ibuf_7_preio/DIN0           PRE_IO_PIN_TYPE_000001     490    950                FALL  1       
I__97/I                                    Odrv4                      0      950                FALL  1       
I__97/O                                    Odrv4                      649    1599               FALL  1       
I__98/I                                    Span4Mux_h                 0      1599               FALL  1       
I__98/O                                    Span4Mux_h                 543    2142               FALL  1       
I__99/I                                    LocalMux                   0      2142               FALL  1       
I__99/O                                    LocalMux                   768    2910               FALL  1       
I__100/I                                   InMux                      0      2910               FALL  1       
I__100/O                                   InMux                      503    3414               FALL  1       
o_pl_byte_obuf_RNO_7_LC_13_30_1/in3        LogicCell40_SEQ_MODE_0000  0      3414               FALL  1       
o_pl_byte_obuf_RNO_7_LC_13_30_1/lcout      LogicCell40_SEQ_MODE_0000  874    4288               FALL  1       
I__93/I                                    Odrv4                      0      4288               FALL  1       
I__93/O                                    Odrv4                      649    4937               FALL  1       
I__94/I                                    IoSpan4Mux                 0      4937               FALL  1       
I__94/O                                    IoSpan4Mux                 742    5678               FALL  1       
I__95/I                                    LocalMux                   0      5678               FALL  1       
I__95/O                                    LocalMux                   768    6447               FALL  1       
I__96/I                                    IoInMux                    0      6447               FALL  1       
I__96/O                                    IoInMux                    503    6950               FALL  1       
o_pl_byte_obuf_7_preio/DOUT0               PRE_IO_PIN_TYPE_011001     0      6950               FALL  1       
o_pl_byte_obuf_7_preio/PADOUT              PRE_IO_PIN_TYPE_011001     755    7705               RISE  1       
o_pl_byte_obuf_7_iopad/DIN                 IO_PAD                     0      7705               RISE  1       
o_pl_byte_obuf_7_iopad/PACKAGEPIN:out      IO_PAD                     1914   9619               RISE  1       
o_pl_byte[7]                               tx_mux                     0      9619               RISE  1       

++++ Path 3 ++++++++++++++++++++++++++++++++++++++++++++++++++++++++++

Output Port      : o_pl_byte[7]
Input Port       : i_grant_sel
Pad to Pad Delay : 10771

Pad to Pad Path
pin name                               model name                 delay  cummulative delay  edge  Fanout  
-------------------------------------  -------------------------  -----  -----------------  ----  ------  
i_grant_sel                            tx_mux                     0      0                  FALL  1       
i_grant_sel_ibuf_iopad/PACKAGEPIN:in   IO_PAD                     0      0                  FALL  1       
i_grant_sel_ibuf_iopad/DOUT            IO_PAD                     460    460                FALL  1       
i_grant_sel_ibuf_preio/PADIN           PRE_IO_PIN_TYPE_000001     0      460                FALL  1       
i_grant_sel_ibuf_preio/DIN0            PRE_IO_PIN_TYPE_000001     490    950                FALL  1       
I__115/I                               Odrv4                      0      950                FALL  1       
I__115/O                               Odrv4                      649    1599               FALL  1       
I__117/I                               IoSpan4Mux                 0      1599               FALL  1       
I__117/O                               IoSpan4Mux                 742    2341               FALL  1       
I__119/I                               Span4Mux_h                 0      2341               FALL  1       
I__119/O                               Span4Mux_h                 543    2884               FALL  1       
I__121/I                               LocalMux                   0      2884               FALL  1       
I__121/O                               LocalMux                   768    3652               FALL  1       
I__125/I                               InMux                      0      3652               FALL  1       
I__125/O                               InMux                      503    4155               FALL  1       
o_pl_byte_obuf_RNO_7_LC_13_30_1/in0    LogicCell40_SEQ_MODE_0000  0      4155               FALL  1       
o_pl_byte_obuf_RNO_7_LC_13_30_1/lcout  LogicCell40_SEQ_MODE_0000  1285   5440               FALL  1       
I__93/I                                Odrv4                      0      5440               FALL  1       
I__93/O                                Odrv4                      649    6089               FALL  1       
I__94/I                                IoSpan4Mux                 0      6089               FALL  1       
I__94/O                                IoSpan4Mux                 742    6831               FALL  1       
I__95/I                                LocalMux                   0      6831               FALL  1       
I__95/O                                LocalMux                   768    7599               FALL  1       
I__96/I                                IoInMux                    0      7599               FALL  1       
I__96/O                                IoInMux                    503    8102               FALL  1       
o_pl_byte_obuf_7_preio/DOUT0           PRE_IO_PIN_TYPE_011001     0      8102               FALL  1       
o_pl_byte_obuf_7_preio/PADOUT          PRE_IO_PIN_TYPE_011001     755    8857               RISE  1       
o_pl_byte_obuf_7_iopad/DIN             IO_PAD                     0      8857               RISE  1       
o_pl_byte_obuf_7_iopad/PACKAGEPIN:out  IO_PAD                     1914   10771              RISE  1       
o_pl_byte[7]                           tx_mux                     0      10771              RISE  1       

6.6.9::Path details for port: o_pl_valid
--------------------------------------------------

++++ Path 1 ++++++++++++++++++++++++++++++++++++++++++++++++++++++++++

Output Port      : o_pl_valid
Input Port       : i_send_pl_valid
Pad to Pad Delay : 9526

Pad to Pad Path
pin name                                  model name                 delay  cummulative delay  edge  Fanout  
----------------------------------------  -------------------------  -----  -----------------  ----  ------  
i_send_pl_valid                           tx_mux                     0      0                  FALL  1       
i_send_pl_valid_ibuf_iopad/PACKAGEPIN:in  IO_PAD                     0      0                  FALL  1       
i_send_pl_valid_ibuf_iopad/DOUT           IO_PAD                     460    460                FALL  1       
i_send_pl_valid_ibuf_preio/PADIN          PRE_IO_PIN_TYPE_000001     0      460                FALL  1       
i_send_pl_valid_ibuf_preio/DIN0           PRE_IO_PIN_TYPE_000001     490    950                FALL  1       
I__87/I                                   LocalMux                   0      950                FALL  1       
I__87/O                                   LocalMux                   768    1718               FALL  1       
I__88/I                                   InMux                      0      1718               FALL  1       
I__88/O                                   InMux                      503    2222               FALL  1       
o_pl_valid_obuf_RNO_LC_13_30_2/in1        LogicCell40_SEQ_MODE_0000  0      2222               FALL  1       
o_pl_valid_obuf_RNO_LC_13_30_2/lcout      LogicCell40_SEQ_MODE_0000  1232   3453               FALL  1       
I__82/I                                   Odrv4                      0      3453               FALL  1       
I__82/O                                   Odrv4                      649    4102               FALL  1       
I__83/I                                   IoSpan4Mux                 0      4102               FALL  1       
I__83/O                                   IoSpan4Mux                 742    4844               FALL  1       
I__84/I                                   IoSpan4Mux                 0      4844               FALL  1       
I__84/O                                   IoSpan4Mux                 742    5586               FALL  1       
I__85/I                                   LocalMux                   0      5586               FALL  1       
I__85/O                                   LocalMux                   768    6354               FALL  1       
I__86/I                                   IoInMux                    0      6354               FALL  1       
I__86/O                                   IoInMux                    503    6857               FALL  1       
o_pl_valid_obuf_preio/DOUT0               PRE_IO_PIN_TYPE_011001     0      6857               FALL  1       
o_pl_valid_obuf_preio/PADOUT              PRE_IO_PIN_TYPE_011001     755    7612               RISE  1       
o_pl_valid_obuf_iopad/DIN                 IO_PAD                     0      7612               RISE  1       
o_pl_valid_obuf_iopad/PACKAGEPIN:out      IO_PAD                     1914   9526               RISE  1       
o_pl_valid                                tx_mux                     0      9526               RISE  1       

++++ Path 2 ++++++++++++++++++++++++++++++++++++++++++++++++++++++++++

Output Port      : o_pl_valid
Input Port       : i_resp_pl_valid
Pad to Pad Delay : 10771

Pad to Pad Path
pin name                                  model name                 delay  cummulative delay  edge  Fanout  
----------------------------------------  -------------------------  -----  -----------------  ----  ------  
i_resp_pl_valid                           tx_mux                     0      0                  FALL  1       
i_resp_pl_valid_ibuf_iopad/PACKAGEPIN:in  IO_PAD                     0      0                  FALL  1       
i_resp_pl_valid_ibuf_iopad/DOUT           IO_PAD                     460    460                FALL  1       
i_resp_pl_valid_ibuf_preio/PADIN          PRE_IO_PIN_TYPE_000001     0      460                FALL  1       
i_resp_pl_valid_ibuf_preio/DIN0           PRE_IO_PIN_TYPE_000001     490    950                FALL  1       
I__89/I                                   Odrv4                      0      950                FALL  1       
I__89/O                                   Odrv4                      649    1599               FALL  1       
I__90/I                                   Span4Mux_h                 0      1599               FALL  1       
I__90/O                                   Span4Mux_h                 543    2142               FALL  1       
I__91/I                                   LocalMux                   0      2142               FALL  1       
I__91/O                                   LocalMux                   768    2910               FALL  1       
I__92/I                                   InMux                      0      2910               FALL  1       
I__92/O                                   InMux                      503    3414               FALL  1       
o_pl_valid_obuf_RNO_LC_13_30_2/in0        LogicCell40_SEQ_MODE_0000  0      3414               FALL  1       
o_pl_valid_obuf_RNO_LC_13_30_2/lcout      LogicCell40_SEQ_MODE_0000  1285   4698               FALL  1       
I__82/I                                   Odrv4                      0      4698               FALL  1       
I__82/O                                   Odrv4                      649    5347               FALL  1       
I__83/I                                   IoSpan4Mux                 0      5347               FALL  1       
I__83/O                                   IoSpan4Mux                 742    6089               FALL  1       
I__84/I                                   IoSpan4Mux                 0      6089               FALL  1       
I__84/O                                   IoSpan4Mux                 742    6831               FALL  1       
I__85/I                                   LocalMux                   0      6831               FALL  1       
I__85/O                                   LocalMux                   768    7599               FALL  1       
I__86/I                                   IoInMux                    0      7599               FALL  1       
I__86/O                                   IoInMux                    503    8102               FALL  1       
o_pl_valid_obuf_preio/DOUT0               PRE_IO_PIN_TYPE_011001     0      8102               FALL  1       
o_pl_valid_obuf_preio/PADOUT              PRE_IO_PIN_TYPE_011001     755    8857               RISE  1       
o_pl_valid_obuf_iopad/DIN                 IO_PAD                     0      8857               RISE  1       
o_pl_valid_obuf_iopad/PACKAGEPIN:out      IO_PAD                     1914   10771              RISE  1       
o_pl_valid                                tx_mux                     0      10771              RISE  1       

++++ Path 3 ++++++++++++++++++++++++++++++++++++++++++++++++++++++++++

Output Port      : o_pl_valid
Input Port       : i_grant_sel
Pad to Pad Delay : 11102

Pad to Pad Path
pin name                              model name                 delay  cummulative delay  edge  Fanout  
------------------------------------  -------------------------  -----  -----------------  ----  ------  
i_grant_sel                           tx_mux                     0      0                  FALL  1       
i_grant_sel_ibuf_iopad/PACKAGEPIN:in  IO_PAD                     0      0                  FALL  1       
i_grant_sel_ibuf_iopad/DOUT           IO_PAD                     460    460                FALL  1       
i_grant_sel_ibuf_preio/PADIN          PRE_IO_PIN_TYPE_000001     0      460                FALL  1       
i_grant_sel_ibuf_preio/DIN0           PRE_IO_PIN_TYPE_000001     490    950                FALL  1       
I__115/I                              Odrv4                      0      950                FALL  1       
I__115/O                              Odrv4                      649    1599               FALL  1       
I__117/I                              IoSpan4Mux                 0      1599               FALL  1       
I__117/O                              IoSpan4Mux                 742    2341               FALL  1       
I__119/I                              Span4Mux_h                 0      2341               FALL  1       
I__119/O                              Span4Mux_h                 543    2884               FALL  1       
I__121/I                              LocalMux                   0      2884               FALL  1       
I__121/O                              LocalMux                   768    3652               FALL  1       
I__126/I                              InMux                      0      3652               FALL  1       
I__126/O                              InMux                      503    4155               FALL  1       
o_pl_valid_obuf_RNO_LC_13_30_2/in3    LogicCell40_SEQ_MODE_0000  0      4155               FALL  1       
o_pl_valid_obuf_RNO_LC_13_30_2/lcout  LogicCell40_SEQ_MODE_0000  874    5029               FALL  1       
I__82/I                               Odrv4                      0      5029               FALL  1       
I__82/O                               Odrv4                      649    5678               FALL  1       
I__83/I                               IoSpan4Mux                 0      5678               FALL  1       
I__83/O                               IoSpan4Mux                 742    6420               FALL  1       
I__84/I                               IoSpan4Mux                 0      6420               FALL  1       
I__84/O                               IoSpan4Mux                 742    7162               FALL  1       
I__85/I                               LocalMux                   0      7162               FALL  1       
I__85/O                               LocalMux                   768    7930               FALL  1       
I__86/I                               IoInMux                    0      7930               FALL  1       
I__86/O                               IoInMux                    503    8433               FALL  1       
o_pl_valid_obuf_preio/DOUT0           PRE_IO_PIN_TYPE_011001     0      8433               FALL  1       
o_pl_valid_obuf_preio/PADOUT          PRE_IO_PIN_TYPE_011001     755    9188               RISE  1       
o_pl_valid_obuf_iopad/DIN             IO_PAD                     0      9188               RISE  1       
o_pl_valid_obuf_iopad/PACKAGEPIN:out  IO_PAD                     1914   11102              RISE  1       
o_pl_valid                            tx_mux                     0      11102              RISE  1       

6.6.10::Path details for port: o_resp_pl_ready
--------------------------------------------------

++++ Path 1 ++++++++++++++++++++++++++++++++++++++++++++++++++++++++++

Output Port      : o_resp_pl_ready
Input Port       : i_pl_ready
Pad to Pad Delay : 7447

Pad to Pad Path
pin name                                   model name                 delay  cummulative delay  edge  Fanout  
-----------------------------------------  -------------------------  -----  -----------------  ----  ------  
i_pl_ready                                 tx_mux                     0      0                  FALL  1       
i_pl_ready_ibuf_iopad/PACKAGEPIN:in        IO_PAD                     0      0                  FALL  1       
i_pl_ready_ibuf_iopad/DOUT                 IO_PAD                     460    460                FALL  1       
i_pl_ready_ibuf_preio/PADIN                PRE_IO_PIN_TYPE_000001     0      460                FALL  1       
i_pl_ready_ibuf_preio/DIN0                 PRE_IO_PIN_TYPE_000001     490    950                FALL  1       
I__139/I                                   LocalMux                   0      950                FALL  1       
I__139/O                                   LocalMux                   768    1718               FALL  1       
I__140/I                                   InMux                      0      1718               FALL  1       
I__140/O                                   InMux                      503    2222               FALL  1       
o_resp_pl_ready_obuf_RNO_LC_18_30_1/in0    LogicCell40_SEQ_MODE_0000  0      2222               FALL  1       
o_resp_pl_ready_obuf_RNO_LC_18_30_1/lcout  LogicCell40_SEQ_MODE_0000  1285   3506               FALL  1       
I__142/I                                   LocalMux                   0      3506               FALL  1       
I__142/O                                   LocalMux                   768    4274               FALL  1       
I__143/I                                   IoInMux                    0      4274               FALL  1       
I__143/O                                   IoInMux                    503    4778               FALL  1       
o_resp_pl_ready_obuf_preio/DOUT0           PRE_IO_PIN_TYPE_011001     0      4778               FALL  1       
o_resp_pl_ready_obuf_preio/PADOUT          PRE_IO_PIN_TYPE_011001     755    5533               RISE  1       
o_resp_pl_ready_obuf_iopad/DIN             IO_PAD                     0      5533               RISE  1       
o_resp_pl_ready_obuf_iopad/PACKAGEPIN:out  IO_PAD                     1914   7447               RISE  1       
o_resp_pl_ready                            tx_mux                     0      7447               RISE  1       

++++ Path 2 ++++++++++++++++++++++++++++++++++++++++++++++++++++++++++

Output Port      : o_resp_pl_ready
Input Port       : i_grant_sel
Pad to Pad Delay : 9513

Pad to Pad Path
pin name                                   model name                 delay  cummulative delay  edge  Fanout  
-----------------------------------------  -------------------------  -----  -----------------  ----  ------  
i_grant_sel                                tx_mux                     0      0                  FALL  1       
i_grant_sel_ibuf_iopad/PACKAGEPIN:in       IO_PAD                     0      0                  FALL  1       
i_grant_sel_ibuf_iopad/DOUT                IO_PAD                     460    460                FALL  1       
i_grant_sel_ibuf_preio/PADIN               PRE_IO_PIN_TYPE_000001     0      460                FALL  1       
i_grant_sel_ibuf_preio/DIN0                PRE_IO_PIN_TYPE_000001     490    950                FALL  1       
I__115/I                                   Odrv4                      0      950                FALL  1       
I__115/O                                   Odrv4                      649    1599               FALL  1       
I__117/I                                   IoSpan4Mux                 0      1599               FALL  1       
I__117/O                                   IoSpan4Mux                 742    2341               FALL  1       
I__119/I                                   Span4Mux_h                 0      2341               FALL  1       
I__119/O                                   Span4Mux_h                 543    2884               FALL  1       
I__122/I                                   Span4Mux_h                 0      2884               FALL  1       
I__122/O                                   Span4Mux_h                 543    3427               FALL  1       
I__127/I                                   LocalMux                   0      3427               FALL  1       
I__127/O                                   LocalMux                   768    4195               FALL  1       
I__129/I                                   InMux                      0      4195               FALL  1       
I__129/O                                   InMux                      503    4698               FALL  1       
o_resp_pl_ready_obuf_RNO_LC_18_30_1/in3    LogicCell40_SEQ_MODE_0000  0      4698               FALL  1       
o_resp_pl_ready_obuf_RNO_LC_18_30_1/lcout  LogicCell40_SEQ_MODE_0000  874    5572               FALL  1       
I__142/I                                   LocalMux                   0      5572               FALL  1       
I__142/O                                   LocalMux                   768    6341               FALL  1       
I__143/I                                   IoInMux                    0      6341               FALL  1       
I__143/O                                   IoInMux                    503    6844               FALL  1       
o_resp_pl_ready_obuf_preio/DOUT0           PRE_IO_PIN_TYPE_011001     0      6844               FALL  1       
o_resp_pl_ready_obuf_preio/PADOUT          PRE_IO_PIN_TYPE_011001     755    7599               RISE  1       
o_resp_pl_ready_obuf_iopad/DIN             IO_PAD                     0      7599               RISE  1       
o_resp_pl_ready_obuf_iopad/PACKAGEPIN:out  IO_PAD                     1914   9513               RISE  1       
o_resp_pl_ready                            tx_mux                     0      9513               RISE  1       

6.6.11::Path details for port: o_send_pl_ready
--------------------------------------------------

++++ Path 1 ++++++++++++++++++++++++++++++++++++++++++++++++++++++++++

Output Port      : o_send_pl_ready
Input Port       : i_pl_ready
Pad to Pad Delay : 7447

Pad to Pad Path
pin name                                   model name                 delay  cummulative delay  edge  Fanout  
-----------------------------------------  -------------------------  -----  -----------------  ----  ------  
i_pl_ready                                 tx_mux                     0      0                  FALL  1       
i_pl_ready_ibuf_iopad/PACKAGEPIN:in        IO_PAD                     0      0                  FALL  1       
i_pl_ready_ibuf_iopad/DOUT                 IO_PAD                     460    460                FALL  1       
i_pl_ready_ibuf_preio/PADIN                PRE_IO_PIN_TYPE_000001     0      460                FALL  1       
i_pl_ready_ibuf_preio/DIN0                 PRE_IO_PIN_TYPE_000001     490    950                FALL  1       
I__139/I                                   LocalMux                   0      950                FALL  1       
I__139/O                                   LocalMux                   768    1718               FALL  1       
I__141/I                                   InMux                      0      1718               FALL  1       
I__141/O                                   InMux                      503    2222               FALL  1       
o_send_pl_ready_obuf_RNO_LC_18_30_5/in0    LogicCell40_SEQ_MODE_0000  0      2222               FALL  1       
o_send_pl_ready_obuf_RNO_LC_18_30_5/lcout  LogicCell40_SEQ_MODE_0000  1285   3506               FALL  1       
I__113/I                                   LocalMux                   0      3506               FALL  1       
I__113/O                                   LocalMux                   768    4274               FALL  1       
I__114/I                                   IoInMux                    0      4274               FALL  1       
I__114/O                                   IoInMux                    503    4778               FALL  1       
o_send_pl_ready_obuf_preio/DOUT0           PRE_IO_PIN_TYPE_011001     0      4778               FALL  1       
o_send_pl_ready_obuf_preio/PADOUT          PRE_IO_PIN_TYPE_011001     755    5533               RISE  1       
o_send_pl_ready_obuf_iopad/DIN             IO_PAD                     0      5533               RISE  1       
o_send_pl_ready_obuf_iopad/PACKAGEPIN:out  IO_PAD                     1914   7447               RISE  1       
o_send_pl_ready                            tx_mux                     0      7447               RISE  1       

++++ Path 2 ++++++++++++++++++++++++++++++++++++++++++++++++++++++++++

Output Port      : o_send_pl_ready
Input Port       : i_grant_sel
Pad to Pad Delay : 9513

Pad to Pad Path
pin name                                   model name                 delay  cummulative delay  edge  Fanout  
-----------------------------------------  -------------------------  -----  -----------------  ----  ------  
i_grant_sel                                tx_mux                     0      0                  FALL  1       
i_grant_sel_ibuf_iopad/PACKAGEPIN:in       IO_PAD                     0      0                  FALL  1       
i_grant_sel_ibuf_iopad/DOUT                IO_PAD                     460    460                FALL  1       
i_grant_sel_ibuf_preio/PADIN               PRE_IO_PIN_TYPE_000001     0      460                FALL  1       
i_grant_sel_ibuf_preio/DIN0                PRE_IO_PIN_TYPE_000001     490    950                FALL  1       
I__115/I                                   Odrv4                      0      950                FALL  1       
I__115/O                                   Odrv4                      649    1599               FALL  1       
I__117/I                                   IoSpan4Mux                 0      1599               FALL  1       
I__117/O                                   IoSpan4Mux                 742    2341               FALL  1       
I__119/I                                   Span4Mux_h                 0      2341               FALL  1       
I__119/O                                   Span4Mux_h                 543    2884               FALL  1       
I__122/I                                   Span4Mux_h                 0      2884               FALL  1       
I__122/O                                   Span4Mux_h                 543    3427               FALL  1       
I__127/I                                   LocalMux                   0      3427               FALL  1       
I__127/O                                   LocalMux                   768    4195               FALL  1       
I__130/I                                   InMux                      0      4195               FALL  1       
I__130/O                                   InMux                      503    4698               FALL  1       
o_send_pl_ready_obuf_RNO_LC_18_30_5/in3    LogicCell40_SEQ_MODE_0000  0      4698               FALL  1       
o_send_pl_ready_obuf_RNO_LC_18_30_5/lcout  LogicCell40_SEQ_MODE_0000  874    5572               FALL  1       
I__113/I                                   LocalMux                   0      5572               FALL  1       
I__113/O                                   LocalMux                   768    6341               FALL  1       
I__114/I                                   IoInMux                    0      6341               FALL  1       
I__114/O                                   IoInMux                    503    6844               FALL  1       
o_send_pl_ready_obuf_preio/DOUT0           PRE_IO_PIN_TYPE_011001     0      6844               FALL  1       
o_send_pl_ready_obuf_preio/PADOUT          PRE_IO_PIN_TYPE_011001     755    7599               RISE  1       
o_send_pl_ready_obuf_iopad/DIN             IO_PAD                     0      7599               RISE  1       
o_send_pl_ready_obuf_iopad/PACKAGEPIN:out  IO_PAD                     1914   9513               RISE  1       
o_send_pl_ready                            tx_mux                     0      9513               RISE  1       


 =====================================================================
                    End of Path Details for Datasheet
 #####################################################################

##################################################################### 
                    Detailed Setup Report for all timing paths 
===================================================================== 

++++ Path 1 ++++++++++++++++++++++++++++++++++++++++++++++++++++++++++ 

Path Begin       : i_pl_ready
Path End         : o_resp_pl_ready
Setup Constraint : +INF
Path slack       : +INF

End-of-path required time (ps)           +INF

Launch Clock Arrival Time (DEFAULT:R#0)      0
+ Launch Clock Source Latency                0
+ Input Delay                                0
+ Data Path Delay                         7684
---------------------------------------   ---- 
End-of-path arrival time (ps)             7684
 
Data path
pin name                                   model name                 delay  cumulative delay  slack  edge  Fanout
-----------------------------------------  -------------------------  -----  ----------------  -----  ----  ------
i_pl_ready                                 tx_mux                         0                 0   +INF  RISE       1
i_pl_ready_ibuf_iopad/PACKAGEPIN:in        IO_PAD                         0                 0   +INF  RISE       1
i_pl_ready_ibuf_iopad/DOUT                 IO_PAD                       510               510   +INF  RISE       1
i_pl_ready_ibuf_preio/PADIN                PRE_IO_PIN_TYPE_000001         0               510   +INF  RISE       1
i_pl_ready_ibuf_preio/DIN0                 PRE_IO_PIN_TYPE_000001       490              1000   +INF  FALL       1
I__139/I                                   LocalMux                       0              1000   +INF  FALL       1
I__139/O                                   LocalMux                     768              1768   +INF  FALL       1
I__140/I                                   InMux                          0              1768   +INF  FALL       1
I__140/O                                   InMux                        503              2272   +INF  FALL       1
o_resp_pl_ready_obuf_RNO_LC_18_30_1/in0    LogicCell40_SEQ_MODE_0000      0              2272   +INF  FALL       1
o_resp_pl_ready_obuf_RNO_LC_18_30_1/lcout  LogicCell40_SEQ_MODE_0000   1285              3556   +INF  FALL       1
I__142/I                                   LocalMux                       0              3556   +INF  FALL       1
I__142/O                                   LocalMux                     768              4324   +INF  FALL       1
I__143/I                                   IoInMux                        0              4324   +INF  FALL       1
I__143/O                                   IoInMux                      503              4828   +INF  FALL       1
o_resp_pl_ready_obuf_preio/DOUT0           PRE_IO_PIN_TYPE_011001         0              4828   +INF  FALL       1
o_resp_pl_ready_obuf_preio/PADOUT          PRE_IO_PIN_TYPE_011001       768              5596   +INF  FALL       1
o_resp_pl_ready_obuf_iopad/DIN             IO_PAD                         0              5596   +INF  FALL       1
o_resp_pl_ready_obuf_iopad/PACKAGEPIN:out  IO_PAD                      2088              7684   +INF  FALL       1
o_resp_pl_ready                            tx_mux                         0              7684   +INF  FALL       1


++++ Path 2 ++++++++++++++++++++++++++++++++++++++++++++++++++++++++++ 

Path Begin       : i_pl_ready
Path End         : o_send_pl_ready
Setup Constraint : +INF
Path slack       : +INF

End-of-path required time (ps)           +INF

Launch Clock Arrival Time (DEFAULT:R#0)      0
+ Launch Clock Source Latency                0
+ Input Delay                                0
+ Data Path Delay                         7634
---------------------------------------   ---- 
End-of-path arrival time (ps)             7634
 
Data path
pin name                                   model name                 delay  cumulative delay  slack  edge  Fanout
-----------------------------------------  -------------------------  -----  ----------------  -----  ----  ------
i_pl_ready                                 tx_mux                         0                 0   +INF  FALL       1
i_pl_ready_ibuf_iopad/PACKAGEPIN:in        IO_PAD                         0                 0   +INF  FALL       1
i_pl_ready_ibuf_iopad/DOUT                 IO_PAD                       460               460   +INF  FALL       1
i_pl_ready_ibuf_preio/PADIN                PRE_IO_PIN_TYPE_000001         0               460   +INF  FALL       1
i_pl_ready_ibuf_preio/DIN0                 PRE_IO_PIN_TYPE_000001       490               950   +INF  FALL       1
I__139/I                                   LocalMux                       0               950   +INF  FALL       1
I__139/O                                   LocalMux                     768              1718   +INF  FALL       1
I__141/I                                   InMux                          0              1718   +INF  FALL       1
I__141/O                                   InMux                        503              2222   +INF  FALL       1
o_send_pl_ready_obuf_RNO_LC_18_30_5/in0    LogicCell40_SEQ_MODE_0000      0              2222   +INF  FALL       1
o_send_pl_ready_obuf_RNO_LC_18_30_5/lcout  LogicCell40_SEQ_MODE_0000   1285              3506   +INF  FALL       1
I__113/I                                   LocalMux                       0              3506   +INF  FALL       1
I__113/O                                   LocalMux                     768              4274   +INF  FALL       1
I__114/I                                   IoInMux                        0              4274   +INF  FALL       1
I__114/O                                   IoInMux                      503              4778   +INF  FALL       1
o_send_pl_ready_obuf_preio/DOUT0           PRE_IO_PIN_TYPE_011001         0              4778   +INF  FALL       1
o_send_pl_ready_obuf_preio/PADOUT          PRE_IO_PIN_TYPE_011001       768              5546   +INF  FALL       1
o_send_pl_ready_obuf_iopad/DIN             IO_PAD                         0              5546   +INF  FALL       1
o_send_pl_ready_obuf_iopad/PACKAGEPIN:out  IO_PAD                      2088              7634   +INF  FALL       1
o_send_pl_ready                            tx_mux                         0              7634   +INF  FALL       1


++++ Path 3 ++++++++++++++++++++++++++++++++++++++++++++++++++++++++++ 

Path Begin       : i_resp_pl_valid
Path End         : o_pl_valid
Setup Constraint : +INF
Path slack       : +INF

End-of-path required time (ps)           +INF

Launch Clock Arrival Time (DEFAULT:R#0)       0
+ Launch Clock Source Latency                 0
+ Input Delay                                 0
+ Data Path Delay                         11008
---------------------------------------   ----- 
End-of-path arrival time (ps)             11008
 
Data path
pin name                                  model name                 delay  cumulative delay  slack  edge  Fanout
----------------------------------------  -------------------------  -----  ----------------  -----  ----  ------
i_resp_pl_valid                           tx_mux                         0                 0   +INF  RISE       1
i_resp_pl_valid_ibuf_iopad/PACKAGEPIN:in  IO_PAD                         0                 0   +INF  RISE       1
i_resp_pl_valid_ibuf_iopad/DOUT           IO_PAD                       510               510   +INF  RISE       1
i_resp_pl_valid_ibuf_preio/PADIN          PRE_IO_PIN_TYPE_000001         0               510   +INF  RISE       1
i_resp_pl_valid_ibuf_preio/DIN0           PRE_IO_PIN_TYPE_000001       490              1000   +INF  FALL       1
I__89/I                                   Odrv4                          0              1000   +INF  FALL       1
I__89/O                                   Odrv4                        649              1649   +INF  FALL       1
I__90/I                                   Span4Mux_h                     0              1649   +INF  FALL       1
I__90/O                                   Span4Mux_h                   543              2192   +INF  FALL       1
I__91/I                                   LocalMux                       0              2192   +INF  FALL       1
I__91/O                                   LocalMux                     768              2960   +INF  FALL       1
I__92/I                                   InMux                          0              2960   +INF  FALL       1
I__92/O                                   InMux                        503              3464   +INF  FALL       1
o_pl_valid_obuf_RNO_LC_13_30_2/in0        LogicCell40_SEQ_MODE_0000      0              3464   +INF  FALL       1
o_pl_valid_obuf_RNO_LC_13_30_2/lcout      LogicCell40_SEQ_MODE_0000   1285              4748   +INF  FALL       1
I__82/I                                   Odrv4                          0              4748   +INF  FALL       1
I__82/O                                   Odrv4                        649              5397   +INF  FALL       1
I__83/I                                   IoSpan4Mux                     0              5397   +INF  FALL       1
I__83/O                                   IoSpan4Mux                   742              6139   +INF  FALL       1
I__84/I                                   IoSpan4Mux                     0              6139   +INF  FALL       1
I__84/O                                   IoSpan4Mux                   742              6881   +INF  FALL       1
I__85/I                                   LocalMux                       0              6881   +INF  FALL       1
I__85/O                                   LocalMux                     768              7649   +INF  FALL       1
I__86/I                                   IoInMux                        0              7649   +INF  FALL       1
I__86/O                                   IoInMux                      503              8152   +INF  FALL       1
o_pl_valid_obuf_preio/DOUT0               PRE_IO_PIN_TYPE_011001         0              8152   +INF  FALL       1
o_pl_valid_obuf_preio/PADOUT              PRE_IO_PIN_TYPE_011001       768              8920   +INF  FALL       1
o_pl_valid_obuf_iopad/DIN                 IO_PAD                         0              8920   +INF  FALL       1
o_pl_valid_obuf_iopad/PACKAGEPIN:out      IO_PAD                      2088             11008   +INF  FALL       1
o_pl_valid                                tx_mux                         0             11008   +INF  FALL       1


++++ Path 4 ++++++++++++++++++++++++++++++++++++++++++++++++++++++++++ 

Path Begin       : i_grant_sel
Path End         : o_pl_byte[6]
Setup Constraint : +INF
Path slack       : +INF

End-of-path required time (ps)           +INF

Launch Clock Arrival Time (DEFAULT:R#0)       0
+ Launch Clock Source Latency                 0
+ Input Delay                                 0
+ Data Path Delay                         10637
---------------------------------------   ----- 
End-of-path arrival time (ps)             10637
 
Data path
pin name                               model name                 delay  cumulative delay  slack  edge  Fanout
-------------------------------------  -------------------------  -----  ----------------  -----  ----  ------
i_grant_sel                            tx_mux                         0                 0   +INF  RISE       1
i_grant_sel_ibuf_iopad/PACKAGEPIN:in   IO_PAD                         0                 0   +INF  RISE       1
i_grant_sel_ibuf_iopad/DOUT            IO_PAD                       510               510   +INF  RISE       1
i_grant_sel_ibuf_preio/PADIN           PRE_IO_PIN_TYPE_000001         0               510   +INF  RISE       1
i_grant_sel_ibuf_preio/DIN0            PRE_IO_PIN_TYPE_000001       490              1000   +INF  FALL       1
I__115/I                               Odrv4                          0              1000   +INF  FALL       1
I__115/O                               Odrv4                        649              1649   +INF  FALL       1
I__117/I                               IoSpan4Mux                     0              1649   +INF  FALL       1
I__117/O                               IoSpan4Mux                   742              2391   +INF  FALL       1
I__119/I                               Span4Mux_h                     0              2391   +INF  FALL       1
I__119/O                               Span4Mux_h                   543              2934   +INF  FALL       1
I__121/I                               LocalMux                       0              2934   +INF  FALL       1
I__121/O                               LocalMux                     768              3702   +INF  FALL       1
I__124/I                               InMux                          0              3702   +INF  FALL       1
I__124/O                               InMux                        503              4205   +INF  FALL       1
o_pl_byte_obuf_RNO_6_LC_13_30_0/in3    LogicCell40_SEQ_MODE_0000      0              4205   +INF  FALL       1
o_pl_byte_obuf_RNO_6_LC_13_30_0/lcout  LogicCell40_SEQ_MODE_0000    874              5079   +INF  FALL       1
I__103/I                               Odrv12                         0              5079   +INF  FALL       1
I__103/O                               Odrv12                      1232              6311   +INF  FALL       1
I__104/I                               Span12Mux_s0_v                 0              6311   +INF  FALL       1
I__104/O                               Span12Mux_s0_v               199              6510   +INF  FALL       1
I__105/I                               LocalMux                       0              6510   +INF  FALL       1
I__105/O                               LocalMux                     768              7278   +INF  FALL       1
I__106/I                               IoInMux                        0              7278   +INF  FALL       1
I__106/O                               IoInMux                      503              7781   +INF  FALL       1
o_pl_byte_obuf_6_preio/DOUT0           PRE_IO_PIN_TYPE_011001         0              7781   +INF  FALL       1
o_pl_byte_obuf_6_preio/PADOUT          PRE_IO_PIN_TYPE_011001       768              8549   +INF  FALL       1
o_pl_byte_obuf_6_iopad/DIN             IO_PAD                         0              8549   +INF  FALL       1
o_pl_byte_obuf_6_iopad/PACKAGEPIN:out  IO_PAD                      2088             10637   +INF  FALL       1
o_pl_byte[6]                           tx_mux                         0             10637   +INF  FALL       1


++++ Path 5 ++++++++++++++++++++++++++++++++++++++++++++++++++++++++++ 

Path Begin       : i_grant_sel
Path End         : o_pl_byte[7]
Setup Constraint : +INF
Path slack       : +INF

End-of-path required time (ps)           +INF

Launch Clock Arrival Time (DEFAULT:R#0)       0
+ Launch Clock Source Latency                 0
+ Input Delay                                 0
+ Data Path Delay                         10958
---------------------------------------   ----- 
End-of-path arrival time (ps)             10958
 
Data path
pin name                               model name                 delay  cumulative delay  slack  edge  Fanout
-------------------------------------  -------------------------  -----  ----------------  -----  ----  ------
i_grant_sel                            tx_mux                         0                 0   +INF  FALL       1
i_grant_sel_ibuf_iopad/PACKAGEPIN:in   IO_PAD                         0                 0   +INF  FALL       1
i_grant_sel_ibuf_iopad/DOUT            IO_PAD                       460               460   +INF  FALL       1
i_grant_sel_ibuf_preio/PADIN           PRE_IO_PIN_TYPE_000001         0               460   +INF  FALL       1
i_grant_sel_ibuf_preio/DIN0            PRE_IO_PIN_TYPE_000001       490               950   +INF  FALL       1
I__115/I                               Odrv4                          0               950   +INF  FALL       1
I__115/O                               Odrv4                        649              1599   +INF  FALL       1
I__117/I                               IoSpan4Mux                     0              1599   +INF  FALL       1
I__117/O                               IoSpan4Mux                   742              2341   +INF  FALL       1
I__119/I                               Span4Mux_h                     0              2341   +INF  FALL       1
I__119/O                               Span4Mux_h                   543              2884   +INF  FALL       1
I__121/I                               LocalMux                       0              2884   +INF  FALL       1
I__121/O                               LocalMux                     768              3652   +INF  FALL       1
I__125/I                               InMux                          0              3652   +INF  FALL       1
I__125/O                               InMux                        503              4155   +INF  FALL       1
o_pl_byte_obuf_RNO_7_LC_13_30_1/in0    LogicCell40_SEQ_MODE_0000      0              4155   +INF  FALL       1
o_pl_byte_obuf_RNO_7_LC_13_30_1/lcout  LogicCell40_SEQ_MODE_0000   1285              5440   +INF  FALL       1
I__93/I                                Odrv4                          0              5440   +INF  FALL       1
I__93/O                                Odrv4                        649              6089   +INF  FALL       1
I__94/I                                IoSpan4Mux                     0              6089   +INF  FALL       1
I__94/O                                IoSpan4Mux                   742              6831   +INF  FALL       1
I__95/I                                LocalMux                       0              6831   +INF  FALL       1
I__95/O                                LocalMux                     768              7599   +INF  FALL       1
I__96/I                                IoInMux                        0              7599   +INF  FALL       1
I__96/O                                IoInMux                      503              8102   +INF  FALL       1
o_pl_byte_obuf_7_preio/DOUT0           PRE_IO_PIN_TYPE_011001         0              8102   +INF  FALL       1
o_pl_byte_obuf_7_preio/PADOUT          PRE_IO_PIN_TYPE_011001       768              8870   +INF  FALL       1
o_pl_byte_obuf_7_iopad/DIN             IO_PAD                         0              8870   +INF  FALL       1
o_pl_byte_obuf_7_iopad/PACKAGEPIN:out  IO_PAD                      2088             10958   +INF  FALL       1
o_pl_byte[7]                           tx_mux                         0             10958   +INF  FALL       1


++++ Path 6 ++++++++++++++++++++++++++++++++++++++++++++++++++++++++++ 

Path Begin       : i_send_pl_byte[5]
Path End         : o_pl_byte[5]
Setup Constraint : +INF
Path slack       : +INF

End-of-path required time (ps)           +INF

Launch Clock Arrival Time (DEFAULT:R#0)       0
+ Launch Clock Source Latency                 0
+ Input Delay                                 0
+ Data Path Delay                         13949
---------------------------------------   ----- 
End-of-path arrival time (ps)             13949
 
Data path
pin name                                   model name                 delay  cumulative delay  slack  edge  Fanout
-----------------------------------------  -------------------------  -----  ----------------  -----  ----  ------
i_send_pl_byte[5]                          tx_mux                         0                 0   +INF  RISE       1
i_send_pl_byte_ibuf_5_iopad/PACKAGEPIN:in  IO_PAD                         0                 0   +INF  RISE       1
i_send_pl_byte_ibuf_5_iopad/DOUT           IO_PAD                       510               510   +INF  RISE       1
i_send_pl_byte_ibuf_5_preio/PADIN          PRE_IO_PIN_TYPE_000001         0               510   +INF  RISE       1
i_send_pl_byte_ibuf_5_preio/DIN0           PRE_IO_PIN_TYPE_000001       490              1000   +INF  FALL       1
I__67/I                                    Odrv4                          0              1000   +INF  FALL       1
I__67/O                                    Odrv4                        649              1649   +INF  FALL       1
I__68/I                                    Span4Mux_h                     0              1649   +INF  FALL       1
I__68/O                                    Span4Mux_h                   543              2192   +INF  FALL       1
I__69/I                                    LocalMux                       0              2192   +INF  FALL       1
I__69/O                                    LocalMux                     768              2960   +INF  FALL       1
I__70/I                                    InMux                          0              2960   +INF  FALL       1
I__70/O                                    InMux                        503              3464   +INF  FALL       1
o_pl_byte_obuf_RNO_5_LC_18_1_1/in1         LogicCell40_SEQ_MODE_0000      0              3464   +INF  FALL       1
o_pl_byte_obuf_RNO_5_LC_18_1_1/lcout       LogicCell40_SEQ_MODE_0000   1232              4695   +INF  FALL       1
I__55/I                                    Odrv12                         0              4695   +INF  FALL       1
I__55/O                                    Odrv12                      1232              5927   +INF  FALL       1
I__56/I                                    Span12Mux_v                    0              5927   +INF  FALL       1
I__56/O                                    Span12Mux_v                 1073              7000   +INF  FALL       1
I__57/I                                    Sp12to4                        0              7000   +INF  FALL       1
I__57/O                                    Sp12to4                      848              7847   +INF  FALL       1
I__58/I                                    Span4Mux_v                     0              7847   +INF  FALL       1
I__58/O                                    Span4Mux_v                   649              8496   +INF  FALL       1
I__59/I                                    Span4Mux_s3_v                  0              8496   +INF  FALL       1
I__59/O                                    Span4Mux_s3_v                583              9079   +INF  FALL       1
I__60/I                                    IoSpan4Mux                     0              9079   +INF  FALL       1
I__60/O                                    IoSpan4Mux                   742              9821   +INF  FALL       1
I__61/I                                    LocalMux                       0              9821   +INF  FALL       1
I__61/O                                    LocalMux                     768             10589   +INF  FALL       1
I__62/I                                    IoInMux                        0             10589   +INF  FALL       1
I__62/O                                    IoInMux                      503             11092   +INF  FALL       1
o_pl_byte_obuf_5_preio/DOUT0               PRE_IO_PIN_TYPE_011001         0             11092   +INF  FALL       1
o_pl_byte_obuf_5_preio/PADOUT              PRE_IO_PIN_TYPE_011001       768             11861   +INF  FALL       1
o_pl_byte_obuf_5_iopad/DIN                 IO_PAD                         0             11861   +INF  FALL       1
o_pl_byte_obuf_5_iopad/PACKAGEPIN:out      IO_PAD                      2088             13949   +INF  FALL       1
o_pl_byte[5]                               tx_mux                         0             13949   +INF  FALL       1


++++ Path 7 ++++++++++++++++++++++++++++++++++++++++++++++++++++++++++ 

Path Begin       : i_send_pl_byte[4]
Path End         : o_pl_byte[4]
Setup Constraint : +INF
Path slack       : +INF

End-of-path required time (ps)           +INF

Launch Clock Arrival Time (DEFAULT:R#0)      0
+ Launch Clock Source Latency                0
+ Input Delay                                0
+ Data Path Delay                         9366
---------------------------------------   ---- 
End-of-path arrival time (ps)             9366
 
Data path
pin name                                   model name                 delay  cumulative delay  slack  edge  Fanout
-----------------------------------------  -------------------------  -----  ----------------  -----  ----  ------
i_send_pl_byte[4]                          tx_mux                         0                 0   +INF  RISE       1
i_send_pl_byte_ibuf_4_iopad/PACKAGEPIN:in  IO_PAD                         0                 0   +INF  RISE       1
i_send_pl_byte_ibuf_4_iopad/DOUT           IO_PAD                       510               510   +INF  RISE       1
i_send_pl_byte_ibuf_4_preio/PADIN          PRE_IO_PIN_TYPE_000001         0               510   +INF  RISE       1
i_send_pl_byte_ibuf_4_preio/DIN0           PRE_IO_PIN_TYPE_000001       490              1000   +INF  FALL       1
I__149/I                                   LocalMux                       0              1000   +INF  FALL       1
I__149/O                                   LocalMux                     768              1768   +INF  FALL       1
I__150/I                                   InMux                          0              1768   +INF  FALL       1
I__150/O                                   InMux                        503              2272   +INF  FALL       1
o_pl_byte_obuf_RNO_4_LC_18_1_6/in1         LogicCell40_SEQ_MODE_0000      0              2272   +INF  FALL       1
o_pl_byte_obuf_RNO_4_LC_18_1_6/lcout       LogicCell40_SEQ_MODE_0000   1232              3503   +INF  FALL       1
I__144/I                                   Odrv4                          0              3503   +INF  FALL       1
I__144/O                                   Odrv4                        649              4152   +INF  FALL       1
I__145/I                                   Span4Mux_s0_v                  0              4152   +INF  FALL       1
I__145/O                                   Span4Mux_s0_v                344              4497   +INF  FALL       1
I__146/I                                   IoSpan4Mux                     0              4497   +INF  FALL       1
I__146/O                                   IoSpan4Mux                   742              5238   +INF  FALL       1
I__147/I                                   LocalMux                       0              5238   +INF  FALL       1
I__147/O                                   LocalMux                     768              6006   +INF  FALL       1
I__148/I                                   IoInMux                        0              6006   +INF  FALL       1
I__148/O                                   IoInMux                      503              6510   +INF  FALL       1
o_pl_byte_obuf_4_preio/DOUT0               PRE_IO_PIN_TYPE_011001         0              6510   +INF  FALL       1
o_pl_byte_obuf_4_preio/PADOUT              PRE_IO_PIN_TYPE_011001       768              7278   +INF  FALL       1
o_pl_byte_obuf_4_iopad/DIN                 IO_PAD                         0              7278   +INF  FALL       1
o_pl_byte_obuf_4_iopad/PACKAGEPIN:out      IO_PAD                      2088              9366   +INF  FALL       1
o_pl_byte[4]                               tx_mux                         0              9366   +INF  FALL       1


++++ Path 8 ++++++++++++++++++++++++++++++++++++++++++++++++++++++++++ 

Path Begin       : i_send_pl_byte[3]
Path End         : o_pl_byte[3]
Setup Constraint : +INF
Path slack       : +INF

End-of-path required time (ps)           +INF

Launch Clock Arrival Time (DEFAULT:R#0)      0
+ Launch Clock Source Latency                0
+ Input Delay                                0
+ Data Path Delay                         9167
---------------------------------------   ---- 
End-of-path arrival time (ps)             9167
 
Data path
pin name                                   model name                 delay  cumulative delay  slack  edge  Fanout
-----------------------------------------  -------------------------  -----  ----------------  -----  ----  ------
i_send_pl_byte[3]                          tx_mux                         0                 0   +INF  RISE       1
i_send_pl_byte_ibuf_3_iopad/PACKAGEPIN:in  IO_PAD                         0                 0   +INF  RISE       1
i_send_pl_byte_ibuf_3_iopad/DOUT           IO_PAD                       510               510   +INF  RISE       1
i_send_pl_byte_ibuf_3_preio/PADIN          PRE_IO_PIN_TYPE_000001         0               510   +INF  RISE       1
i_send_pl_byte_ibuf_3_preio/DIN0           PRE_IO_PIN_TYPE_000001       490              1000   +INF  FALL       1
I__165/I                                   LocalMux                       0              1000   +INF  FALL       1
I__165/O                                   LocalMux                     768              1768   +INF  FALL       1
I__166/I                                   InMux                          0              1768   +INF  FALL       1
I__166/O                                   InMux                        503              2272   +INF  FALL       1
o_pl_byte_obuf_RNO_3_LC_18_1_5/in1         LogicCell40_SEQ_MODE_0000      0              2272   +INF  FALL       1
o_pl_byte_obuf_RNO_3_LC_18_1_5/lcout       LogicCell40_SEQ_MODE_0000   1232              3503   +INF  FALL       1
I__155/I                                   Odrv4                          0              3503   +INF  FALL       1
I__155/O                                   Odrv4                        649              4152   +INF  FALL       1
I__156/I                                   Span4Mux_h                     0              4152   +INF  FALL       1
I__156/O                                   Span4Mux_h                   543              4695   +INF  FALL       1
I__157/I                                   Span4Mux_s0_v                  0              4695   +INF  FALL       1
I__157/O                                   Span4Mux_s0_v                344              5040   +INF  FALL       1
I__158/I                                   LocalMux                       0              5040   +INF  FALL       1
I__158/O                                   LocalMux                     768              5808   +INF  FALL       1
I__159/I                                   IoInMux                        0              5808   +INF  FALL       1
I__159/O                                   IoInMux                      503              6311   +INF  FALL       1
o_pl_byte_obuf_3_preio/DOUT0               PRE_IO_PIN_TYPE_011001         0              6311   +INF  FALL       1
o_pl_byte_obuf_3_preio/PADOUT              PRE_IO_PIN_TYPE_011001       768              7079   +INF  FALL       1
o_pl_byte_obuf_3_iopad/DIN                 IO_PAD                         0              7079   +INF  FALL       1
o_pl_byte_obuf_3_iopad/PACKAGEPIN:out      IO_PAD                      2088              9167   +INF  FALL       1
o_pl_byte[3]                               tx_mux                         0              9167   +INF  FALL       1


++++ Path 9 ++++++++++++++++++++++++++++++++++++++++++++++++++++++++++ 

Path Begin       : i_send_pl_byte[2]
Path End         : o_pl_byte[2]
Setup Constraint : +INF
Path slack       : +INF

End-of-path required time (ps)           +INF

Launch Clock Arrival Time (DEFAULT:R#0)       0
+ Launch Clock Source Latency                 0
+ Input Delay                                 0
+ Data Path Delay                         10108
---------------------------------------   ----- 
End-of-path arrival time (ps)             10108
 
Data path
pin name                                   model name                 delay  cumulative delay  slack  edge  Fanout
-----------------------------------------  -------------------------  -----  ----------------  -----  ----  ------
i_send_pl_byte[2]                          tx_mux                         0                 0   +INF  RISE       1
i_send_pl_byte_ibuf_2_iopad/PACKAGEPIN:in  IO_PAD                         0                 0   +INF  RISE       1
i_send_pl_byte_ibuf_2_iopad/DOUT           IO_PAD                       510               510   +INF  RISE       1
i_send_pl_byte_ibuf_2_preio/PADIN          PRE_IO_PIN_TYPE_000001         0               510   +INF  RISE       1
i_send_pl_byte_ibuf_2_preio/DIN0           PRE_IO_PIN_TYPE_000001       490              1000   +INF  FALL       1
I__178/I                                   LocalMux                       0              1000   +INF  FALL       1
I__178/O                                   LocalMux                     768              1768   +INF  FALL       1
I__179/I                                   InMux                          0              1768   +INF  FALL       1
I__179/O                                   InMux                        503              2272   +INF  FALL       1
o_pl_byte_obuf_RNO_2_LC_18_1_4/in0         LogicCell40_SEQ_MODE_0000      0              2272   +INF  FALL       1
o_pl_byte_obuf_RNO_2_LC_18_1_4/lcout       LogicCell40_SEQ_MODE_0000   1285              3556   +INF  FALL       1
I__167/I                                   Odrv12                         0              3556   +INF  FALL       1
I__167/O                                   Odrv12                      1232              4788   +INF  FALL       1
I__168/I                                   Sp12to4                        0              4788   +INF  FALL       1
I__168/O                                   Sp12to4                      848              5636   +INF  FALL       1
I__169/I                                   Span4Mux_s0_v                  0              5636   +INF  FALL       1
I__169/O                                   Span4Mux_s0_v                344              5980   +INF  FALL       1
I__170/I                                   LocalMux                       0              5980   +INF  FALL       1
I__170/O                                   LocalMux                     768              6748   +INF  FALL       1
I__171/I                                   IoInMux                        0              6748   +INF  FALL       1
I__171/O                                   IoInMux                      503              7251   +INF  FALL       1
o_pl_byte_obuf_2_preio/DOUT0               PRE_IO_PIN_TYPE_011001         0              7251   +INF  FALL       1
o_pl_byte_obuf_2_preio/PADOUT              PRE_IO_PIN_TYPE_011001       768              8020   +INF  FALL       1
o_pl_byte_obuf_2_iopad/DIN                 IO_PAD                         0              8020   +INF  FALL       1
o_pl_byte_obuf_2_iopad/PACKAGEPIN:out      IO_PAD                      2088             10108   +INF  FALL       1
o_pl_byte[2]                               tx_mux                         0             10108   +INF  FALL       1


++++ Path 10 ++++++++++++++++++++++++++++++++++++++++++++++++++++++++++ 

Path Begin       : i_send_pl_byte[1]
Path End         : o_pl_byte[1]
Setup Constraint : +INF
Path slack       : +INF

End-of-path required time (ps)           +INF

Launch Clock Arrival Time (DEFAULT:R#0)      0
+ Launch Clock Source Latency                0
+ Input Delay                                0
+ Data Path Delay                         9061
---------------------------------------   ---- 
End-of-path arrival time (ps)             9061
 
Data path
pin name                                   model name                 delay  cumulative delay  slack  edge  Fanout
-----------------------------------------  -------------------------  -----  ----------------  -----  ----  ------
i_send_pl_byte[1]                          tx_mux                         0                 0   +INF  RISE       1
i_send_pl_byte_ibuf_1_iopad/PACKAGEPIN:in  IO_PAD                         0                 0   +INF  RISE       1
i_send_pl_byte_ibuf_1_iopad/DOUT           IO_PAD                       510               510   +INF  RISE       1
i_send_pl_byte_ibuf_1_preio/PADIN          PRE_IO_PIN_TYPE_000001         0               510   +INF  RISE       1
i_send_pl_byte_ibuf_1_preio/DIN0           PRE_IO_PIN_TYPE_000001       490              1000   +INF  FALL       1
I__53/I                                    LocalMux                       0              1000   +INF  FALL       1
I__53/O                                    LocalMux                     768              1768   +INF  FALL       1
I__54/I                                    InMux                          0              1768   +INF  FALL       1
I__54/O                                    InMux                        503              2272   +INF  FALL       1
o_pl_byte_obuf_RNO_1_LC_18_1_3/in1         LogicCell40_SEQ_MODE_0000      0              2272   +INF  FALL       1
o_pl_byte_obuf_RNO_1_LC_18_1_3/lcout       LogicCell40_SEQ_MODE_0000   1232              3503   +INF  FALL       1
I__45/I                                    Odrv12                         0              3503   +INF  FALL       1
I__45/O                                    Odrv12                      1232              4735   +INF  FALL       1
I__46/I                                    Span12Mux_s0_v                 0              4735   +INF  FALL       1
I__46/O                                    Span12Mux_s0_v               199              4934   +INF  FALL       1
I__47/I                                    LocalMux                       0              4934   +INF  FALL       1
I__47/O                                    LocalMux                     768              5702   +INF  FALL       1
I__48/I                                    IoInMux                        0              5702   +INF  FALL       1
I__48/O                                    IoInMux                      503              6205   +INF  FALL       1
o_pl_byte_obuf_1_preio/DOUT0               PRE_IO_PIN_TYPE_011001         0              6205   +INF  FALL       1
o_pl_byte_obuf_1_preio/PADOUT              PRE_IO_PIN_TYPE_011001       768              6973   +INF  FALL       1
o_pl_byte_obuf_1_iopad/DIN                 IO_PAD                         0              6973   +INF  FALL       1
o_pl_byte_obuf_1_iopad/PACKAGEPIN:out      IO_PAD                      2088              9061   +INF  FALL       1
o_pl_byte[1]                               tx_mux                         0              9061   +INF  FALL       1


++++ Path 11 ++++++++++++++++++++++++++++++++++++++++++++++++++++++++++ 

Path Begin       : i_send_pl_byte[0]
Path End         : o_pl_byte[0]
Setup Constraint : +INF
Path slack       : +INF

End-of-path required time (ps)           +INF

Launch Clock Arrival Time (DEFAULT:R#0)      0
+ Launch Clock Source Latency                0
+ Input Delay                                0
+ Data Path Delay                         8624
---------------------------------------   ---- 
End-of-path arrival time (ps)             8624
 
Data path
pin name                                   model name                 delay  cumulative delay  slack  edge  Fanout
-----------------------------------------  -------------------------  -----  ----------------  -----  ----  ------
i_send_pl_byte[0]                          tx_mux                         0                 0   +INF  RISE       1
i_send_pl_byte_ibuf_0_iopad/PACKAGEPIN:in  IO_PAD                         0                 0   +INF  RISE       1
i_send_pl_byte_ibuf_0_iopad/DOUT           IO_PAD                       510               510   +INF  RISE       1
i_send_pl_byte_ibuf_0_preio/PADIN          PRE_IO_PIN_TYPE_000001         0               510   +INF  RISE       1
i_send_pl_byte_ibuf_0_preio/DIN0           PRE_IO_PIN_TYPE_000001       490              1000   +INF  FALL       1
I__75/I                                    LocalMux                       0              1000   +INF  FALL       1
I__75/O                                    LocalMux                     768              1768   +INF  FALL       1
I__76/I                                    InMux                          0              1768   +INF  FALL       1
I__76/O                                    InMux                        503              2272   +INF  FALL       1
o_pl_byte_obuf_RNO_0_LC_18_1_0/in1         LogicCell40_SEQ_MODE_0000      0              2272   +INF  FALL       1
o_pl_byte_obuf_RNO_0_LC_18_1_0/lcout       LogicCell40_SEQ_MODE_0000   1232              3503   +INF  FALL       1
I__71/I                                    Odrv4                          0              3503   +INF  FALL       1
I__71/O                                    Odrv4                        649              4152   +INF  FALL       1
I__72/I                                    Span4Mux_s0_v                  0              4152   +INF  FALL       1
I__72/O                                    Span4Mux_s0_v                344              4497   +INF  FALL       1
I__73/I                                    LocalMux                       0              4497   +INF  FALL       1
I__73/O                                    LocalMux                     768              5265   +INF  FALL       1
I__74/I                                    IoInMux                        0              5265   +INF  FALL       1
I__74/O                                    IoInMux                      503              5768   +INF  FALL       1
o_pl_byte_obuf_0_preio/DOUT0               PRE_IO_PIN_TYPE_011001         0              5768   +INF  FALL       1
o_pl_byte_obuf_0_preio/PADOUT              PRE_IO_PIN_TYPE_011001       768              6536   +INF  FALL       1
o_pl_byte_obuf_0_iopad/DIN                 IO_PAD                         0              6536   +INF  FALL       1
o_pl_byte_obuf_0_iopad/PACKAGEPIN:out      IO_PAD                      2088              8624   +INF  FALL       1
o_pl_byte[0]                               tx_mux                         0              8624   +INF  FALL       1

===================================================================== 
                    End of Detailed Setup Report for all timing paths 
##################################################################### 

##################################################################### 
                    Detailed Hold Report for all timing paths 
===================================================================== 

++++ Path 1 ++++++++++++++++++++++++++++++++++++++++++++++++++++++++++ 

Path Begin       : i_pl_ready
Path End         : o_resp_pl_ready
Hold Constraint  : -INF
Path slack       : +INF

End-of-path required time (ps)           +INF

Launch Clock Arrival Time (DEFAULT:R#0)      0
+ Launch Clock Source Latency                0
+ Input Delay                                0
+ Data Path Delay                         7684
---------------------------------------   ---- 
End-of-path arrival time (ps)             7684
 
Data path
pin name                                   model name                 delay  cumulative delay  slack  edge  Fanout
-----------------------------------------  -------------------------  -----  ----------------  -----  ----  ------
i_pl_ready                                 tx_mux                         0                 0   +INF  RISE       1
i_pl_ready_ibuf_iopad/PACKAGEPIN:in        IO_PAD                         0                 0   +INF  RISE       1
i_pl_ready_ibuf_iopad/DOUT                 IO_PAD                       510               510   +INF  RISE       1
i_pl_ready_ibuf_preio/PADIN                PRE_IO_PIN_TYPE_000001         0               510   +INF  RISE       1
i_pl_ready_ibuf_preio/DIN0                 PRE_IO_PIN_TYPE_000001       490              1000   +INF  FALL       1
I__139/I                                   LocalMux                       0              1000   +INF  FALL       1
I__139/O                                   LocalMux                     768              1768   +INF  FALL       1
I__140/I                                   InMux                          0              1768   +INF  FALL       1
I__140/O                                   InMux                        503              2272   +INF  FALL       1
o_resp_pl_ready_obuf_RNO_LC_18_30_1/in0    LogicCell40_SEQ_MODE_0000      0              2272   +INF  FALL       1
o_resp_pl_ready_obuf_RNO_LC_18_30_1/lcout  LogicCell40_SEQ_MODE_0000   1285              3556   +INF  FALL       1
I__142/I                                   LocalMux                       0              3556   +INF  FALL       1
I__142/O                                   LocalMux                     768              4324   +INF  FALL       1
I__143/I                                   IoInMux                        0              4324   +INF  FALL       1
I__143/O                                   IoInMux                      503              4828   +INF  FALL       1
o_resp_pl_ready_obuf_preio/DOUT0           PRE_IO_PIN_TYPE_011001         0              4828   +INF  FALL       1
o_resp_pl_ready_obuf_preio/PADOUT          PRE_IO_PIN_TYPE_011001       768              5596   +INF  FALL       1
o_resp_pl_ready_obuf_iopad/DIN             IO_PAD                         0              5596   +INF  FALL       1
o_resp_pl_ready_obuf_iopad/PACKAGEPIN:out  IO_PAD                      2088              7684   +INF  FALL       1
o_resp_pl_ready                            tx_mux                         0              7684   +INF  FALL       1


++++ Path 2 ++++++++++++++++++++++++++++++++++++++++++++++++++++++++++ 

Path Begin       : i_pl_ready
Path End         : o_send_pl_ready
Hold Constraint  : -INF
Path slack       : +INF

End-of-path required time (ps)           +INF

Launch Clock Arrival Time (DEFAULT:R#0)      0
+ Launch Clock Source Latency                0
+ Input Delay                                0
+ Data Path Delay                         7634
---------------------------------------   ---- 
End-of-path arrival time (ps)             7634
 
Data path
pin name                                   model name                 delay  cumulative delay  slack  edge  Fanout
-----------------------------------------  -------------------------  -----  ----------------  -----  ----  ------
i_pl_ready                                 tx_mux                         0                 0   +INF  FALL       1
i_pl_ready_ibuf_iopad/PACKAGEPIN:in        IO_PAD                         0                 0   +INF  FALL       1
i_pl_ready_ibuf_iopad/DOUT                 IO_PAD                       460               460   +INF  FALL       1
i_pl_ready_ibuf_preio/PADIN                PRE_IO_PIN_TYPE_000001         0               460   +INF  FALL       1
i_pl_ready_ibuf_preio/DIN0                 PRE_IO_PIN_TYPE_000001       490               950   +INF  FALL       1
I__139/I                                   LocalMux                       0               950   +INF  FALL       1
I__139/O                                   LocalMux                     768              1718   +INF  FALL       1
I__141/I                                   InMux                          0              1718   +INF  FALL       1
I__141/O                                   InMux                        503              2222   +INF  FALL       1
o_send_pl_ready_obuf_RNO_LC_18_30_5/in0    LogicCell40_SEQ_MODE_0000      0              2222   +INF  FALL       1
o_send_pl_ready_obuf_RNO_LC_18_30_5/lcout  LogicCell40_SEQ_MODE_0000   1285              3506   +INF  FALL       1
I__113/I                                   LocalMux                       0              3506   +INF  FALL       1
I__113/O                                   LocalMux                     768              4274   +INF  FALL       1
I__114/I                                   IoInMux                        0              4274   +INF  FALL       1
I__114/O                                   IoInMux                      503              4778   +INF  FALL       1
o_send_pl_ready_obuf_preio/DOUT0           PRE_IO_PIN_TYPE_011001         0              4778   +INF  FALL       1
o_send_pl_ready_obuf_preio/PADOUT          PRE_IO_PIN_TYPE_011001       768              5546   +INF  FALL       1
o_send_pl_ready_obuf_iopad/DIN             IO_PAD                         0              5546   +INF  FALL       1
o_send_pl_ready_obuf_iopad/PACKAGEPIN:out  IO_PAD                      2088              7634   +INF  FALL       1
o_send_pl_ready                            tx_mux                         0              7634   +INF  FALL       1


++++ Path 3 ++++++++++++++++++++++++++++++++++++++++++++++++++++++++++ 

Path Begin       : i_resp_pl_valid
Path End         : o_pl_valid
Hold Constraint  : -INF
Path slack       : +INF

End-of-path required time (ps)           +INF

Launch Clock Arrival Time (DEFAULT:R#0)       0
+ Launch Clock Source Latency                 0
+ Input Delay                                 0
+ Data Path Delay                         11008
---------------------------------------   ----- 
End-of-path arrival time (ps)             11008
 
Data path
pin name                                  model name                 delay  cumulative delay  slack  edge  Fanout
----------------------------------------  -------------------------  -----  ----------------  -----  ----  ------
i_resp_pl_valid                           tx_mux                         0                 0   +INF  RISE       1
i_resp_pl_valid_ibuf_iopad/PACKAGEPIN:in  IO_PAD                         0                 0   +INF  RISE       1
i_resp_pl_valid_ibuf_iopad/DOUT           IO_PAD                       510               510   +INF  RISE       1
i_resp_pl_valid_ibuf_preio/PADIN          PRE_IO_PIN_TYPE_000001         0               510   +INF  RISE       1
i_resp_pl_valid_ibuf_preio/DIN0           PRE_IO_PIN_TYPE_000001       490              1000   +INF  FALL       1
I__89/I                                   Odrv4                          0              1000   +INF  FALL       1
I__89/O                                   Odrv4                        649              1649   +INF  FALL       1
I__90/I                                   Span4Mux_h                     0              1649   +INF  FALL       1
I__90/O                                   Span4Mux_h                   543              2192   +INF  FALL       1
I__91/I                                   LocalMux                       0              2192   +INF  FALL       1
I__91/O                                   LocalMux                     768              2960   +INF  FALL       1
I__92/I                                   InMux                          0              2960   +INF  FALL       1
I__92/O                                   InMux                        503              3464   +INF  FALL       1
o_pl_valid_obuf_RNO_LC_13_30_2/in0        LogicCell40_SEQ_MODE_0000      0              3464   +INF  FALL       1
o_pl_valid_obuf_RNO_LC_13_30_2/lcout      LogicCell40_SEQ_MODE_0000   1285              4748   +INF  FALL       1
I__82/I                                   Odrv4                          0              4748   +INF  FALL       1
I__82/O                                   Odrv4                        649              5397   +INF  FALL       1
I__83/I                                   IoSpan4Mux                     0              5397   +INF  FALL       1
I__83/O                                   IoSpan4Mux                   742              6139   +INF  FALL       1
I__84/I                                   IoSpan4Mux                     0              6139   +INF  FALL       1
I__84/O                                   IoSpan4Mux                   742              6881   +INF  FALL       1
I__85/I                                   LocalMux                       0              6881   +INF  FALL       1
I__85/O                                   LocalMux                     768              7649   +INF  FALL       1
I__86/I                                   IoInMux                        0              7649   +INF  FALL       1
I__86/O                                   IoInMux                      503              8152   +INF  FALL       1
o_pl_valid_obuf_preio/DOUT0               PRE_IO_PIN_TYPE_011001         0              8152   +INF  FALL       1
o_pl_valid_obuf_preio/PADOUT              PRE_IO_PIN_TYPE_011001       768              8920   +INF  FALL       1
o_pl_valid_obuf_iopad/DIN                 IO_PAD                         0              8920   +INF  FALL       1
o_pl_valid_obuf_iopad/PACKAGEPIN:out      IO_PAD                      2088             11008   +INF  FALL       1
o_pl_valid                                tx_mux                         0             11008   +INF  FALL       1


++++ Path 4 ++++++++++++++++++++++++++++++++++++++++++++++++++++++++++ 

Path Begin       : i_grant_sel
Path End         : o_pl_byte[6]
Hold Constraint  : -INF
Path slack       : +INF

End-of-path required time (ps)           +INF

Launch Clock Arrival Time (DEFAULT:R#0)       0
+ Launch Clock Source Latency                 0
+ Input Delay                                 0
+ Data Path Delay                         10637
---------------------------------------   ----- 
End-of-path arrival time (ps)             10637
 
Data path
pin name                               model name                 delay  cumulative delay  slack  edge  Fanout
-------------------------------------  -------------------------  -----  ----------------  -----  ----  ------
i_grant_sel                            tx_mux                         0                 0   +INF  RISE       1
i_grant_sel_ibuf_iopad/PACKAGEPIN:in   IO_PAD                         0                 0   +INF  RISE       1
i_grant_sel_ibuf_iopad/DOUT            IO_PAD                       510               510   +INF  RISE       1
i_grant_sel_ibuf_preio/PADIN           PRE_IO_PIN_TYPE_000001         0               510   +INF  RISE       1
i_grant_sel_ibuf_preio/DIN0            PRE_IO_PIN_TYPE_000001       490              1000   +INF  FALL       1
I__115/I                               Odrv4                          0              1000   +INF  FALL       1
I__115/O                               Odrv4                        649              1649   +INF  FALL       1
I__117/I                               IoSpan4Mux                     0              1649   +INF  FALL       1
I__117/O                               IoSpan4Mux                   742              2391   +INF  FALL       1
I__119/I                               Span4Mux_h                     0              2391   +INF  FALL       1
I__119/O                               Span4Mux_h                   543              2934   +INF  FALL       1
I__121/I                               LocalMux                       0              2934   +INF  FALL       1
I__121/O                               LocalMux                     768              3702   +INF  FALL       1
I__124/I                               InMux                          0              3702   +INF  FALL       1
I__124/O                               InMux                        503              4205   +INF  FALL       1
o_pl_byte_obuf_RNO_6_LC_13_30_0/in3    LogicCell40_SEQ_MODE_0000      0              4205   +INF  FALL       1
o_pl_byte_obuf_RNO_6_LC_13_30_0/lcout  LogicCell40_SEQ_MODE_0000    874              5079   +INF  FALL       1
I__103/I                               Odrv12                         0              5079   +INF  FALL       1
I__103/O                               Odrv12                      1232              6311   +INF  FALL       1
I__104/I                               Span12Mux_s0_v                 0              6311   +INF  FALL       1
I__104/O                               Span12Mux_s0_v               199              6510   +INF  FALL       1
I__105/I                               LocalMux                       0              6510   +INF  FALL       1
I__105/O                               LocalMux                     768              7278   +INF  FALL       1
I__106/I                               IoInMux                        0              7278   +INF  FALL       1
I__106/O                               IoInMux                      503              7781   +INF  FALL       1
o_pl_byte_obuf_6_preio/DOUT0           PRE_IO_PIN_TYPE_011001         0              7781   +INF  FALL       1
o_pl_byte_obuf_6_preio/PADOUT          PRE_IO_PIN_TYPE_011001       768              8549   +INF  FALL       1
o_pl_byte_obuf_6_iopad/DIN             IO_PAD                         0              8549   +INF  FALL       1
o_pl_byte_obuf_6_iopad/PACKAGEPIN:out  IO_PAD                      2088             10637   +INF  FALL       1
o_pl_byte[6]                           tx_mux                         0             10637   +INF  FALL       1


++++ Path 5 ++++++++++++++++++++++++++++++++++++++++++++++++++++++++++ 

Path Begin       : i_grant_sel
Path End         : o_pl_byte[7]
Hold Constraint  : -INF
Path slack       : +INF

End-of-path required time (ps)           +INF

Launch Clock Arrival Time (DEFAULT:R#0)       0
+ Launch Clock Source Latency                 0
+ Input Delay                                 0
+ Data Path Delay                         10958
---------------------------------------   ----- 
End-of-path arrival time (ps)             10958
 
Data path
pin name                               model name                 delay  cumulative delay  slack  edge  Fanout
-------------------------------------  -------------------------  -----  ----------------  -----  ----  ------
i_grant_sel                            tx_mux                         0                 0   +INF  FALL       1
i_grant_sel_ibuf_iopad/PACKAGEPIN:in   IO_PAD                         0                 0   +INF  FALL       1
i_grant_sel_ibuf_iopad/DOUT            IO_PAD                       460               460   +INF  FALL       1
i_grant_sel_ibuf_preio/PADIN           PRE_IO_PIN_TYPE_000001         0               460   +INF  FALL       1
i_grant_sel_ibuf_preio/DIN0            PRE_IO_PIN_TYPE_000001       490               950   +INF  FALL       1
I__115/I                               Odrv4                          0               950   +INF  FALL       1
I__115/O                               Odrv4                        649              1599   +INF  FALL       1
I__117/I                               IoSpan4Mux                     0              1599   +INF  FALL       1
I__117/O                               IoSpan4Mux                   742              2341   +INF  FALL       1
I__119/I                               Span4Mux_h                     0              2341   +INF  FALL       1
I__119/O                               Span4Mux_h                   543              2884   +INF  FALL       1
I__121/I                               LocalMux                       0              2884   +INF  FALL       1
I__121/O                               LocalMux                     768              3652   +INF  FALL       1
I__125/I                               InMux                          0              3652   +INF  FALL       1
I__125/O                               InMux                        503              4155   +INF  FALL       1
o_pl_byte_obuf_RNO_7_LC_13_30_1/in0    LogicCell40_SEQ_MODE_0000      0              4155   +INF  FALL       1
o_pl_byte_obuf_RNO_7_LC_13_30_1/lcout  LogicCell40_SEQ_MODE_0000   1285              5440   +INF  FALL       1
I__93/I                                Odrv4                          0              5440   +INF  FALL       1
I__93/O                                Odrv4                        649              6089   +INF  FALL       1
I__94/I                                IoSpan4Mux                     0              6089   +INF  FALL       1
I__94/O                                IoSpan4Mux                   742              6831   +INF  FALL       1
I__95/I                                LocalMux                       0              6831   +INF  FALL       1
I__95/O                                LocalMux                     768              7599   +INF  FALL       1
I__96/I                                IoInMux                        0              7599   +INF  FALL       1
I__96/O                                IoInMux                      503              8102   +INF  FALL       1
o_pl_byte_obuf_7_preio/DOUT0           PRE_IO_PIN_TYPE_011001         0              8102   +INF  FALL       1
o_pl_byte_obuf_7_preio/PADOUT          PRE_IO_PIN_TYPE_011001       768              8870   +INF  FALL       1
o_pl_byte_obuf_7_iopad/DIN             IO_PAD                         0              8870   +INF  FALL       1
o_pl_byte_obuf_7_iopad/PACKAGEPIN:out  IO_PAD                      2088             10958   +INF  FALL       1
o_pl_byte[7]                           tx_mux                         0             10958   +INF  FALL       1


++++ Path 6 ++++++++++++++++++++++++++++++++++++++++++++++++++++++++++ 

Path Begin       : i_send_pl_byte[5]
Path End         : o_pl_byte[5]
Hold Constraint  : -INF
Path slack       : +INF

End-of-path required time (ps)           +INF

Launch Clock Arrival Time (DEFAULT:R#0)       0
+ Launch Clock Source Latency                 0
+ Input Delay                                 0
+ Data Path Delay                         13949
---------------------------------------   ----- 
End-of-path arrival time (ps)             13949
 
Data path
pin name                                   model name                 delay  cumulative delay  slack  edge  Fanout
-----------------------------------------  -------------------------  -----  ----------------  -----  ----  ------
i_send_pl_byte[5]                          tx_mux                         0                 0   +INF  RISE       1
i_send_pl_byte_ibuf_5_iopad/PACKAGEPIN:in  IO_PAD                         0                 0   +INF  RISE       1
i_send_pl_byte_ibuf_5_iopad/DOUT           IO_PAD                       510               510   +INF  RISE       1
i_send_pl_byte_ibuf_5_preio/PADIN          PRE_IO_PIN_TYPE_000001         0               510   +INF  RISE       1
i_send_pl_byte_ibuf_5_preio/DIN0           PRE_IO_PIN_TYPE_000001       490              1000   +INF  FALL       1
I__67/I                                    Odrv4                          0              1000   +INF  FALL       1
I__67/O                                    Odrv4                        649              1649   +INF  FALL       1
I__68/I                                    Span4Mux_h                     0              1649   +INF  FALL       1
I__68/O                                    Span4Mux_h                   543              2192   +INF  FALL       1
I__69/I                                    LocalMux                       0              2192   +INF  FALL       1
I__69/O                                    LocalMux                     768              2960   +INF  FALL       1
I__70/I                                    InMux                          0              2960   +INF  FALL       1
I__70/O                                    InMux                        503              3464   +INF  FALL       1
o_pl_byte_obuf_RNO_5_LC_18_1_1/in1         LogicCell40_SEQ_MODE_0000      0              3464   +INF  FALL       1
o_pl_byte_obuf_RNO_5_LC_18_1_1/lcout       LogicCell40_SEQ_MODE_0000   1232              4695   +INF  FALL       1
I__55/I                                    Odrv12                         0              4695   +INF  FALL       1
I__55/O                                    Odrv12                      1232              5927   +INF  FALL       1
I__56/I                                    Span12Mux_v                    0              5927   +INF  FALL       1
I__56/O                                    Span12Mux_v                 1073              7000   +INF  FALL       1
I__57/I                                    Sp12to4                        0              7000   +INF  FALL       1
I__57/O                                    Sp12to4                      848              7847   +INF  FALL       1
I__58/I                                    Span4Mux_v                     0              7847   +INF  FALL       1
I__58/O                                    Span4Mux_v                   649              8496   +INF  FALL       1
I__59/I                                    Span4Mux_s3_v                  0              8496   +INF  FALL       1
I__59/O                                    Span4Mux_s3_v                583              9079   +INF  FALL       1
I__60/I                                    IoSpan4Mux                     0              9079   +INF  FALL       1
I__60/O                                    IoSpan4Mux                   742              9821   +INF  FALL       1
I__61/I                                    LocalMux                       0              9821   +INF  FALL       1
I__61/O                                    LocalMux                     768             10589   +INF  FALL       1
I__62/I                                    IoInMux                        0             10589   +INF  FALL       1
I__62/O                                    IoInMux                      503             11092   +INF  FALL       1
o_pl_byte_obuf_5_preio/DOUT0               PRE_IO_PIN_TYPE_011001         0             11092   +INF  FALL       1
o_pl_byte_obuf_5_preio/PADOUT              PRE_IO_PIN_TYPE_011001       768             11861   +INF  FALL       1
o_pl_byte_obuf_5_iopad/DIN                 IO_PAD                         0             11861   +INF  FALL       1
o_pl_byte_obuf_5_iopad/PACKAGEPIN:out      IO_PAD                      2088             13949   +INF  FALL       1
o_pl_byte[5]                               tx_mux                         0             13949   +INF  FALL       1


++++ Path 7 ++++++++++++++++++++++++++++++++++++++++++++++++++++++++++ 

Path Begin       : i_send_pl_byte[4]
Path End         : o_pl_byte[4]
Hold Constraint  : -INF
Path slack       : +INF

End-of-path required time (ps)           +INF

Launch Clock Arrival Time (DEFAULT:R#0)      0
+ Launch Clock Source Latency                0
+ Input Delay                                0
+ Data Path Delay                         9366
---------------------------------------   ---- 
End-of-path arrival time (ps)             9366
 
Data path
pin name                                   model name                 delay  cumulative delay  slack  edge  Fanout
-----------------------------------------  -------------------------  -----  ----------------  -----  ----  ------
i_send_pl_byte[4]                          tx_mux                         0                 0   +INF  RISE       1
i_send_pl_byte_ibuf_4_iopad/PACKAGEPIN:in  IO_PAD                         0                 0   +INF  RISE       1
i_send_pl_byte_ibuf_4_iopad/DOUT           IO_PAD                       510               510   +INF  RISE       1
i_send_pl_byte_ibuf_4_preio/PADIN          PRE_IO_PIN_TYPE_000001         0               510   +INF  RISE       1
i_send_pl_byte_ibuf_4_preio/DIN0           PRE_IO_PIN_TYPE_000001       490              1000   +INF  FALL       1
I__149/I                                   LocalMux                       0              1000   +INF  FALL       1
I__149/O                                   LocalMux                     768              1768   +INF  FALL       1
I__150/I                                   InMux                          0              1768   +INF  FALL       1
I__150/O                                   InMux                        503              2272   +INF  FALL       1
o_pl_byte_obuf_RNO_4_LC_18_1_6/in1         LogicCell40_SEQ_MODE_0000      0              2272   +INF  FALL       1
o_pl_byte_obuf_RNO_4_LC_18_1_6/lcout       LogicCell40_SEQ_MODE_0000   1232              3503   +INF  FALL       1
I__144/I                                   Odrv4                          0              3503   +INF  FALL       1
I__144/O                                   Odrv4                        649              4152   +INF  FALL       1
I__145/I                                   Span4Mux_s0_v                  0              4152   +INF  FALL       1
I__145/O                                   Span4Mux_s0_v                344              4497   +INF  FALL       1
I__146/I                                   IoSpan4Mux                     0              4497   +INF  FALL       1
I__146/O                                   IoSpan4Mux                   742              5238   +INF  FALL       1
I__147/I                                   LocalMux                       0              5238   +INF  FALL       1
I__147/O                                   LocalMux                     768              6006   +INF  FALL       1
I__148/I                                   IoInMux                        0              6006   +INF  FALL       1
I__148/O                                   IoInMux                      503              6510   +INF  FALL       1
o_pl_byte_obuf_4_preio/DOUT0               PRE_IO_PIN_TYPE_011001         0              6510   +INF  FALL       1
o_pl_byte_obuf_4_preio/PADOUT              PRE_IO_PIN_TYPE_011001       768              7278   +INF  FALL       1
o_pl_byte_obuf_4_iopad/DIN                 IO_PAD                         0              7278   +INF  FALL       1
o_pl_byte_obuf_4_iopad/PACKAGEPIN:out      IO_PAD                      2088              9366   +INF  FALL       1
o_pl_byte[4]                               tx_mux                         0              9366   +INF  FALL       1


++++ Path 8 ++++++++++++++++++++++++++++++++++++++++++++++++++++++++++ 

Path Begin       : i_send_pl_byte[3]
Path End         : o_pl_byte[3]
Hold Constraint  : -INF
Path slack       : +INF

End-of-path required time (ps)           +INF

Launch Clock Arrival Time (DEFAULT:R#0)      0
+ Launch Clock Source Latency                0
+ Input Delay                                0
+ Data Path Delay                         9167
---------------------------------------   ---- 
End-of-path arrival time (ps)             9167
 
Data path
pin name                                   model name                 delay  cumulative delay  slack  edge  Fanout
-----------------------------------------  -------------------------  -----  ----------------  -----  ----  ------
i_send_pl_byte[3]                          tx_mux                         0                 0   +INF  RISE       1
i_send_pl_byte_ibuf_3_iopad/PACKAGEPIN:in  IO_PAD                         0                 0   +INF  RISE       1
i_send_pl_byte_ibuf_3_iopad/DOUT           IO_PAD                       510               510   +INF  RISE       1
i_send_pl_byte_ibuf_3_preio/PADIN          PRE_IO_PIN_TYPE_000001         0               510   +INF  RISE       1
i_send_pl_byte_ibuf_3_preio/DIN0           PRE_IO_PIN_TYPE_000001       490              1000   +INF  FALL       1
I__165/I                                   LocalMux                       0              1000   +INF  FALL       1
I__165/O                                   LocalMux                     768              1768   +INF  FALL       1
I__166/I                                   InMux                          0              1768   +INF  FALL       1
I__166/O                                   InMux                        503              2272   +INF  FALL       1
o_pl_byte_obuf_RNO_3_LC_18_1_5/in1         LogicCell40_SEQ_MODE_0000      0              2272   +INF  FALL       1
o_pl_byte_obuf_RNO_3_LC_18_1_5/lcout       LogicCell40_SEQ_MODE_0000   1232              3503   +INF  FALL       1
I__155/I                                   Odrv4                          0              3503   +INF  FALL       1
I__155/O                                   Odrv4                        649              4152   +INF  FALL       1
I__156/I                                   Span4Mux_h                     0              4152   +INF  FALL       1
I__156/O                                   Span4Mux_h                   543              4695   +INF  FALL       1
I__157/I                                   Span4Mux_s0_v                  0              4695   +INF  FALL       1
I__157/O                                   Span4Mux_s0_v                344              5040   +INF  FALL       1
I__158/I                                   LocalMux                       0              5040   +INF  FALL       1
I__158/O                                   LocalMux                     768              5808   +INF  FALL       1
I__159/I                                   IoInMux                        0              5808   +INF  FALL       1
I__159/O                                   IoInMux                      503              6311   +INF  FALL       1
o_pl_byte_obuf_3_preio/DOUT0               PRE_IO_PIN_TYPE_011001         0              6311   +INF  FALL       1
o_pl_byte_obuf_3_preio/PADOUT              PRE_IO_PIN_TYPE_011001       768              7079   +INF  FALL       1
o_pl_byte_obuf_3_iopad/DIN                 IO_PAD                         0              7079   +INF  FALL       1
o_pl_byte_obuf_3_iopad/PACKAGEPIN:out      IO_PAD                      2088              9167   +INF  FALL       1
o_pl_byte[3]                               tx_mux                         0              9167   +INF  FALL       1


++++ Path 9 ++++++++++++++++++++++++++++++++++++++++++++++++++++++++++ 

Path Begin       : i_send_pl_byte[2]
Path End         : o_pl_byte[2]
Hold Constraint  : -INF
Path slack       : +INF

End-of-path required time (ps)           +INF

Launch Clock Arrival Time (DEFAULT:R#0)       0
+ Launch Clock Source Latency                 0
+ Input Delay                                 0
+ Data Path Delay                         10108
---------------------------------------   ----- 
End-of-path arrival time (ps)             10108
 
Data path
pin name                                   model name                 delay  cumulative delay  slack  edge  Fanout
-----------------------------------------  -------------------------  -----  ----------------  -----  ----  ------
i_send_pl_byte[2]                          tx_mux                         0                 0   +INF  RISE       1
i_send_pl_byte_ibuf_2_iopad/PACKAGEPIN:in  IO_PAD                         0                 0   +INF  RISE       1
i_send_pl_byte_ibuf_2_iopad/DOUT           IO_PAD                       510               510   +INF  RISE       1
i_send_pl_byte_ibuf_2_preio/PADIN          PRE_IO_PIN_TYPE_000001         0               510   +INF  RISE       1
i_send_pl_byte_ibuf_2_preio/DIN0           PRE_IO_PIN_TYPE_000001       490              1000   +INF  FALL       1
I__178/I                                   LocalMux                       0              1000   +INF  FALL       1
I__178/O                                   LocalMux                     768              1768   +INF  FALL       1
I__179/I                                   InMux                          0              1768   +INF  FALL       1
I__179/O                                   InMux                        503              2272   +INF  FALL       1
o_pl_byte_obuf_RNO_2_LC_18_1_4/in0         LogicCell40_SEQ_MODE_0000      0              2272   +INF  FALL       1
o_pl_byte_obuf_RNO_2_LC_18_1_4/lcout       LogicCell40_SEQ_MODE_0000   1285              3556   +INF  FALL       1
I__167/I                                   Odrv12                         0              3556   +INF  FALL       1
I__167/O                                   Odrv12                      1232              4788   +INF  FALL       1
I__168/I                                   Sp12to4                        0              4788   +INF  FALL       1
I__168/O                                   Sp12to4                      848              5636   +INF  FALL       1
I__169/I                                   Span4Mux_s0_v                  0              5636   +INF  FALL       1
I__169/O                                   Span4Mux_s0_v                344              5980   +INF  FALL       1
I__170/I                                   LocalMux                       0              5980   +INF  FALL       1
I__170/O                                   LocalMux                     768              6748   +INF  FALL       1
I__171/I                                   IoInMux                        0              6748   +INF  FALL       1
I__171/O                                   IoInMux                      503              7251   +INF  FALL       1
o_pl_byte_obuf_2_preio/DOUT0               PRE_IO_PIN_TYPE_011001         0              7251   +INF  FALL       1
o_pl_byte_obuf_2_preio/PADOUT              PRE_IO_PIN_TYPE_011001       768              8020   +INF  FALL       1
o_pl_byte_obuf_2_iopad/DIN                 IO_PAD                         0              8020   +INF  FALL       1
o_pl_byte_obuf_2_iopad/PACKAGEPIN:out      IO_PAD                      2088             10108   +INF  FALL       1
o_pl_byte[2]                               tx_mux                         0             10108   +INF  FALL       1


++++ Path 10 ++++++++++++++++++++++++++++++++++++++++++++++++++++++++++ 

Path Begin       : i_send_pl_byte[1]
Path End         : o_pl_byte[1]
Hold Constraint  : -INF
Path slack       : +INF

End-of-path required time (ps)           +INF

Launch Clock Arrival Time (DEFAULT:R#0)      0
+ Launch Clock Source Latency                0
+ Input Delay                                0
+ Data Path Delay                         9061
---------------------------------------   ---- 
End-of-path arrival time (ps)             9061
 
Data path
pin name                                   model name                 delay  cumulative delay  slack  edge  Fanout
-----------------------------------------  -------------------------  -----  ----------------  -----  ----  ------
i_send_pl_byte[1]                          tx_mux                         0                 0   +INF  RISE       1
i_send_pl_byte_ibuf_1_iopad/PACKAGEPIN:in  IO_PAD                         0                 0   +INF  RISE       1
i_send_pl_byte_ibuf_1_iopad/DOUT           IO_PAD                       510               510   +INF  RISE       1
i_send_pl_byte_ibuf_1_preio/PADIN          PRE_IO_PIN_TYPE_000001         0               510   +INF  RISE       1
i_send_pl_byte_ibuf_1_preio/DIN0           PRE_IO_PIN_TYPE_000001       490              1000   +INF  FALL       1
I__53/I                                    LocalMux                       0              1000   +INF  FALL       1
I__53/O                                    LocalMux                     768              1768   +INF  FALL       1
I__54/I                                    InMux                          0              1768   +INF  FALL       1
I__54/O                                    InMux                        503              2272   +INF  FALL       1
o_pl_byte_obuf_RNO_1_LC_18_1_3/in1         LogicCell40_SEQ_MODE_0000      0              2272   +INF  FALL       1
o_pl_byte_obuf_RNO_1_LC_18_1_3/lcout       LogicCell40_SEQ_MODE_0000   1232              3503   +INF  FALL       1
I__45/I                                    Odrv12                         0              3503   +INF  FALL       1
I__45/O                                    Odrv12                      1232              4735   +INF  FALL       1
I__46/I                                    Span12Mux_s0_v                 0              4735   +INF  FALL       1
I__46/O                                    Span12Mux_s0_v               199              4934   +INF  FALL       1
I__47/I                                    LocalMux                       0              4934   +INF  FALL       1
I__47/O                                    LocalMux                     768              5702   +INF  FALL       1
I__48/I                                    IoInMux                        0              5702   +INF  FALL       1
I__48/O                                    IoInMux                      503              6205   +INF  FALL       1
o_pl_byte_obuf_1_preio/DOUT0               PRE_IO_PIN_TYPE_011001         0              6205   +INF  FALL       1
o_pl_byte_obuf_1_preio/PADOUT              PRE_IO_PIN_TYPE_011001       768              6973   +INF  FALL       1
o_pl_byte_obuf_1_iopad/DIN                 IO_PAD                         0              6973   +INF  FALL       1
o_pl_byte_obuf_1_iopad/PACKAGEPIN:out      IO_PAD                      2088              9061   +INF  FALL       1
o_pl_byte[1]                               tx_mux                         0              9061   +INF  FALL       1


++++ Path 11 ++++++++++++++++++++++++++++++++++++++++++++++++++++++++++ 

Path Begin       : i_send_pl_byte[0]
Path End         : o_pl_byte[0]
Hold Constraint  : -INF
Path slack       : +INF

End-of-path required time (ps)           +INF

Launch Clock Arrival Time (DEFAULT:R#0)      0
+ Launch Clock Source Latency                0
+ Input Delay                                0
+ Data Path Delay                         8624
---------------------------------------   ---- 
End-of-path arrival time (ps)             8624
 
Data path
pin name                                   model name                 delay  cumulative delay  slack  edge  Fanout
-----------------------------------------  -------------------------  -----  ----------------  -----  ----  ------
i_send_pl_byte[0]                          tx_mux                         0                 0   +INF  RISE       1
i_send_pl_byte_ibuf_0_iopad/PACKAGEPIN:in  IO_PAD                         0                 0   +INF  RISE       1
i_send_pl_byte_ibuf_0_iopad/DOUT           IO_PAD                       510               510   +INF  RISE       1
i_send_pl_byte_ibuf_0_preio/PADIN          PRE_IO_PIN_TYPE_000001         0               510   +INF  RISE       1
i_send_pl_byte_ibuf_0_preio/DIN0           PRE_IO_PIN_TYPE_000001       490              1000   +INF  FALL       1
I__75/I                                    LocalMux                       0              1000   +INF  FALL       1
I__75/O                                    LocalMux                     768              1768   +INF  FALL       1
I__76/I                                    InMux                          0              1768   +INF  FALL       1
I__76/O                                    InMux                        503              2272   +INF  FALL       1
o_pl_byte_obuf_RNO_0_LC_18_1_0/in1         LogicCell40_SEQ_MODE_0000      0              2272   +INF  FALL       1
o_pl_byte_obuf_RNO_0_LC_18_1_0/lcout       LogicCell40_SEQ_MODE_0000   1232              3503   +INF  FALL       1
I__71/I                                    Odrv4                          0              3503   +INF  FALL       1
I__71/O                                    Odrv4                        649              4152   +INF  FALL       1
I__72/I                                    Span4Mux_s0_v                  0              4152   +INF  FALL       1
I__72/O                                    Span4Mux_s0_v                344              4497   +INF  FALL       1
I__73/I                                    LocalMux                       0              4497   +INF  FALL       1
I__73/O                                    LocalMux                     768              5265   +INF  FALL       1
I__74/I                                    IoInMux                        0              5265   +INF  FALL       1
I__74/O                                    IoInMux                      503              5768   +INF  FALL       1
o_pl_byte_obuf_0_preio/DOUT0               PRE_IO_PIN_TYPE_011001         0              5768   +INF  FALL       1
o_pl_byte_obuf_0_preio/PADOUT              PRE_IO_PIN_TYPE_011001       768              6536   +INF  FALL       1
o_pl_byte_obuf_0_iopad/DIN                 IO_PAD                         0              6536   +INF  FALL       1
o_pl_byte_obuf_0_iopad/PACKAGEPIN:out      IO_PAD                      2088              8624   +INF  FALL       1
o_pl_byte[0]                               tx_mux                         0              8624   +INF  FALL       1

===================================================================== 
                    End of Detailed Hold Report for all timing paths 
##################################################################### 

##################################################################### 
                    End of Timing Report 
##################################################################### 

